ÁöÁ¡,ÁöÁ¡¸í,ÀÏ½Ã,±â¿Â(¡ÆC),°­¼ö·®(mm),Ç³¼Ó(m/s),Ç³Çâ(16¹æÀ§),½Àµµ(%),ÇöÁö±â¾Ð(hPa),ÀÏÁ¶(hr),ÀÏ»ç(MJ/m2),Àû¼³(cm),Àü¿î·®(10ºÐÀ§)
266,±¤¾ç½Ã,2024-06-01 00:00,18.8,,2.1,270,58,1000.4,,,,0
266,±¤¾ç½Ã,2024-06-01 01:00,17.4,,1.8,290,60,1000.3,,,,0
266,±¤¾ç½Ã,2024-06-01 02:00,17.7,,2.7,290,51,1000.5,,,,4
266,±¤¾ç½Ã,2024-06-01 03:00,17.7,,.7,270,49,1000.5,,,,7
266,±¤¾ç½Ã,2024-06-01 04:00,17.9,,1.3,270,51,1000.3,,,,8
266,±¤¾ç½Ã,2024-06-01 05:00,17.2,,2,270,55,1000.6,,,,8
266,±¤¾ç½Ã,2024-06-01 06:00,17.3,,1.6,270,59,1000.6,0,.05,,8
266,±¤¾ç½Ã,2024-06-01 07:00,18.6,,1,290,67,1000.8,.2,.38,,9
266,±¤¾ç½Ã,2024-06-01 08:00,20.3,,2.8,320,68,1000.7,.3,.84,,7
266,±¤¾ç½Ã,2024-06-01 09:00,21.5,,3.5,290,59,1001,1,1.92,,5
266,±¤¾ç½Ã,2024-06-01 10:00,22.5,,3.4,290,57,1000.8,1,2.61,,4
266,±¤¾ç½Ã,2024-06-01 11:00,23.3,,2.7,290,53,1000.6,1,2.87,,6
266,±¤¾ç½Ã,2024-06-01 12:00,24.4,,3.6,290,50,999.9,1,3.54,,7
266,±¤¾ç½Ã,2024-06-01 13:00,25.2,,3.6,290,51,999.4,1,3.44,,2
266,±¤¾ç½Ã,2024-06-01 14:00,25.5,,3.6,320,46,998.8,1,3.61,,3
266,±¤¾ç½Ã,2024-06-01 15:00,26.7,,2.2,270,44,998.8,1,3.24,,4
266,±¤¾ç½Ã,2024-06-01 16:00,26.1,,3.3,290,44,998.5,1,2.73,,2
266,±¤¾ç½Ã,2024-06-01 17:00,26.1,,2.6,290,46,998.4,1,1.98,,2
266,±¤¾ç½Ã,2024-06-01 18:00,24.7,,1.8,320,49,998.3,1,1.23,,0
266,±¤¾ç½Ã,2024-06-01 19:00,22.6,,2.7,320,50,998.5,.4,.37,,0
266,±¤¾ç½Ã,2024-06-01 20:00,21,,2.3,250,50,998.7,0,.03,,0
266,±¤¾ç½Ã,2024-06-01 21:00,20.2,,3.3,270,53,999.5,,,,1
266,±¤¾ç½Ã,2024-06-01 22:00,19.5,,3.9,270,53,999.8,,,,3
266,±¤¾ç½Ã,2024-06-01 23:00,18.6,,2.7,270,56,1000.5,,,,3
266,±¤¾ç½Ã,2024-06-02 00:00,18,,2.4,290,56,1000.1,,,,0
266,±¤¾ç½Ã,2024-06-02 01:00,17.3,,2.1,290,58,1000.3,,,,3
266,±¤¾ç½Ã,2024-06-02 02:00,16.4,,1.4,320,62,1000.5,,,,5
266,±¤¾ç½Ã,2024-06-02 03:00,16.3,,.7,320,62,1000.3,,,,8
266,±¤¾ç½Ã,2024-06-02 04:00,15.6,,1.3,290,67,1000.6,,,,8
266,±¤¾ç½Ã,2024-06-02 05:00,15.2,,1.8,290,69,1000.7,,,,4
266,±¤¾ç½Ã,2024-06-02 06:00,15.2,,2.3,290,73,1001.2,.2,.08,,5
266,±¤¾ç½Ã,2024-06-02 07:00,17.3,,1.4,290,65,1001.4,1,.56,,6
266,±¤¾ç½Ã,2024-06-02 08:00,19.7,,.5,110,55,1001.4,1,1.15,,8
266,±¤¾ç½Ã,2024-06-02 09:00,20.7,,.5,270,56,1001.4,1,1.59,,8
266,±¤¾ç½Ã,2024-06-02 10:00,22.7,,1.3,230,52,1001,1,2.39,,7
266,±¤¾ç½Ã,2024-06-02 11:00,23.6,,1.9,180,40,1000.3,1,2.84,,7
266,±¤¾ç½Ã,2024-06-02 12:00,25,,1.7,160,40,1000,1,3.33,,7
266,±¤¾ç½Ã,2024-06-02 13:00,25.5,,1.8,90,38,999.1,1,3.18,,7
266,±¤¾ç½Ã,2024-06-02 14:00,26.3,,2.4,180,37,998.8,.8,2.65,,8
266,±¤¾ç½Ã,2024-06-02 15:00,26.6,,1.9,160,40,998.5,.5,2.06,,7
266,±¤¾ç½Ã,2024-06-02 16:00,27.9,,2.9,270,30,998,1,2.63,,3
266,±¤¾ç½Ã,2024-06-02 17:00,26.1,,2.5,290,33,998,.5,1.45,,8
266,±¤¾ç½Ã,2024-06-02 18:00,25.4,,1.1,270,38,998,.6,.92,,8
266,±¤¾ç½Ã,2024-06-02 19:00,24.1,,2.1,290,41,998.6,.3,.43,,7
266,±¤¾ç½Ã,2024-06-02 20:00,21.6,,1.6,90,58,999.2,0,.06,,5
266,±¤¾ç½Ã,2024-06-02 21:00,19.9,,1.9,90,68,999.8,,,,7
266,±¤¾ç½Ã,2024-06-02 22:00,18.8,,1.9,90,79,1000.6,,,,6
266,±¤¾ç½Ã,2024-06-02 23:00,18.2,,2.5,70,81,1000.7,,,,7
266,±¤¾ç½Ã,2024-06-03 00:00,17.5,,2.1,50,82,1000.7,,,,7
266,±¤¾ç½Ã,2024-06-03 01:00,17,,1.1,70,82,1000.7,,,,6
266,±¤¾ç½Ã,2024-06-03 02:00,16.6,,.8,270,82,1000.6,,,,8
266,±¤¾ç½Ã,2024-06-03 03:00,16.1,,1,270,85,1000.7,,,,8
266,±¤¾ç½Ã,2024-06-03 04:00,15.8,,1.2,270,87,1000.7,,,,7
266,±¤¾ç½Ã,2024-06-03 05:00,15.1,,.7,320,89,1000.6,,,,0
266,±¤¾ç½Ã,2024-06-03 06:00,15.1,,0,0,90,1001,0,.05,,0
266,±¤¾ç½Ã,2024-06-03 07:00,16.4,,.5,70,90,1001.6,.2,.33,,0
266,±¤¾ç½Ã,2024-06-03 08:00,19.5,,2.4,90,75,1001.7,1,1.1,,0
266,±¤¾ç½Ã,2024-06-03 09:00,21.1,,1.9,90,72,1001.4,1,1.56,,1
266,±¤¾ç½Ã,2024-06-03 10:00,21.7,,1.8,70,68,1001.3,.8,1.97,,2
266,±¤¾ç½Ã,2024-06-03 11:00,23.3,,2,110,61,1001.1,1,2.79,,1
266,±¤¾ç½Ã,2024-06-03 12:00,24.1,,2.1,160,58,1000.7,1,3.34,,4
266,±¤¾ç½Ã,2024-06-03 13:00,24.9,,1.4,110,54,1000.4,1,3.31,,3
266,±¤¾ç½Ã,2024-06-03 14:00,24.3,,2.5,160,53,1000.2,.8,2.84,,4
266,±¤¾ç½Ã,2024-06-03 15:00,24,,2.1,180,56,1000,.4,1.82,,3
266,±¤¾ç½Ã,2024-06-03 16:00,23.9,,2.3,180,61,1000.1,.5,1.53,,4
266,±¤¾ç½Ã,2024-06-03 17:00,21.1,,2.7,110,69,1000.7,.2,.82,,7
266,±¤¾ç½Ã,2024-06-03 18:00,19.9,0,1.4,180,71,1001.1,0,.21,,9
266,±¤¾ç½Ã,2024-06-03 19:00,19.5,,1.7,180,71,1001.9,0,.08,,8
266,±¤¾ç½Ã,2024-06-03 20:00,19,,2.4,160,72,1002.4,0,.02,,7
266,±¤¾ç½Ã,2024-06-03 21:00,18.5,0,.4,0,79,1003.3,,,,10
266,±¤¾ç½Ã,2024-06-03 22:00,17.7,.1,1.5,290,90,1003.9,,,,10
266,±¤¾ç½Ã,2024-06-03 23:00,17.6,0,.5,320,89,1004.3,,,,10
266,±¤¾ç½Ã,2024-06-04 00:00,17.4,,1,270,90,1004.3,,,,9
266,±¤¾ç½Ã,2024-06-04 01:00,17.3,,.5,320,91,1004.2,,,,7
266,±¤¾ç½Ã,2024-06-04 02:00,17.2,,.2,0,90,1004.1,,,,7
266,±¤¾ç½Ã,2024-06-04 03:00,16.6,,.9,200,91,1004.2,,,,3
266,±¤¾ç½Ã,2024-06-04 04:00,16.3,,1.2,250,92,1004.1,,,,3
266,±¤¾ç½Ã,2024-06-04 05:00,15.9,,1.2,290,92,1004.5,,,,3
266,±¤¾ç½Ã,2024-06-04 06:00,15.9,,.8,290,93,1005.1,0,.05,,3
266,±¤¾ç½Ã,2024-06-04 07:00,17.8,,.6,270,85,1005.8,0,.41,,6
266,±¤¾ç½Ã,2024-06-04 08:00,20.4,,2.2,90,73,1006.3,1,1.26,,1
266,±¤¾ç½Ã,2024-06-04 09:00,21.9,,2.3,90,65,1006.3,.9,1.92,,1
266,±¤¾ç½Ã,2024-06-04 10:00,23,,2.4,90,59,1006.1,.9,2.64,,1
266,±¤¾ç½Ã,2024-06-04 11:00,24,,2.6,110,53,1006,1,3.25,,1
266,±¤¾ç½Ã,2024-06-04 12:00,24,,2.7,140,48,1005.7,.8,3.27,,4
266,±¤¾ç½Ã,2024-06-04 13:00,24.5,,2.2,110,46,1005.4,.7,3.2,,2
266,±¤¾ç½Ã,2024-06-04 14:00,24,,2.3,180,47,1005.1,.4,2.18,,1
266,±¤¾ç½Ã,2024-06-04 15:00,24.4,,2,160,50,1005.3,.8,2.59,,1
266,±¤¾ç½Ã,2024-06-04 16:00,24.7,,1.9,160,52,1005.5,1,2.57,,1
266,±¤¾ç½Ã,2024-06-04 17:00,24,,1.6,200,53,1005.7,1,1.89,,0
266,±¤¾ç½Ã,2024-06-04 18:00,23.2,,1.5,200,54,1005.8,1,1.21,,0
266,±¤¾ç½Ã,2024-06-04 19:00,21.2,,2.1,230,62,1006.4,.4,.37,,1
266,±¤¾ç½Ã,2024-06-04 20:00,19.4,,1.5,250,70,1006.9,0,.04,,0
266,±¤¾ç½Ã,2024-06-04 21:00,17.9,,.9,270,75,1008.1,,,,0
266,±¤¾ç½Ã,2024-06-04 22:00,17.2,,.8,270,81,1008.6,,,,0
266,±¤¾ç½Ã,2024-06-04 23:00,16.4,,1,270,85,1008.9,,,,0
266,±¤¾ç½Ã,2024-06-05 00:00,16.2,,.9,290,86,1008.8,,,,0
266,±¤¾ç½Ã,2024-06-05 01:00,16,,1.3,320,88,1008.7,,,,0
266,±¤¾ç½Ã,2024-06-05 02:00,15.6,,.7,320,88,1008.5,,,,0
266,±¤¾ç½Ã,2024-06-05 03:00,15.4,,.4,0,89,1008.5,,,,2
266,±¤¾ç½Ã,2024-06-05 04:00,14.8,,1.2,290,90,1008.7,,,,0
266,±¤¾ç½Ã,2024-06-05 05:00,14.5,,1,290,92,1008.7,,,,6
266,±¤¾ç½Ã,2024-06-05 06:00,14.6,,.5,290,93,1008.8,.3,.08,,5
266,±¤¾ç½Ã,2024-06-05 07:00,17.5,,.7,230,84,1009.1,1,.61,,5
266,±¤¾ç½Ã,2024-06-05 08:00,20.6,,1.7,70,68,1009.4,1,1.27,,7
266,±¤¾ç½Ã,2024-06-05 09:00,21.7,,3.1,90,63,1009.3,1,1.85,,7
266,±¤¾ç½Ã,2024-06-05 10:00,23.2,,2.3,90,62,1009.1,1,2.4,,7
266,±¤¾ç½Ã,2024-06-05 11:00,25.3,,1.6,70,49,1008.8,1,3.04,,7
266,±¤¾ç½Ã,2024-06-05 12:00,25,,2.7,110,50,1008.7,1,3.06,,7
266,±¤¾ç½Ã,2024-06-05 13:00,26.1,,2.1,110,50,1008.3,1,2.98,,6
266,±¤¾ç½Ã,2024-06-05 14:00,26.4,,2.4,90,47,1008,1,3.13,,8
266,±¤¾ç½Ã,2024-06-05 15:00,26.1,,2.5,110,46,1008,.8,2.29,,9
266,±¤¾ç½Ã,2024-06-05 16:00,25.5,,1,140,45,1008.1,0,1.39,,9
266,±¤¾ç½Ã,2024-06-05 17:00,23.5,,2.4,230,59,1008.1,0,1.03,,9
266,±¤¾ç½Ã,2024-06-05 18:00,23,,1,200,63,1008.2,0,.53,,9
266,±¤¾ç½Ã,2024-06-05 19:00,21.7,,.3,0,66,1008.1,0,.22,,9
266,±¤¾ç½Ã,2024-06-05 20:00,20.4,,.5,230,68,1008.5,0,.02,,9
266,±¤¾ç½Ã,2024-06-05 21:00,19.7,,.9,250,76,1009.1,,,,9
266,±¤¾ç½Ã,2024-06-05 22:00,19,,.5,140,75,1008.9,,,,10
266,±¤¾ç½Ã,2024-06-05 23:00,18.8,,1.1,90,80,1008.9,,,,10
266,±¤¾ç½Ã,2024-06-06 00:00,18.1,,.9,250,79,1009,,,,8
266,±¤¾ç½Ã,2024-06-06 01:00,17.8,,1.1,290,82,1008.8,,,,10
266,±¤¾ç½Ã,2024-06-06 02:00,17.6,,1.1,290,79,1008.6,,,,10
266,±¤¾ç½Ã,2024-06-06 03:00,17,,.3,0,80,1007.9,,,,10
266,±¤¾ç½Ã,2024-06-06 04:00,16.6,,1,290,83,1008.3,,,,8
266,±¤¾ç½Ã,2024-06-06 05:00,16.3,,.7,50,85,1008,,,,8
266,±¤¾ç½Ã,2024-06-06 06:00,16.5,,.4,0,84,1008.5,0,.02,,10
266,±¤¾ç½Ã,2024-06-06 07:00,16.8,,.6,50,84,1008.4,0,.12,,10
266,±¤¾ç½Ã,2024-06-06 08:00,17.5,,.8,70,81,1008.3,0,.25,,10
266,±¤¾ç½Ã,2024-06-06 09:00,19,,2,70,72,1008.4,0,.72,,10
266,±¤¾ç½Ã,2024-06-06 10:00,22.4,,1.8,90,61,1008.2,.6,1.98,,9
266,±¤¾ç½Ã,2024-06-06 11:00,22.7,,2,140,54,1008.3,0,1.79,,8
266,±¤¾ç½Ã,2024-06-06 12:00,23.9,,2.3,90,53,1007.8,0,2.31,,10
266,±¤¾ç½Ã,2024-06-06 13:00,23.5,,1.2,70,54,1007.6,0,1.42,,10
266,±¤¾ç½Ã,2024-06-06 14:00,23.9,,1.7,90,55,1007.2,0,1.39,,10
266,±¤¾ç½Ã,2024-06-06 15:00,24.6,,1.8,140,51,1006.9,0,1.66,,10
266,±¤¾ç½Ã,2024-06-06 16:00,23.6,,1.5,200,57,1006.2,0,1.02,,10
266,±¤¾ç½Ã,2024-06-06 17:00,22.6,,2.2,140,68,1006,0,.66,,10
266,±¤¾ç½Ã,2024-06-06 18:00,21.6,,.8,160,69,1006,0,.29,,10
266,±¤¾ç½Ã,2024-06-06 19:00,21,,.8,250,71,1006.1,0,.13,,10
266,±¤¾ç½Ã,2024-06-06 20:00,20.3,,.8,320,73,1006.2,0,.02,,10
266,±¤¾ç½Ã,2024-06-06 21:00,19.9,,1.1,320,74,1006.7,,,,10
266,±¤¾ç½Ã,2024-06-06 22:00,19.6,,1.2,110,76,1006.7,,,,8
266,±¤¾ç½Ã,2024-06-06 23:00,18.5,,.1,0,80,1006.7,,,,1
266,±¤¾ç½Ã,2024-06-07 00:00,17.5,,.9,270,83,1006.7,,,,2
266,±¤¾ç½Ã,2024-06-07 01:00,17.2,,1.1,270,86,1006.5,,,,7
266,±¤¾ç½Ã,2024-06-07 02:00,17.8,,1.6,270,87,1006,,,,6
266,±¤¾ç½Ã,2024-06-07 03:00,17.2,,.5,320,90,1005.5,,,,7
266,±¤¾ç½Ã,2024-06-07 04:00,16.8,,.9,270,89,1005.4,,,,8
266,±¤¾ç½Ã,2024-06-07 05:00,16.4,,.7,320,89,1005.5,,,,5
266,±¤¾ç½Ã,2024-06-07 06:00,16.3,,.4,0,90,1005.8,0,.07,,6
266,±¤¾ç½Ã,2024-06-07 07:00,19.5,,.9,70,80,1005.9,.8,.63,,7
266,±¤¾ç½Ã,2024-06-07 08:00,21.4,,.9,200,68,1006,1,1.16,,8
266,±¤¾ç½Ã,2024-06-07 09:00,22.8,,1,110,63,1005.6,.9,1.53,,8
266,±¤¾ç½Ã,2024-06-07 10:00,24.8,,.8,90,54,1005,1,2.28,,6
266,±¤¾ç½Ã,2024-06-07 11:00,26.1,,1.7,140,48,1004.9,1,2.81,,7
266,±¤¾ç½Ã,2024-06-07 12:00,25.8,,1.5,180,48,1004.5,.6,2.35,,8
266,±¤¾ç½Ã,2024-06-07 13:00,26.4,,2,180,46,1004.2,.4,2.02,,10
266,±¤¾ç½Ã,2024-06-07 14:00,26.6,,2,140,46,1003.8,.7,2.4,,8
266,±¤¾ç½Ã,2024-06-07 15:00,25.1,,1.4,180,49,1003.6,.4,1.65,,9
266,±¤¾ç½Ã,2024-06-07 16:00,26,,1.1,160,47,1002.9,.4,1.53,,8
266,±¤¾ç½Ã,2024-06-07 17:00,25.4,,1.4,180,48,1003,.6,1.36,,8
266,±¤¾ç½Ã,2024-06-07 18:00,24.1,,1.2,160,50,1002.9,0,.59,,9
266,±¤¾ç½Ã,2024-06-07 19:00,23,,.9,250,51,1003.1,0,.27,,10
266,±¤¾ç½Ã,2024-06-07 20:00,22.3,,.7,200,55,1003.3,0,.03,,10
266,±¤¾ç½Ã,2024-06-07 21:00,21.6,,1.4,200,53,1003.7,,,,9
266,±¤¾ç½Ã,2024-06-07 22:00,21.1,,.5,290,61,1003.7,,,,8
266,±¤¾ç½Ã,2024-06-07 23:00,20.7,,.7,250,63,1003.6,,,,10
266,±¤¾ç½Ã,2024-06-08 00:00,20.4,0,.9,90,65,1003.3,,,,10
266,±¤¾ç½Ã,2024-06-08 01:00,20.7,0,.8,90,69,1003,,,,10
266,±¤¾ç½Ã,2024-06-08 02:00,19.9,0,2.3,90,74,1002.8,,,,10
266,±¤¾ç½Ã,2024-06-08 03:00,19.5,,.2,0,76,1002.2,,,,9
266,±¤¾ç½Ã,2024-06-08 04:00,19.3,,.5,110,79,1001.6,,,,9
266,±¤¾ç½Ã,2024-06-08 05:00,19.4,,.3,0,79,1001.7,,,,10
266,±¤¾ç½Ã,2024-06-08 06:00,19.4,,.7,270,79,1001.5,0,.01,,10
266,±¤¾ç½Ã,2024-06-08 07:00,19,0,1.9,90,85,1001.9,0,.06,,9
266,±¤¾ç½Ã,2024-06-08 08:00,19.1,.1,.7,70,92,1001.4,0,.18,,10
266,±¤¾ç½Ã,2024-06-08 09:00,19.5,0,.4,0,90,1001.5,0,.14,,10
266,±¤¾ç½Ã,2024-06-08 10:00,19.1,2.1,1.7,90,95,1001.4,0,.17,,10
266,±¤¾ç½Ã,2024-06-08 11:00,19.2,1.9,2.3,90,96,1001.1,0,.23,,10
266,±¤¾ç½Ã,2024-06-08 12:00,19.2,3.9,1.9,110,97,1001.1,0,.11,,10
266,±¤¾ç½Ã,2024-06-08 13:00,18.8,7,1.5,90,98,1000.9,0,.12,,10
266,±¤¾ç½Ã,2024-06-08 14:00,18.8,6.3,1.2,90,98,1000.5,0,.2,,10
266,±¤¾ç½Ã,2024-06-08 15:00,19.3,8,.4,0,97,999.7,0,.36,,10
266,±¤¾ç½Ã,2024-06-08 16:00,19.2,6.4,2.3,70,96,999.3,0,.37,,9
266,±¤¾ç½Ã,2024-06-08 17:00,19,2.7,2.2,70,97,998.9,0,.31,,9
266,±¤¾ç½Ã,2024-06-08 18:00,18.9,.8,2.5,70,97,998.6,0,.16,,8
266,±¤¾ç½Ã,2024-06-08 19:00,18.8,.6,2.1,90,98,998.7,0,.09,,8
266,±¤¾ç½Ã,2024-06-08 20:00,18.8,0,2.5,70,98,998.8,0,.01,,8
266,±¤¾ç½Ã,2024-06-08 21:00,18.9,.3,1.1,70,98,998.9,,,,9
266,±¤¾ç½Ã,2024-06-08 22:00,18.9,.5,1.9,90,98,998.9,,,,10
266,±¤¾ç½Ã,2024-06-08 23:00,18.8,.1,2.1,70,97,998.8,,,,10
266,±¤¾ç½Ã,2024-06-09 00:00,18.8,.1,1,50,97,998.4,,,,9
266,±¤¾ç½Ã,2024-06-09 01:00,18.8,,2,70,97,997.9,,,,9
266,±¤¾ç½Ã,2024-06-09 02:00,18.9,,1.3,90,96,997.7,,,,8
266,±¤¾ç½Ã,2024-06-09 03:00,18.9,,1.7,90,95,998,,,,9
266,±¤¾ç½Ã,2024-06-09 04:00,19,,1.3,70,95,998.2,,,,10
266,±¤¾ç½Ã,2024-06-09 05:00,19,,.6,250,93,997.9,,,,9
266,±¤¾ç½Ã,2024-06-09 06:00,19.2,,1.8,110,92,997.7,0,.06,,9
266,±¤¾ç½Ã,2024-06-09 07:00,20.2,,1.8,90,89,997.7,.4,.41,,7
266,±¤¾ç½Ã,2024-06-09 08:00,22.5,,1.2,90,81,998.2,1,1.22,,8
266,±¤¾ç½Ã,2024-06-09 09:00,23.7,,1.3,50,75,998,.5,1.44,,8
266,±¤¾ç½Ã,2024-06-09 10:00,23.8,,2.1,70,73,998,.3,1.6,,9
266,±¤¾ç½Ã,2024-06-09 11:00,25,,2.1,90,74,998.1,.7,2.2,,8
266,±¤¾ç½Ã,2024-06-09 12:00,25.3,,1.9,70,73,998,.3,2.13,,9
266,±¤¾ç½Ã,2024-06-09 13:00,24.7,,1.5,230,73,997.9,0,1.48,,9
266,±¤¾ç½Ã,2024-06-09 14:00,26.7,,1.7,160,67,998,.5,2.46,,6
266,±¤¾ç½Ã,2024-06-09 15:00,27.4,,1.2,160,62,997.4,.9,3,,6
266,±¤¾ç½Ã,2024-06-09 16:00,27,,1.8,200,64,997,.5,1.48,,6
266,±¤¾ç½Ã,2024-06-09 17:00,27.8,,1.3,140,61,996.5,.7,1.48,,5
266,±¤¾ç½Ã,2024-06-09 18:00,26.7,,1.1,110,67,996.9,.9,1.3,,0
266,±¤¾ç½Ã,2024-06-09 19:00,25.6,,1.2,200,70,997.5,.4,.36,,0
266,±¤¾ç½Ã,2024-06-09 20:00,23.5,,1.3,250,79,997.5,0,.04,,0
266,±¤¾ç½Ã,2024-06-09 21:00,22.2,,.7,270,86,998.2,,,,0
266,±¤¾ç½Ã,2024-06-09 22:00,21.1,,1.1,270,89,998.9,,,,0
266,±¤¾ç½Ã,2024-06-09 23:00,20.6,,.6,270,94,999.3,,,,6
266,±¤¾ç½Ã,2024-06-10 00:00,20.1,,.6,290,94,999.4,,,,0
266,±¤¾ç½Ã,2024-06-10 01:00,19.7,,.1,0,95,998.8,,,,4
266,±¤¾ç½Ã,2024-06-10 02:00,19.6,,.3,0,96,998.7,,,,0
266,±¤¾ç½Ã,2024-06-10 03:00,19.8,,.2,0,97,998.8,,,,7
266,±¤¾ç½Ã,2024-06-10 04:00,19.9,,1,290,96,999.2,,,,4
266,±¤¾ç½Ã,2024-06-10 05:00,19.8,,.2,0,96,999.3,,,,7
266,±¤¾ç½Ã,2024-06-10 06:00,19.9,,.8,250,96,999.7,0,.02,,7
266,±¤¾ç½Ã,2024-06-10 07:00,19.7,,1.9,290,92,1000,.2,.34,,7
266,±¤¾ç½Ã,2024-06-10 08:00,21.3,,.6,200,86,1000.3,.8,.97,,7
266,±¤¾ç½Ã,2024-06-10 09:00,24,,1.3,140,75,999.8,1,1.95,,7
266,±¤¾ç½Ã,2024-06-10 10:00,25.3,,1.9,110,66,999.2,1,2.38,,7
266,±¤¾ç½Ã,2024-06-10 11:00,27.5,,1.8,230,55,998.7,1,2.85,,7
266,±¤¾ç½Ã,2024-06-10 12:00,29.1,,1.4,110,55,998.2,1,3.35,,0
266,±¤¾ç½Ã,2024-06-10 13:00,30.2,,1.8,160,47,997.5,1,3.55,,3
266,±¤¾ç½Ã,2024-06-10 14:00,30.3,,1.9,230,54,997.4,1,3.41,,0
266,±¤¾ç½Ã,2024-06-10 15:00,30.4,,2.4,250,51,997.1,1,3.08,,0
266,±¤¾ç½Ã,2024-06-10 16:00,30.3,,1.9,250,54,996.8,1,2.57,,0
266,±¤¾ç½Ã,2024-06-10 17:00,30,,2.2,230,51,996.6,1,1.91,,0
266,±¤¾ç½Ã,2024-06-10 18:00,28.8,,2.7,230,57,996.9,1,1.15,,0
266,±¤¾ç½Ã,2024-06-10 19:00,27.1,,1.1,250,62,997.2,.4,.38,,0
266,±¤¾ç½Ã,2024-06-10 20:00,25.4,,1.1,250,69,997.9,0,.05,,0
266,±¤¾ç½Ã,2024-06-10 21:00,24,,.9,250,73,998.5,,,,3
266,±¤¾ç½Ã,2024-06-10 22:00,22.8,,.8,290,79,998.9,,,,0
266,±¤¾ç½Ã,2024-06-10 23:00,22.1,,1.8,320,79,999,,,,0
266,±¤¾ç½Ã,2024-06-11 00:00,21.6,,.9,320,82,998.9,,,,0
266,±¤¾ç½Ã,2024-06-11 01:00,20.8,,.7,320,84,998.6,,,,0
266,±¤¾ç½Ã,2024-06-11 02:00,20.7,,1,270,80,998.9,,,,0
266,±¤¾ç½Ã,2024-06-11 03:00,20.5,,.7,270,78,998.9,,,,0
266,±¤¾ç½Ã,2024-06-11 04:00,20.2,,1.5,270,80,999,,,,0
266,±¤¾ç½Ã,2024-06-11 05:00,19.7,,1.2,270,79,999.2,,,,0
266,±¤¾ç½Ã,2024-06-11 06:00,19.8,,1,270,80,999.2,0,.06,,0
266,±¤¾ç½Ã,2024-06-11 07:00,21.4,,.2,0,72,999.4,1,.48,,0
266,±¤¾ç½Ã,2024-06-11 08:00,24.1,,.8,290,67,999.4,1,1.17,,0
266,±¤¾ç½Ã,2024-06-11 09:00,26.2,,1.2,140,60,999,1,1.81,,0
266,±¤¾ç½Ã,2024-06-11 10:00,27.5,,.9,180,56,998.7,1,2.48,,5
266,±¤¾ç½Ã,2024-06-11 11:00,28.7,,2.3,140,51,998.1,1,3.02,,5
266,±¤¾ç½Ã,2024-06-11 12:00,30.1,,2.1,200,50,997.6,1,3.46,,5
266,±¤¾ç½Ã,2024-06-11 13:00,30.5,,2.5,200,47,997,1,3.46,,7
266,±¤¾ç½Ã,2024-06-11 14:00,29.9,,2.7,230,48,996.7,1,2.9,,8
266,±¤¾ç½Ã,2024-06-11 15:00,29.8,,2,200,49,996.5,1,2.39,,7
266,±¤¾ç½Ã,2024-06-11 16:00,29.9,,2.5,230,50,996.4,1,2.18,,5
266,±¤¾ç½Ã,2024-06-11 17:00,28.9,,2.2,230,55,996.4,.7,1.5,,7
266,±¤¾ç½Ã,2024-06-11 18:00,26.8,,1.4,200,60,996.6,.4,.81,,8
266,±¤¾ç½Ã,2024-06-11 19:00,25.3,,1.2,230,62,996.8,0,.29,,8
266,±¤¾ç½Ã,2024-06-11 20:00,24.1,,2.2,230,66,997,0,.05,,7
266,±¤¾ç½Ã,2024-06-11 21:00,23,,2,270,72,997.1,,,,4
266,±¤¾ç½Ã,2024-06-11 22:00,22.4,,.8,290,75,997.4,,,,7
266,±¤¾ç½Ã,2024-06-11 23:00,21.8,,1.3,320,77,997.4,,,,0
266,±¤¾ç½Ã,2024-06-12 00:00,21.5,,.9,290,78,997.5,,,,0
266,±¤¾ç½Ã,2024-06-12 01:00,20.7,,1,340,82,996.7,,,,0
266,±¤¾ç½Ã,2024-06-12 02:00,20.5,,.9,290,84,996.3,,,,0
266,±¤¾ç½Ã,2024-06-12 03:00,20,,1,270,87,996.3,,,,0
266,±¤¾ç½Ã,2024-06-12 04:00,19.6,,.9,270,89,996.5,,,,0
266,±¤¾ç½Ã,2024-06-12 05:00,19.5,,1.7,290,90,996.8,,,,3
266,±¤¾ç½Ã,2024-06-12 06:00,19.7,,.9,290,89,997.2,0,.04,,3
266,±¤¾ç½Ã,2024-06-12 07:00,21.1,,.6,270,85,997.4,.9,.49,,0
266,±¤¾ç½Ã,2024-06-12 08:00,24.2,,.6,90,75,997.2,1,1.19,,0
266,±¤¾ç½Ã,2024-06-12 09:00,25.7,,1.4,230,69,997.5,1,1.94,,0
266,±¤¾ç½Ã,2024-06-12 10:00,28,,1.2,230,50,996.9,1,2.62,,0
266,±¤¾ç½Ã,2024-06-12 11:00,29.1,,2.7,230,49,996.4,1,3.12,,0
266,±¤¾ç½Ã,2024-06-12 12:00,29.7,,2.3,200,44,995.9,1,3.43,,0
266,±¤¾ç½Ã,2024-06-12 13:00,30.8,,1.8,180,47,995.5,1,3.55,,0
266,±¤¾ç½Ã,2024-06-12 14:00,30.8,,2.4,180,41,995.3,1,3.45,,3
266,±¤¾ç½Ã,2024-06-12 15:00,30.5,,2.7,200,49,994.8,1,2.9,,7
266,±¤¾ç½Ã,2024-06-12 16:00,29.7,,2.1,180,56,994.7,1,2.3,,7
266,±¤¾ç½Ã,2024-06-12 17:00,29.4,,2.1,230,57,994.5,.9,1.58,,8
266,±¤¾ç½Ã,2024-06-12 18:00,28.1,,2.7,230,58,994.5,1,1.18,,4
266,±¤¾ç½Ã,2024-06-12 19:00,26.2,,2.1,250,66,995,.1,.34,,7
266,±¤¾ç½Ã,2024-06-12 20:00,24.7,,1.3,270,72,995,0,.07,,4
266,±¤¾ç½Ã,2024-06-12 21:00,23.7,,.8,250,74,995.1,,,,7
266,±¤¾ç½Ã,2024-06-12 22:00,23.1,,1,270,72,995.3,,,,4
266,±¤¾ç½Ã,2024-06-12 23:00,22.7,,1.4,250,76,995.2,,,,5
266,±¤¾ç½Ã,2024-06-13 00:00,22.1,,.7,270,78,994.7,,,,8
266,±¤¾ç½Ã,2024-06-13 01:00,21.7,,.7,320,80,994.3,,,,3
266,±¤¾ç½Ã,2024-06-13 02:00,21.5,,1.1,320,82,994.4,,,,0
266,±¤¾ç½Ã,2024-06-13 03:00,20.8,,.2,0,85,994.2,,,,0
266,±¤¾ç½Ã,2024-06-13 04:00,20.2,,.1,0,88,994.2,,,,0
266,±¤¾ç½Ã,2024-06-13 05:00,19.8,,.4,0,89,994.5,,,,0
266,±¤¾ç½Ã,2024-06-13 06:00,19.7,,.7,270,89,994.6,.2,.05,,0
266,±¤¾ç½Ã,2024-06-13 07:00,21.6,,.5,250,85,995,1,.49,,0
266,±¤¾ç½Ã,2024-06-13 08:00,23.9,,.8,250,74,995.4,1,1.17,,0
266,±¤¾ç½Ã,2024-06-13 09:00,26.3,,.7,230,65,995.2,1,1.86,,0
266,±¤¾ç½Ã,2024-06-13 10:00,28.5,,.8,140,56,995,1,2.43,,0
266,±¤¾ç½Ã,2024-06-13 11:00,29.9,,1.3,110,48,994.5,1,2.96,,0
266,±¤¾ç½Ã,2024-06-13 12:00,31.2,,1.2,200,46,994.3,1,3.4,,0
266,±¤¾ç½Ã,2024-06-13 13:00,32.1,,1.8,140,46,994,1,3.39,,0
266,±¤¾ç½Ã,2024-06-13 14:00,32.3,,2.2,110,41,993.7,1,3.33,,0
266,±¤¾ç½Ã,2024-06-13 15:00,33,,2.3,140,37,993.8,1,3.06,,0
266,±¤¾ç½Ã,2024-06-13 16:00,31.9,,2.9,200,46,994.1,1,2.56,,0
266,±¤¾ç½Ã,2024-06-13 17:00,31,,1.7,200,47,994.1,1,1.86,,0
266,±¤¾ç½Ã,2024-06-13 18:00,29.5,,2.3,200,52,994.4,1,1.13,,0
266,±¤¾ç½Ã,2024-06-13 19:00,27.9,,1.6,230,49,994.8,.5,.39,,0
266,±¤¾ç½Ã,2024-06-13 20:00,26.4,,.6,270,56,995,0,.05,,0
266,±¤¾ç½Ã,2024-06-13 21:00,24.7,,1,250,65,995.8,,,,0
266,±¤¾ç½Ã,2024-06-13 22:00,23.8,,.5,110,70,996.4,,,,0
266,±¤¾ç½Ã,2024-06-13 23:00,23,,1.2,290,75,996.3,,,,0
266,±¤¾ç½Ã,2024-06-14 00:00,22.2,,.4,0,78,995.3,,,,0
266,±¤¾ç½Ã,2024-06-14 01:00,21.2,,1.3,320,83,996,,,,0
266,±¤¾ç½Ã,2024-06-14 02:00,20.9,,.7,140,84,996,,,,0
266,±¤¾ç½Ã,2024-06-14 03:00,20.4,,1,290,86,996.3,,,,0
266,±¤¾ç½Ã,2024-06-14 04:00,20.1,,.5,90,88,996.2,,,,0
266,±¤¾ç½Ã,2024-06-14 05:00,19.8,,.3,0,89,997.2,,,,0
266,±¤¾ç½Ã,2024-06-14 06:00,20,,.1,0,88,997.2,.2,.05,,0
266,±¤¾ç½Ã,2024-06-14 07:00,21.9,,.4,0,83,997.6,1,.49,,0
266,±¤¾ç½Ã,2024-06-14 08:00,24.7,,.7,180,72,997.4,1,1.18,,0
266,±¤¾ç½Ã,2024-06-14 09:00,26.7,,1.6,230,64,997.4,.5,.84,,0
266,±¤¾ç½Ã,2024-06-14 10:00,28.4,,1.4,140,57,996.8,0,0,,2
266,±¤¾ç½Ã,2024-06-14 11:00,29,,2.2,230,56,996.3,.4,1.2,,4
266,±¤¾ç½Ã,2024-06-14 12:00,30.5,,1.3,140,55,995.9,1,3.35,,6
266,±¤¾ç½Ã,2024-06-14 13:00,30.9,,2.4,180,51,995.6,1,3.51,,6
266,±¤¾ç½Ã,2024-06-14 14:00,30.7,,2.6,200,50,994.9,1,3.34,,5
266,±¤¾ç½Ã,2024-06-14 15:00,31.5,,2.2,160,49,994.9,1,3.03,,6
266,±¤¾ç½Ã,2024-06-14 16:00,30.6,,2.2,250,50,995.4,.8,2.3,,6
266,±¤¾ç½Ã,2024-06-14 17:00,28.8,,3.3,200,55,995.2,1,1.93,,2
266,±¤¾ç½Ã,2024-06-14 18:00,28.1,,2.6,230,57,995.3,1,1.26,,5
266,±¤¾ç½Ã,2024-06-14 19:00,26.4,,2.6,230,63,995.7,.4,.39,,9
266,±¤¾ç½Ã,2024-06-14 20:00,25,,1.1,230,70,995.8,0,.05,,9
266,±¤¾ç½Ã,2024-06-14 21:00,24.4,,1.1,250,74,995.7,,,,7
266,±¤¾ç½Ã,2024-06-14 22:00,23.5,,.8,270,77,996.1,,,,7
266,±¤¾ç½Ã,2024-06-14 23:00,23.1,,1,250,78,996.3,,,,7
266,±¤¾ç½Ã,2024-06-15 00:00,22.7,,.8,270,82,996.2,,,,6
266,±¤¾ç½Ã,2024-06-15 01:00,22.5,,.2,0,84,995.9,,,,6
266,±¤¾ç½Ã,2024-06-15 02:00,22.2,,.9,270,85,995.4,,,,6
266,±¤¾ç½Ã,2024-06-15 03:00,21.9,,.3,0,87,994.9,,,,6
266,±¤¾ç½Ã,2024-06-15 04:00,22,,.9,290,87,994.8,,,,8
266,±¤¾ç½Ã,2024-06-15 05:00,21.6,,.6,250,88,994.5,,,,7
266,±¤¾ç½Ã,2024-06-15 06:00,21.1,,1.1,290,90,994.9,.2,.05,,0
266,±¤¾ç½Ã,2024-06-15 07:00,22.6,,.2,0,85,994.8,.7,.39,,3
266,±¤¾ç½Ã,2024-06-15 08:00,25,,.7,320,73,995.1,.6,.95,,6
266,±¤¾ç½Ã,2024-06-15 09:00,27.8,,1.2,110,66,994.9,1,1.78,,5
266,±¤¾ç½Ã,2024-06-15 10:00,28.6,,1.6,230,62,994.5,1,2.47,,5
266,±¤¾ç½Ã,2024-06-15 11:00,29.5,,1.9,200,55,994.4,1,2.99,,6
266,±¤¾ç½Ã,2024-06-15 12:00,30.2,,2.4,230,59,994,.9,3.29,,3
266,±¤¾ç½Ã,2024-06-15 13:00,30.5,,1.8,230,55,993.2,.9,3.31,,3
266,±¤¾ç½Ã,2024-06-15 14:00,31.2,,2.1,250,53,992.3,1,3.39,,3
266,±¤¾ç½Ã,2024-06-15 15:00,30.9,,2.8,230,51,991.7,1,3.03,,3
266,±¤¾ç½Ã,2024-06-15 16:00,29,,3.1,250,58,991.6,.3,1.34,,6
266,±¤¾ç½Ã,2024-06-15 17:00,29,,2.6,270,61,991.4,.6,1.36,,4
266,±¤¾ç½Ã,2024-06-15 18:00,28.2,,2,230,62,991.5,.8,.8,,7
266,±¤¾ç½Ã,2024-06-15 19:00,27.1,,3,250,73,992.2,0,.27,,6
266,±¤¾ç½Ã,2024-06-15 20:00,26.2,,2.4,290,73,992.5,0,.04,,7
266,±¤¾ç½Ã,2024-06-15 21:00,25.4,,1,360,73,993,,,,5
266,±¤¾ç½Ã,2024-06-15 22:00,24.9,,1.5,290,73,994.1,,,,5
266,±¤¾ç½Ã,2024-06-15 23:00,24.8,,.7,250,74,994.6,,,,4
266,±¤¾ç½Ã,2024-06-16 00:00,23.8,,1,270,78,994.4,,,,1
266,±¤¾ç½Ã,2024-06-16 01:00,23,,3.1,290,80,994.3,,,,1
266,±¤¾ç½Ã,2024-06-16 02:00,22.5,,1.7,290,81,993.9,,,,0
266,±¤¾ç½Ã,2024-06-16 03:00,22.1,,1.5,290,82,994.1,,,,0
266,±¤¾ç½Ã,2024-06-16 04:00,21.8,,2,270,82,994.6,,,,0
266,±¤¾ç½Ã,2024-06-16 05:00,21.7,,2.4,270,82,994.9,,,,0
266,±¤¾ç½Ã,2024-06-16 06:00,21.1,,2,290,84,995.8,.2,.06,,0
266,±¤¾ç½Ã,2024-06-16 07:00,23.1,,2.9,290,71,996,.5,.19,,0
266,±¤¾ç½Ã,2024-06-16 08:00,24.9,,2.8,320,65,996.2,0,0,,3
266,±¤¾ç½Ã,2024-06-16 09:00,26.1,,2.3,290,61,996.5,.1,.25,,0
266,±¤¾ç½Ã,2024-06-16 10:00,27.6,,2.4,290,55,996.5,1,2.63,,0
266,±¤¾ç½Ã,2024-06-16 11:00,29,,2,290,52,996.5,1,3.19,,0
266,±¤¾ç½Ã,2024-06-16 12:00,29.8,,2.6,270,44,996.5,1,3.55,,3
266,±¤¾ç½Ã,2024-06-16 13:00,29.6,,3.4,290,43,996.5,1,3.39,,6
266,±¤¾ç½Ã,2024-06-16 14:00,29,,2.7,290,44,996.2,.6,2.35,,8
266,±¤¾ç½Ã,2024-06-16 15:00,28.9,,2.6,290,46,995.8,.4,1.88,,8
266,±¤¾ç½Ã,2024-06-16 16:00,30.1,,2.6,270,39,995.8,.9,2.15,,5
266,±¤¾ç½Ã,2024-06-16 17:00,30.3,,1.8,320,37,995.9,1,1.92,,7
266,±¤¾ç½Ã,2024-06-16 18:00,28.8,,1.6,290,43,996.3,.8,1,,7
266,±¤¾ç½Ã,2024-06-16 19:00,26.8,,2.3,290,44,997,.1,.34,,8
266,±¤¾ç½Ã,2024-06-16 20:00,24.9,,1.5,290,49,997.7,0,.05,,8
266,±¤¾ç½Ã,2024-06-16 21:00,24.1,,2.8,290,50,998.2,,,,8
266,±¤¾ç½Ã,2024-06-16 22:00,23.6,,1.3,290,51,998.8,,,,6
266,±¤¾ç½Ã,2024-06-16 23:00,22.4,,1,320,56,998.6,,,,6
266,±¤¾ç½Ã,2024-06-17 00:00,21.7,,1.5,290,60,998.7,,,,5
266,±¤¾ç½Ã,2024-06-17 01:00,20.6,,.8,320,66,998.5,,,,7
266,±¤¾ç½Ã,2024-06-17 02:00,19.3,,1,270,68,998.6,,,,7
266,±¤¾ç½Ã,2024-06-17 03:00,19,,.8,290,66,998.7,,,,7
266,±¤¾ç½Ã,2024-06-17 04:00,18.4,,1,290,68,999,,,,8
266,±¤¾ç½Ã,2024-06-17 05:00,18.2,,1.5,290,69,999.5,,,,8
266,±¤¾ç½Ã,2024-06-17 06:00,18.5,,.8,290,66,999.7,0,.04,,9
266,±¤¾ç½Ã,2024-06-17 07:00,19,,.3,0,65,999.6,0,.21,,10
266,±¤¾ç½Ã,2024-06-17 08:00,20.2,,.4,0,66,999.3,0,.4,,10
266,±¤¾ç½Ã,2024-06-17 09:00,21.4,,.1,0,64,999.3,0,.54,,10
266,±¤¾ç½Ã,2024-06-17 10:00,23.4,,.7,200,64,999.4,0,.92,,10
266,±¤¾ç½Ã,2024-06-17 11:00,24.5,,.5,50,59,999.3,0,1.1,,10
266,±¤¾ç½Ã,2024-06-17 12:00,25.6,,.5,90,54,999.3,0,1.08,,10
266,±¤¾ç½Ã,2024-06-17 13:00,26.4,,.4,0,48,999,0,1.4,,10
266,±¤¾ç½Ã,2024-06-17 14:00,26,,.8,90,53,998.6,0,.97,,10
266,±¤¾ç½Ã,2024-06-17 15:00,25.9,,1.1,160,51,998,0,.91,,10
266,±¤¾ç½Ã,2024-06-17 16:00,26,,.9,90,52,997.5,.1,1.22,,10
266,±¤¾ç½Ã,2024-06-17 17:00,25.1,,.8,140,55,997,0,.5,,10
266,±¤¾ç½Ã,2024-06-17 18:00,24.8,,.1,0,61,996.8,0,.5,,9
266,±¤¾ç½Ã,2024-06-17 19:00,24.7,,.6,250,66,997,0,.41,,8
266,±¤¾ç½Ã,2024-06-17 20:00,23,,.8,270,74,997.2,0,.07,,0
266,±¤¾ç½Ã,2024-06-17 21:00,21.3,,1.4,230,79,997.7,,,,0
266,±¤¾ç½Ã,2024-06-17 22:00,20.3,,.7,290,83,998.1,,,,0
266,±¤¾ç½Ã,2024-06-17 23:00,20.3,,.9,320,84,997.5,,,,6
266,±¤¾ç½Ã,2024-06-18 00:00,20.2,,.5,290,84,996.7,,,,8
266,±¤¾ç½Ã,2024-06-18 01:00,19.6,,.5,320,86,996.1,,,,5
266,±¤¾ç½Ã,2024-06-18 02:00,18.8,,.1,0,90,995.9,,,,1
266,±¤¾ç½Ã,2024-06-18 03:00,18.4,,1.4,320,91,995.9,,,,6
266,±¤¾ç½Ã,2024-06-18 04:00,18.3,,.6,290,87,995.8,,,,2
266,±¤¾ç½Ã,2024-06-18 05:00,18,,.3,0,89,996,,,,0
266,±¤¾ç½Ã,2024-06-18 06:00,17.9,,.5,50,91,996.5,.2,.04,,0
266,±¤¾ç½Ã,2024-06-18 07:00,20,,.5,270,81,997,1,.53,,0
266,±¤¾ç½Ã,2024-06-18 08:00,23.9,,.8,50,68,997,1,1.22,,0
266,±¤¾ç½Ã,2024-06-18 09:00,25.9,,.4,0,49,997,1,1.95,,0
266,±¤¾ç½Ã,2024-06-18 10:00,27.6,,.9,200,43,996.9,1,2.6,,0
266,±¤¾ç½Ã,2024-06-18 11:00,29.5,,1.1,230,41,996.9,1,3.15,,0
266,±¤¾ç½Ã,2024-06-18 12:00,30.7,,1.4,290,37,996.4,1,3.41,,0
266,±¤¾ç½Ã,2024-06-18 13:00,32.1,,2.2,230,32,995.9,1,3.48,,0
266,±¤¾ç½Ã,2024-06-18 14:00,33.2,,1.7,200,30,995.7,1,3.49,,0
266,±¤¾ç½Ã,2024-06-18 15:00,33.9,,2.1,200,30,995.3,1,3.13,,0
266,±¤¾ç½Ã,2024-06-18 16:00,34.4,,2.4,200,29,995.1,1,2.66,,0
266,±¤¾ç½Ã,2024-06-18 17:00,33.6,,2.5,200,33,995.2,1,2.01,,0
266,±¤¾ç½Ã,2024-06-18 18:00,32.2,,2.4,230,35,995.4,1,1.16,,2
266,±¤¾ç½Ã,2024-06-18 19:00,30.3,,1.9,270,41,996.1,.5,.44,,0
266,±¤¾ç½Ã,2024-06-18 20:00,28.1,,1,250,47,996.6,0,.05,,0
266,±¤¾ç½Ã,2024-06-18 21:00,26.8,,.9,230,46,997.3,,,,0
266,±¤¾ç½Ã,2024-06-18 22:00,25.9,,.7,290,45,997.9,,,,0
266,±¤¾ç½Ã,2024-06-18 23:00,25,,1,320,46,998.2,,,,0
266,±¤¾ç½Ã,2024-06-19 00:00,23.7,,.9,270,53,998.4,,,,3
266,±¤¾ç½Ã,2024-06-19 01:00,22.8,,1.3,270,58,998.7,,,,4
266,±¤¾ç½Ã,2024-06-19 02:00,22.3,,1.1,290,60,998.6,,,,5
266,±¤¾ç½Ã,2024-06-19 03:00,21.8,,1.1,270,60,998.9,,,,8
266,±¤¾ç½Ã,2024-06-19 04:00,22,,.7,20,64,999,,,,9
266,±¤¾ç½Ã,2024-06-19 05:00,21.8,,.6,180,66,999.3,,,,9
266,±¤¾ç½Ã,2024-06-19 06:00,21.8,,.5,250,64,999.7,0,.03,,8
266,±¤¾ç½Ã,2024-06-19 07:00,22.4,,.7,270,66,1000,.2,.31,,7
266,±¤¾ç½Ã,2024-06-19 08:00,25.5,,.8,140,60,999.9,.9,1.02,,7
266,±¤¾ç½Ã,2024-06-19 09:00,26.7,,1,180,59,999.7,.4,1.12,,9
266,±¤¾ç½Ã,2024-06-19 10:00,27.6,,.7,320,53,999.7,.5,1.4,,5
266,±¤¾ç½Ã,2024-06-19 11:00,31.3,,.8,140,40,999.5,1,2.79,,6
266,±¤¾ç½Ã,2024-06-19 12:00,32.5,,1.1,140,40,999.4,1,3.03,,6
266,±¤¾ç½Ã,2024-06-19 13:00,33.4,,1.6,140,37,999.2,1,3.35,,2
266,±¤¾ç½Ã,2024-06-19 14:00,33.6,,1.8,160,39,999.1,1,3.37,,3
266,±¤¾ç½Ã,2024-06-19 15:00,32.6,,2.6,180,40,998.8,1,2.74,,3
266,±¤¾ç½Ã,2024-06-19 16:00,32,,1.5,200,40,998.6,1,2.48,,5
266,±¤¾ç½Ã,2024-06-19 17:00,30.3,,2.8,200,35,998.4,.8,1.48,,8
266,±¤¾ç½Ã,2024-06-19 18:00,28.5,,2.3,230,47,998.5,.3,.72,,9
266,±¤¾ç½Ã,2024-06-19 19:00,27.2,,1.2,200,50,998.6,.2,.33,,8
266,±¤¾ç½Ã,2024-06-19 20:00,25.8,,1.1,270,55,999,0,.03,,10
266,±¤¾ç½Ã,2024-06-19 21:00,24.7,,1.9,230,57,999.5,,,,10
266,±¤¾ç½Ã,2024-06-19 22:00,23.6,,2,250,73,999.8,,,,10
266,±¤¾ç½Ã,2024-06-19 23:00,22.9,,1,250,83,999.7,,,,10
266,±¤¾ç½Ã,2024-06-20 00:00,22.4,,1.5,200,83,999.2,,,,10
266,±¤¾ç½Ã,2024-06-20 01:00,21.7,,.3,0,85,998.8,,,,8
266,±¤¾ç½Ã,2024-06-20 02:00,21,,.9,230,86,998.3,,,,8
266,±¤¾ç½Ã,2024-06-20 03:00,20.6,,.7,90,86,997.9,,,,10
266,±¤¾ç½Ã,2024-06-20 04:00,20.2,,.8,270,85,997.9,,,,10
266,±¤¾ç½Ã,2024-06-20 05:00,19.9,,.8,90,88,997.8,,,,9
266,±¤¾ç½Ã,2024-06-20 06:00,20.3,,.9,110,88,998.1,0,.02,,10
266,±¤¾ç½Ã,2024-06-20 07:00,21.2,,1.9,70,85,997.9,0,.18,,10
266,±¤¾ç½Ã,2024-06-20 08:00,21.5,,1.5,90,83,998.2,0,.31,,10
266,±¤¾ç½Ã,2024-06-20 09:00,22.1,,1.9,90,80,998.3,0,.46,,10
266,±¤¾ç½Ã,2024-06-20 10:00,22.2,,1.5,90,81,997.9,0,.44,,10
266,±¤¾ç½Ã,2024-06-20 11:00,22.5,,2.1,70,78,997.8,0,.49,,10
266,±¤¾ç½Ã,2024-06-20 12:00,22.4,,2.8,90,79,997,0,.31,,10
266,±¤¾ç½Ã,2024-06-20 13:00,22.6,,2.2,90,78,996.7,0,.3,,10
266,±¤¾ç½Ã,2024-06-20 14:00,22.7,,3,70,77,995.6,0,.18,,10
266,±¤¾ç½Ã,2024-06-20 15:00,22.3,,3.8,70,78,995.1,0,.21,,10
266,±¤¾ç½Ã,2024-06-20 16:00,21.8,0,4.1,90,78,994.4,0,.13,,10
266,±¤¾ç½Ã,2024-06-20 17:00,21.9,,4.1,70,81,993.2,0,.26,,10
266,±¤¾ç½Ã,2024-06-20 18:00,21.7,,2.3,90,82,993.4,0,.22,,10
266,±¤¾ç½Ã,2024-06-20 19:00,21.9,,2.7,70,77,993.2,0,.12,,10
266,±¤¾ç½Ã,2024-06-20 20:00,22.3,,2.5,70,73,993.4,0,.04,,10
266,±¤¾ç½Ã,2024-06-20 21:00,22.5,,1.8,90,72,993.8,,,,9
266,±¤¾ç½Ã,2024-06-20 22:00,22.4,,2.6,90,72,993.5,,,,8
266,±¤¾ç½Ã,2024-06-20 23:00,22.3,,1.3,90,72,993.5,,,,8
266,±¤¾ç½Ã,2024-06-21 00:00,22.4,,.8,50,72,993.4,,,,7
266,±¤¾ç½Ã,2024-06-21 01:00,22,,1.3,70,74,992.7,,,,7
266,±¤¾ç½Ã,2024-06-21 02:00,21.9,,.8,160,75,992.9,,,,5
266,±¤¾ç½Ã,2024-06-21 03:00,21.5,,.8,250,76,992.9,,,,2
266,±¤¾ç½Ã,2024-06-21 04:00,21.8,,1,20,74,993.1,,,,8
266,±¤¾ç½Ã,2024-06-21 05:00,21.6,,.6,90,75,993.2,,,,9
266,±¤¾ç½Ã,2024-06-21 06:00,21.2,,1.2,200,79,993.1,0,.05,,8
266,±¤¾ç½Ã,2024-06-21 07:00,22.4,,.7,250,78,993.4,.7,.45,,7
266,±¤¾ç½Ã,2024-06-21 08:00,23.8,,.2,0,68,993.9,.7,.83,,7
266,±¤¾ç½Ã,2024-06-21 09:00,26.1,,.3,0,67,994,1,1.52,,7
266,±¤¾ç½Ã,2024-06-21 10:00,27,,1.5,180,62,994,.8,1.85,,4
266,±¤¾ç½Ã,2024-06-21 11:00,27.9,,2.2,250,63,994.4,.8,2.55,,7
266,±¤¾ç½Ã,2024-06-21 12:00,27.6,,2,200,66,993.9,.3,2.06,,7
266,±¤¾ç½Ã,2024-06-21 13:00,28.8,,2.1,140,62,993.7,.5,2.44,,8
266,±¤¾ç½Ã,2024-06-21 14:00,29,,2.2,160,62,993.3,.9,3.06,,6
266,±¤¾ç½Ã,2024-06-21 15:00,29.8,,2.3,90,58,993.2,1,2.9,,7
266,±¤¾ç½Ã,2024-06-21 16:00,29.8,,1.9,160,58,993.2,.9,2.2,,7
266,±¤¾ç½Ã,2024-06-21 17:00,27.8,,2.5,230,65,993.4,.4,1.28,,9
266,±¤¾ç½Ã,2024-06-21 18:00,26.1,,1.7,200,72,994,.3,.73,,7
266,±¤¾ç½Ã,2024-06-21 19:00,25.1,,1.9,230,76,994.1,.1,.36,,8
266,±¤¾ç½Ã,2024-06-21 20:00,24.2,,1.3,250,80,994.7,0,.07,,7
266,±¤¾ç½Ã,2024-06-21 21:00,23.9,,.6,250,80,995.4,,,,9
266,±¤¾ç½Ã,2024-06-21 22:00,23.8,,.9,250,80,995.9,,,,9
266,±¤¾ç½Ã,2024-06-21 23:00,23.7,,1.3,250,81,995.7,,,,10
266,±¤¾ç½Ã,2024-06-22 00:00,23.4,,.6,230,83,995.1,,,,10
266,±¤¾ç½Ã,2024-06-22 01:00,23.3,0,1.1,230,86,994.6,,,,10
266,±¤¾ç½Ã,2024-06-22 02:00,23.1,,.2,0,87,994,,,,9
266,±¤¾ç½Ã,2024-06-22 03:00,22.9,,1.4,140,89,993.7,,,,10
266,±¤¾ç½Ã,2024-06-22 04:00,22.3,0,1.3,70,93,993.5,,,,10
266,±¤¾ç½Ã,2024-06-22 05:00,22.2,0,1.2,70,96,993.2,,,,10
266,±¤¾ç½Ã,2024-06-22 06:00,21.9,2.2,1.4,90,96,992.8,0,0,,10
266,±¤¾ç½Ã,2024-06-22 07:00,21.9,3.6,1.6,70,96,992.5,0,.05,,9
266,±¤¾ç½Ã,2024-06-22 08:00,22.1,1.4,1.6,110,97,992.2,0,.11,,10
266,±¤¾ç½Ã,2024-06-22 09:00,22.2,.9,1.4,70,97,991.7,0,.18,,10
266,±¤¾ç½Ã,2024-06-22 10:00,22.5,1.1,.4,0,96,991.4,0,.19,,10
266,±¤¾ç½Ã,2024-06-22 11:00,22.8,1.5,0,0,96,991,0,.19,,10
266,±¤¾ç½Ã,2024-06-22 12:00,23,4.2,.6,110,96,990.5,0,.17,,10
266,±¤¾ç½Ã,2024-06-22 13:00,23,12.5,.7,70,98,990,0,.23,,10
266,±¤¾ç½Ã,2024-06-22 14:00,23.4,6.6,.9,140,98,989.2,0,.19,,10
266,±¤¾ç½Ã,2024-06-22 15:00,24.6,2.4,.7,200,96,988,0,.58,,10
266,±¤¾ç½Ã,2024-06-22 16:00,24.1,1.1,2.6,200,97,987.1,0,.15,,10
266,±¤¾ç½Ã,2024-06-22 17:00,23.7,1.7,2.6,200,98,986.5,0,.08,,10
266,±¤¾ç½Ã,2024-06-22 18:00,24,,2.6,250,98,986.8,0,.07,,10
266,±¤¾ç½Ã,2024-06-22 19:00,24.1,,3.8,230,97,987.4,0,.03,,8
266,±¤¾ç½Ã,2024-06-22 20:00,24.1,.1,3.4,250,98,988,0,.01,,8
266,±¤¾ç½Ã,2024-06-22 21:00,24.1,,3.2,250,97,988.5,,,,8
266,±¤¾ç½Ã,2024-06-22 22:00,24,,3.2,250,97,989,,,,10
266,±¤¾ç½Ã,2024-06-22 23:00,23.9,,2.8,290,96,988.9,,,,8
266,±¤¾ç½Ã,2024-06-23 00:00,23.6,,3.1,270,94,988.8,,,,10
266,±¤¾ç½Ã,2024-06-23 01:00,23.4,,2.7,270,94,988.9,,,,10
266,±¤¾ç½Ã,2024-06-23 02:00,23.1,,2.6,270,94,988.7,,,,10
266,±¤¾ç½Ã,2024-06-23 03:00,22.9,,2.8,250,95,988.3,,,,10
266,±¤¾ç½Ã,2024-06-23 04:00,22.9,,2.2,250,95,988.5,,,,9
266,±¤¾ç½Ã,2024-06-23 05:00,22.9,,1.5,250,94,988.5,,,,10
266,±¤¾ç½Ã,2024-06-23 06:00,22.9,,1.9,230,95,989,0,.01,,9
266,±¤¾ç½Ã,2024-06-23 07:00,23.4,,1.6,250,92,988.9,0,.15,,10
266,±¤¾ç½Ã,2024-06-23 08:00,23.7,,2.3,230,89,989.6,0,.25,,10
266,±¤¾ç½Ã,2024-06-23 09:00,23.6,,2.3,250,89,990,0,.19,,10
266,±¤¾ç½Ã,2024-06-23 10:00,24.5,,2,250,87,989.7,0,.63,,10
266,±¤¾ç½Ã,2024-06-23 11:00,25.4,,2.2,250,84,989.8,0,1.34,,10
266,±¤¾ç½Ã,2024-06-23 12:00,25.1,,2.3,250,84,989.9,0,.63,,10
266,±¤¾ç½Ã,2024-06-23 13:00,25.4,,1.7,270,83,990,0,.77,,10
266,±¤¾ç½Ã,2024-06-23 14:00,25.7,,2.5,250,83,989.8,0,.79,,10
266,±¤¾ç½Ã,2024-06-23 15:00,27.1,,1.7,270,78,990.1,.1,1.5,,7
266,±¤¾ç½Ã,2024-06-23 16:00,27.2,,1.4,270,77,989.8,0,1.14,,6
266,±¤¾ç½Ã,2024-06-23 17:00,28.3,,2.3,290,68,989.7,.7,1.76,,6
266,±¤¾ç½Ã,2024-06-23 18:00,27.2,,2.2,250,74,990.5,.2,.82,,7
266,±¤¾ç½Ã,2024-06-23 19:00,26.7,,1.5,270,76,991.6,.5,.54,,7
266,±¤¾ç½Ã,2024-06-23 20:00,25.2,,1.9,270,80,992,0,.1,,7
266,±¤¾ç½Ã,2024-06-23 21:00,24.7,,1.8,230,83,992.8,,,,7
266,±¤¾ç½Ã,2024-06-23 22:00,24.2,,1.5,250,84,993.3,,,,6
266,±¤¾ç½Ã,2024-06-23 23:00,23.5,,.2,0,86,993.2,,,,6
266,±¤¾ç½Ã,2024-06-24 00:00,23,,.8,270,89,993.6,,,,7
266,±¤¾ç½Ã,2024-06-24 01:00,23,,1,230,92,993.8,,,,7
266,±¤¾ç½Ã,2024-06-24 02:00,22.7,,1.4,230,93,993.7,,,,8
266,±¤¾ç½Ã,2024-06-24 03:00,22.3,,.8,290,94,993.6,,,,7
266,±¤¾ç½Ã,2024-06-24 04:00,22,,.8,290,95,994,,,,9
266,±¤¾ç½Ã,2024-06-24 05:00,21.9,,1.3,230,94,994.1,,,,10
266,±¤¾ç½Ã,2024-06-24 06:00,21.8,,.9,230,95,994.3,0,.02,,9
266,±¤¾ç½Ã,2024-06-24 07:00,22.3,,.4,0,92,994.5,0,.12,,10
266,±¤¾ç½Ã,2024-06-24 08:00,22.7,,.7,250,92,994.9,0,.16,,9
266,±¤¾ç½Ã,2024-06-24 09:00,24.1,,.8,290,87,994.7,0,.63,,10
266,±¤¾ç½Ã,2024-06-24 10:00,25.4,,1.2,290,83,994.3,0,.99,,8
266,±¤¾ç½Ã,2024-06-24 11:00,26.7,,2.3,230,77,994.4,.5,2.12,,8
266,±¤¾ç½Ã,2024-06-24 12:00,26.6,,2.8,230,77,995.2,.1,1.72,,9
266,±¤¾ç½Ã,2024-06-24 13:00,26.8,,2.2,250,76,995.3,0,1.16,,9
266,±¤¾ç½Ã,2024-06-24 14:00,28.1,,2.1,230,74,995.1,.3,2.13,,7
266,±¤¾ç½Ã,2024-06-24 15:00,26.2,,3,200,80,995,.3,1.73,,7
266,±¤¾ç½Ã,2024-06-24 16:00,27.7,,2.2,230,76,994.5,.4,1.72,,8
266,±¤¾ç½Ã,2024-06-24 17:00,26.7,,2.8,250,78,994.7,.6,1.64,,8
266,±¤¾ç½Ã,2024-06-24 18:00,25.7,,3,250,82,995.3,0,.56,,10
266,±¤¾ç½Ã,2024-06-24 19:00,25.2,,2.6,250,86,995.4,0,.17,,10
266,±¤¾ç½Ã,2024-06-24 20:00,24.6,,2.4,270,87,995.7,0,.02,,10
266,±¤¾ç½Ã,2024-06-24 21:00,24.3,,3,290,84,996,,,,10
266,±¤¾ç½Ã,2024-06-24 22:00,23.9,,1.8,290,78,996.9,,,,10
266,±¤¾ç½Ã,2024-06-24 23:00,23.4,,2.2,320,76,997,,,,7
266,±¤¾ç½Ã,2024-06-25 00:00,23,,2.3,290,75,997.5,,,,8
266,±¤¾ç½Ã,2024-06-25 01:00,22.1,,1.7,250,72,997.6,,,,8
266,±¤¾ç½Ã,2024-06-25 02:00,21.5,,1.1,270,73,997.5,,,,8
266,±¤¾ç½Ã,2024-06-25 03:00,21.2,,1.3,230,73,998.1,,,,8
266,±¤¾ç½Ã,2024-06-25 04:00,20.6,,2.3,270,78,998.9,,,,8
266,±¤¾ç½Ã,2024-06-25 05:00,20.4,,2.3,270,73,999.4,,,,10
266,±¤¾ç½Ã,2024-06-25 06:00,20,,1.9,290,73,999.7,0,.04,,8
266,±¤¾ç½Ã,2024-06-25 07:00,20.7,,1.1,320,76,1000.2,.5,.45,,7
266,±¤¾ç½Ã,2024-06-25 08:00,22.5,,1.4,320,66,1000.5,.8,1.11,,8
266,±¤¾ç½Ã,2024-06-25 09:00,23,,.8,320,64,1000.7,.1,1.06,,9
266,±¤¾ç½Ã,2024-06-25 10:00,24.2,,1.7,290,61,1000.9,.4,1.76,,10
266,±¤¾ç½Ã,2024-06-25 11:00,24.9,,1,340,63,1001.1,.1,1.49,,9
266,±¤¾ç½Ã,2024-06-25 12:00,27,,1.1,90,53,1001.1,.9,2.82,,8
266,±¤¾ç½Ã,2024-06-25 13:00,26.7,,1.1,230,57,1001.4,.1,1.99,,10
266,±¤¾ç½Ã,2024-06-25 14:00,27.8,,.9,230,49,1001.1,.8,2.73,,9
266,±¤¾ç½Ã,2024-06-25 15:00,26.8,,1.6,270,55,1000.9,.3,1.87,,10
266,±¤¾ç½Ã,2024-06-25 16:00,27.8,,1.4,250,44,1001.2,.7,2.35,,10
266,±¤¾ç½Ã,2024-06-25 17:00,28.1,,1.9,250,47,1001.4,.7,1.78,,8
266,±¤¾ç½Ã,2024-06-25 18:00,26.9,,2.6,250,50,1001.6,.7,1.07,,9
266,±¤¾ç½Ã,2024-06-25 19:00,24.8,,1.8,250,61,1002.1,0,.31,,10
266,±¤¾ç½Ã,2024-06-25 20:00,23.7,,.7,180,65,1002.6,0,.05,,9
266,±¤¾ç½Ã,2024-06-25 21:00,22.9,,2.6,320,60,1003.4,,,,10
266,±¤¾ç½Ã,2024-06-25 22:00,22.9,,3.3,290,55,1004,,,,9
266,±¤¾ç½Ã,2024-06-25 23:00,22.5,,2.4,290,54,1004.2,,,,10
266,±¤¾ç½Ã,2024-06-26 00:00,21.7,,1.7,290,56,1004.3,,,,7
266,±¤¾ç½Ã,2024-06-26 01:00,20.5,,1.4,290,63,1004.3,,,,6
266,±¤¾ç½Ã,2024-06-26 02:00,20.1,,.9,340,62,1004.5,,,,9
266,±¤¾ç½Ã,2024-06-26 03:00,19.8,,.6,360,63,1004.4,,,,8
266,±¤¾ç½Ã,2024-06-26 04:00,19.6,,.7,160,67,1004.7,,,,9
266,±¤¾ç½Ã,2024-06-26 05:00,18.6,,.7,290,69,1005.2,,,,8
266,±¤¾ç½Ã,2024-06-26 06:00,17.8,,1,290,74,1005.7,0,.04,,8
266,±¤¾ç½Ã,2024-06-26 07:00,19,,.6,290,71,1005.8,.2,.38,,7
266,±¤¾ç½Ã,2024-06-26 08:00,22,,.3,0,65,1006.2,.9,.93,,8
266,±¤¾ç½Ã,2024-06-26 09:00,23.9,,.4,0,57,1006.3,.9,1.48,,8
266,±¤¾ç½Ã,2024-06-26 10:00,25.8,,.6,140,53,1006,.9,2.12,,8
266,±¤¾ç½Ã,2024-06-26 11:00,26.6,,.9,110,51,1005.9,.9,2.3,,8
266,±¤¾ç½Ã,2024-06-26 12:00,27.3,,2,140,46,1005.9,1,2.89,,7
266,±¤¾ç½Ã,2024-06-26 13:00,27.7,,1.4,200,44,1005.4,1,3.06,,8
266,±¤¾ç½Ã,2024-06-26 14:00,28.3,,1.5,180,46,1004.6,1,2.88,,8
266,±¤¾ç½Ã,2024-06-26 15:00,28.9,,1.7,200,46,1004.4,1,2.91,,6
266,±¤¾ç½Ã,2024-06-26 16:00,28,,2.7,180,43,1004.4,1,2.45,,6
266,±¤¾ç½Ã,2024-06-26 17:00,28.3,,1.5,180,45,1004.5,1,2.07,,4
266,±¤¾ç½Ã,2024-06-26 18:00,25.9,,2.9,200,48,1005.1,.7,.92,,7
266,±¤¾ç½Ã,2024-06-26 19:00,24.6,,1.8,230,55,1005.3,.2,.42,,8
266,±¤¾ç½Ã,2024-06-26 20:00,23.2,,1.3,250,61,1005.8,0,.1,,6
266,±¤¾ç½Ã,2024-06-26 21:00,21.7,,1,270,64,1006,,,,6
266,±¤¾ç½Ã,2024-06-26 22:00,20.8,,1.4,320,66,1006.4,,,,5
266,±¤¾ç½Ã,2024-06-26 23:00,20.3,,.9,290,70,1006.3,,,,3
266,±¤¾ç½Ã,2024-06-27 00:00,20.2,,.7,270,68,1006.1,,,,9
266,±¤¾ç½Ã,2024-06-27 01:00,19.5,,0,0,71,1005.5,,,,8
266,±¤¾ç½Ã,2024-06-27 02:00,18.7,,1.2,250,74,1005.1,,,,9
266,±¤¾ç½Ã,2024-06-27 03:00,18.4,,.3,0,74,1005,,,,9
266,±¤¾ç½Ã,2024-06-27 04:00,18.3,,.4,0,75,1005.1,,,,10
266,±¤¾ç½Ã,2024-06-27 05:00,18.2,,.5,270,75,1004.8,,,,10
266,±¤¾ç½Ã,2024-06-27 06:00,18.2,,.1,0,74,1004.9,0,.01,,10
266,±¤¾ç½Ã,2024-06-27 07:00,18.4,,.3,0,75,1004.8,0,.16,,10
266,±¤¾ç½Ã,2024-06-27 08:00,19.3,,.8,110,74,1004.8,0,.36,,10
266,±¤¾ç½Ã,2024-06-27 09:00,20.3,,1.6,90,73,1004.5,0,.53,,10
266,±¤¾ç½Ã,2024-06-27 10:00,21.6,,.8,110,71,1004,0,.81,,10
266,±¤¾ç½Ã,2024-06-27 11:00,22.6,,1.7,90,70,1004.4,0,.96,,10
266,±¤¾ç½Ã,2024-06-27 12:00,22.9,,2,70,68,1003.4,0,.92,,10
266,±¤¾ç½Ã,2024-06-27 13:00,23,,2.6,90,64,1002.9,0,.93,,10
266,±¤¾ç½Ã,2024-06-27 14:00,22.5,,2,90,67,1002.4,0,.49,,10
266,±¤¾ç½Ã,2024-06-27 15:00,20.6,0,2.7,90,74,1002.1,0,.32,,10
266,±¤¾ç½Ã,2024-06-27 16:00,18.9,.4,2.7,90,83,1001.2,0,.24,,10
266,±¤¾ç½Ã,2024-06-27 17:00,18.7,.2,2.2,90,87,1000.7,0,.33,,10
266,±¤¾ç½Ã,2024-06-27 18:00,19.2,0,2.6,70,81,1000.1,0,.23,,10
266,±¤¾ç½Ã,2024-06-27 19:00,19.1,.2,1.4,160,85,1000.2,0,.07,,10
266,±¤¾ç½Ã,2024-06-27 20:00,18.6,.2,1.7,90,91,1000.1,0,.01,,10
266,±¤¾ç½Ã,2024-06-27 21:00,18.9,,1,110,89,1000.3,,,,10
266,±¤¾ç½Ã,2024-06-27 22:00,19,,1.7,200,87,1000.6,,,,10
266,±¤¾ç½Ã,2024-06-27 23:00,19.1,,.7,160,89,1000.3,,,,10
266,±¤¾ç½Ã,2024-06-28 00:00,19.5,,1.1,70,79,999.7,,,,10
266,±¤¾ç½Ã,2024-06-28 01:00,19.6,,.7,340,78,998.8,,,,9
266,±¤¾ç½Ã,2024-06-28 02:00,19.4,,1.3,180,84,998.6,,,,8
266,±¤¾ç½Ã,2024-06-28 03:00,18.6,,0,0,88,998.5,,,,1
266,±¤¾ç½Ã,2024-06-28 04:00,18.1,,.5,110,91,998.4,,,,2
266,±¤¾ç½Ã,2024-06-28 05:00,17.5,,.9,290,92,998.9,,,,2
266,±¤¾ç½Ã,2024-06-28 06:00,18,,.5,320,93,998.9,.2,.06,,2
266,±¤¾ç½Ã,2024-06-28 07:00,20,,.8,250,85,999.2,1,.53,,1
266,±¤¾ç½Ã,2024-06-28 08:00,22.9,,.6,270,76,999.5,1,1.22,,1
266,±¤¾ç½Ã,2024-06-28 09:00,24.8,,1.3,270,69,999.2,1,1.92,,1
266,±¤¾ç½Ã,2024-06-28 10:00,26.1,,1.5,200,67,999.2,1,2.5,,1
266,±¤¾ç½Ã,2024-06-28 11:00,27.9,,1.6,180,62,998.7,1,3.05,,4
266,±¤¾ç½Ã,2024-06-28 12:00,28.8,,2.1,160,62,997.9,1,3.24,,6
266,±¤¾ç½Ã,2024-06-28 13:00,29.6,,1.4,200,55,997.3,1,3.37,,5
266,±¤¾ç½Ã,2024-06-28 14:00,29.9,,2,180,62,997,1,3.31,,7
266,±¤¾ç½Ã,2024-06-28 15:00,30,,2.2,230,60,997.1,1,3.12,,6
266,±¤¾ç½Ã,2024-06-28 16:00,29.7,,2,230,62,997.1,1,2.44,,6
266,±¤¾ç½Ã,2024-06-28 17:00,28.7,,2.4,200,62,997.4,.9,1.73,,2
266,±¤¾ç½Ã,2024-06-28 18:00,26.9,,2.4,250,67,997.6,1,1.12,,3
266,±¤¾ç½Ã,2024-06-28 19:00,25.9,,1.5,230,70,998.1,.4,.42,,7
266,±¤¾ç½Ã,2024-06-28 20:00,24.1,,1.7,230,75,998.6,0,.08,,7
266,±¤¾ç½Ã,2024-06-28 21:00,23,,1.4,270,82,999,,,,8
266,±¤¾ç½Ã,2024-06-28 22:00,22.4,,.7,230,84,999.2,,,,8
266,±¤¾ç½Ã,2024-06-28 23:00,22,,.8,250,86,999,,,,7
266,±¤¾ç½Ã,2024-06-29 00:00,21.5,,.2,0,91,998.8,,,,8
266,±¤¾ç½Ã,2024-06-29 01:00,21.5,,1,270,93,998.6,,,,9
266,±¤¾ç½Ã,2024-06-29 02:00,21.3,,1,270,93,998.8,,,,8
266,±¤¾ç½Ã,2024-06-29 03:00,21.1,,.6,270,94,999,,,,8
266,±¤¾ç½Ã,2024-06-29 04:00,21.2,,.4,0,93,998.9,,,,10
266,±¤¾ç½Ã,2024-06-29 05:00,21.6,,.7,20,93,998.9,,,,9
266,±¤¾ç½Ã,2024-06-29 06:00,21.8,,.3,0,91,998.9,0,.03,,8
266,±¤¾ç½Ã,2024-06-29 07:00,22.5,,0,0,89,999.2,0,.24,,8
266,±¤¾ç½Ã,2024-06-29 08:00,22.7,,1,140,89,999.4,0,.17,,9
266,±¤¾ç½Ã,2024-06-29 09:00,23.7,,.6,90,85,999,0,.57,,10
266,±¤¾ç½Ã,2024-06-29 10:00,22.8,0,1.1,70,93,998.9,0,.38,,10
266,±¤¾ç½Ã,2024-06-29 11:00,22.6,.4,1.7,90,95,998.3,0,.27,,10
266,±¤¾ç½Ã,2024-06-29 12:00,22.4,1.2,1.4,70,97,998,0,.2,,10
266,±¤¾ç½Ã,2024-06-29 13:00,22.3,1.9,1.4,90,97,997.6,0,.17,,10
266,±¤¾ç½Ã,2024-06-29 14:00,22.3,4,2,90,98,997,0,.13,,10
266,±¤¾ç½Ã,2024-06-29 15:00,22.6,7.7,2.5,90,99,996,0,.12,,10
266,±¤¾ç½Ã,2024-06-29 16:00,22.8,3.9,2.5,90,99,994.8,0,.11,,10
266,±¤¾ç½Ã,2024-06-29 17:00,23.3,5.6,3.4,140,99,993.9,0,.07,,10
266,±¤¾ç½Ã,2024-06-29 18:00,23.2,28.1,2.2,110,99,993.2,0,.04,,10
266,±¤¾ç½Ã,2024-06-29 19:00,23.3,34.4,1,70,99,993.2,0,.01,,10
266,±¤¾ç½Ã,2024-06-29 20:00,23.6,11.2,1.7,250,99,993.4,0,0,,10
266,±¤¾ç½Ã,2024-06-29 21:00,23.8,7.6,1.8,250,99,993.3,,,,10
266,±¤¾ç½Ã,2024-06-29 22:00,24.1,.3,1.4,250,98,993.8,,,,10
266,±¤¾ç½Ã,2024-06-29 23:00,23.8,.5,.7,270,97,993.7,,,,10
266,±¤¾ç½Ã,2024-06-30 00:00,23.7,.3,1.2,270,97,993.3,,,,10
266,±¤¾ç½Ã,2024-06-30 01:00,23.7,.1,.5,290,97,992.9,,,,10
266,±¤¾ç½Ã,2024-06-30 02:00,23.9,1.1,1.5,230,97,991.9,,,,10
266,±¤¾ç½Ã,2024-06-30 03:00,23.8,7.3,2.3,230,98,991.2,,,,10
266,±¤¾ç½Ã,2024-06-30 04:00,23.8,9.1,1.7,250,99,990.9,,,,10
266,±¤¾ç½Ã,2024-06-30 05:00,23.8,13.5,2.6,230,99,990.9,,,,10
266,±¤¾ç½Ã,2024-06-30 06:00,23.8,18.7,2.2,230,99,990.7,0,.01,,10
266,±¤¾ç½Ã,2024-06-30 07:00,24.3,.1,2.6,250,99,990.6,0,.03,,9
266,±¤¾ç½Ã,2024-06-30 08:00,24.2,.4,2.7,230,99,990.9,0,.05,,9
266,±¤¾ç½Ã,2024-06-30 09:00,24.2,1,3.2,270,99,990.9,0,.09,,10
266,±¤¾ç½Ã,2024-06-30 10:00,24.4,16.1,3,250,99,991.2,0,.23,,10
266,±¤¾ç½Ã,2024-06-30 11:00,24.5,.1,2,270,98,990.8,0,.43,,10
266,±¤¾ç½Ã,2024-06-30 12:00,25.2,,2.7,270,94,990.5,0,.99,,10
266,±¤¾ç½Ã,2024-06-30 13:00,25,0,3,250,96,990.4,0,.61,,10
266,±¤¾ç½Ã,2024-06-30 14:00,25.5,.2,2.8,250,93,989.9,0,.81,,10
266,±¤¾ç½Ã,2024-06-30 15:00,25.4,,3,250,93,990,0,.58,,9
266,±¤¾ç½Ã,2024-06-30 16:00,25.4,0,2.3,250,92,990.1,0,.63,,10
266,±¤¾ç½Ã,2024-06-30 17:00,25.3,,3,250,92,990.2,0,.39,,10
266,±¤¾ç½Ã,2024-06-30 18:00,24.6,.6,1.5,270,97,990.4,0,.16,,10
266,±¤¾ç½Ã,2024-06-30 19:00,24.2,1.6,2.1,230,98,991.3,0,.06,,10
266,±¤¾ç½Ã,2024-06-30 20:00,23.9,3.8,2.1,250,99,991.8,0,.01,,10
266,±¤¾ç½Ã,2024-06-30 21:00,23.9,1.2,1.1,200,98,991.9,,,,9
266,±¤¾ç½Ã,2024-06-30 22:00,23.8,,1.7,200,98,992.2,,,,8
266,±¤¾ç½Ã,2024-06-30 23:00,23.7,,2.1,230,99,992.8,,,,9
266,±¤¾ç½Ã,2024-07-01 00:00,23.5,,1.5,250,98,992.9,,,,8
