파일명,구간,발전소,호기,평균 발전효율(%),최대 발전효율(%),최소 발전효율(%)
한국남부발전(주)_감우리태양광 발전실적_20250228.csv,1/10,감우리태양광,1,14.358844765342958,26.256317689530682,1.0361010830324913
한국남부발전(주)_감우리태양광 발전실적_20250228.csv,2/10,감우리태양광,1,16.5578450430436,28.985559566787,1.0433212996389891
한국남부발전(주)_감우리태양광 발전실적_20250228.csv,3/10,감우리태양광,1,18.501638433768395,30.671480144404327,1.949458483754513
한국남부발전(주)_감우리태양광 발전실적_20250228.csv,4/10,감우리태양광,1,13.825992779783393,26.653429602888085,0.06859205776173286
한국남부발전(주)_감우리태양광 발전실적_20250228.csv,5/10,감우리태양광,1,15.485281866148293,28.79783393501805,0.0
한국남부발전(주)_감우리태양광 발전실적_20250228.csv,6/10,감우리태양광,1,16.59447375728964,28.89169675090253,0.0
한국남부발전(주)_감우리태양광 발전실적_20250228.csv,7/10,감우리태양광,1,11.310469314079423,24.794223826714802,0.0
한국남부발전(주)_감우리태양광 발전실적_20250228.csv,8/10,감우리태양광,1,17.69805609552902,30.003610108303246,0.6750902527075814
한국남부발전(주)_감우리태양광 발전실적_20250228.csv,9/10,감우리태양광,1,16.870147181338517,27.364620938628153,1.516245487364621
한국남부발전(주)_감우리태양광 발전실적_20250228.csv,10/10,감우리태양광,1,12.777789751602999,24.855595667870038,0.0
한국남부발전(주)_남제주소내 태양광발전실적_20250228.csv,1/10,남제주소내,1,12.525513364129436,25.179910714285715,0.12759353741496599
한국남부발전(주)_남제주소내 태양광발전실적_20250228.csv,2/10,남제주소내,1,11.729880502313536,25.811203231292517,0.005123299319727891
한국남부발전(주)_남제주소내 태양광발전실적_20250228.csv,3/10,남제주소내,1,12.96722063262242,25.93107993197278,0.0
한국남부발전(주)_남제주소내 태양광발전실적_20250228.csv,4/10,남제주소내,1,12.664476418382668,27.345960884353744,0.0
한국남부발전(주)_남제주소내 태양광발전실적_20250228.csv,5/10,남제주소내,1,12.077280549043945,25.32999574829932,0.0
한국남부발전(주)_남제주소내 태양광발전실적_20250228.csv,6/10,남제주소내,1,10.538443800943801,25.723533163265305,0.0
한국남부발전(주)_남제주소내 태양광발전실적_20250228.csv,7/10,남제주소내,1,10.9607336290372,24.510607993197276,0.0
한국남부발전(주)_남제주소내 태양광발전실적_20250228.csv,8/10,남제주소내,1,7.723177514248942,23.20187074829932,0.0
한국남부발전(주)_남제주소내 태양광발전실적_20250228.csv,9/10,남제주소내,1,11.098788121667585,25.78811649659864,0.0
한국남부발전(주)_남제주소내 태양광발전실적_20250228.csv,10/10,남제주소내,1,10.664658214743298,24.875977891156467,0.0
한국남부발전(주)_무릉리 태양광발전실적_20250228.csv,1/10,무릉리,1,13.714124396668435,28.258132468067572,0.0
한국남부발전(주)_무릉리 태양광발전실적_20250228.csv,2/10,무릉리,1,13.178401465654249,24.492619489081175,1.4823650597445404
한국남부발전(주)_무릉리 태양광발전실적_20250228.csv,3/10,무릉리,1,16.56872365942669,28.81681602801813,0.0
한국남부발전(주)_무릉리 태양광발전실적_20250228.csv,4/10,무릉리,1,15.749562400671019,26.831623403378657,0.0
한국남부발전(주)_무릉리 태양광발전실적_20250228.csv,5/10,무릉리,1,9.888430234269233,24.660208075813756,0.0
한국남부발전(주)_무릉리 태양광발전실적_20250228.csv,6/10,무릉리,1,11.631970429395489,27.420117428924595,0.0
한국남부발전(주)_무릉리 태양광발전실적_20250228.csv,7/10,무릉리,1,13.503369165342281,25.47961475072105,0.3910795220436753
한국남부발전(주)_무릉리 태양광발전실적_20250228.csv,8/10,무릉리,1,13.703030527105774,28.205984754841364,1.024242892459827
한국남부발전(주)_무릉리 태양광발전실적_20250228.csv,9/10,무릉리,1,15.19231440196598,27.282303255047385,0.0
한국남부발전(주)_무릉리 태양광발전실적_20250228.csv,10/10,무릉리,1,10.447908830713992,21.937561804697157,0.3798877214668315
한국남부발전(주)_부산복합자재창고 태양광발전실적_20250228.csv,1/10,부산복합자재창고,1,15.044864383099677,26.16042780748663,0.0855614973262032
한국남부발전(주)_부산복합자재창고 태양광발전실적_20250228.csv,2/10,부산복합자재창고,1,14.91406513465337,26.005347593582883,0.0
한국남부발전(주)_부산복합자재창고 태양광발전실적_20250228.csv,3/10,부산복합자재창고,1,13.761779158837982,25.486631016042775,0.0
한국남부발전(주)_부산복합자재창고 태양광발전실적_20250228.csv,4/10,부산복합자재창고,1,14.651214048272871,25.22994652406417,0.08021390374331552
한국남부발전(주)_부산복합자재창고 태양광발전실적_20250228.csv,5/10,부산복합자재창고,1,14.584441393264921,25.3475935828877,0.22994652406417115
한국남부발전(주)_부산복합자재창고 태양광발전실적_20250228.csv,6/10,부산복합자재창고,1,15.112299465240643,26.04812834224599,0.06951871657754011
한국남부발전(주)_부산복합자재창고 태양광발전실적_20250228.csv,7/10,부산복합자재창고,1,15.458977694271812,26.15508021390374,0.6042780748663101
한국남부발전(주)_부산복합자재창고 태양광발전실적_20250228.csv,8/10,부산복합자재창고,1,15.03080888375006,25.40106951871658,0.0
한국남부발전(주)_부산복합자재창고 태양광발전실적_20250228.csv,9/10,부산복합자재창고,1,10.869381413499061,24.165775401069524,0.0
한국남부발전(주)_부산복합자재창고 태양광발전실적_20250228.csv,10/10,부산복합자재창고,1,8.245461739526629,19.245989304812834,0.0
한국남부발전(주)_부산본부 태양광발전실적_20250228.csv,1/10,부산본부,1,11.807704793427087,19.214923469387752,0.0
한국남부발전(주)_부산본부 태양광발전실적_20250228.csv,2/10,부산본부,1,5.860736751726101,17.03571428571429,0.0
한국남부발전(주)_부산본부 태양광발전실적_20250228.csv,3/10,부산본부,1,5.692354501591368,9.483290816326532,0.0
한국남부발전(주)_부산본부 태양광발전실적_20250228.csv,4/10,부산본부,1,5.781742579935956,9.523852040816326,0.0
한국남부발전(주)_부산본부 태양광발전실적_20250228.csv,4/10,부산본부,2,14.397821935398902,27.038844621513945,0.0
한국남부발전(주)_부산본부 태양광발전실적_20250228.csv,5/10,부산본부,1,5.403049767811316,9.469132653061225,0.0
한국남부발전(주)_부산본부 태양광발전실적_20250228.csv,5/10,부산본부,2,13.319290004162454,26.477091633466138,0.0
한국남부발전(주)_부산본부 태양광발전실적_20250228.csv,6/10,부산본부,1,5.732241090466037,9.404081632653059,0.0
한국남부발전(주)_부산본부 태양광발전실적_20250228.csv,6/10,부산본부,2,14.857602524035595,26.145418326693225,0.0
한국남부발전(주)_부산본부 태양광발전실적_20250228.csv,7/10,부산본부,1,5.528580593914213,9.232270408163265,0.0
한국남부발전(주)_부산본부 태양광발전실적_20250228.csv,7/10,부산본부,2,14.945795920794433,25.138446215139442,0.0
한국남부발전(주)_부산본부 태양광발전실적_20250228.csv,8/10,부산본부,1,5.353290054827901,9.0577806122449,0.0
한국남부발전(주)_부산본부 태양광발전실적_20250228.csv,8/10,부산본부,2,14.249740558723193,24.2211155378486,0.0
한국남부발전(주)_부산본부 태양광발전실적_20250228.csv,9/10,부산본부,1,4.691405581693756,8.659438775510203,0.0
한국남부발전(주)_부산본부 태양광발전실적_20250228.csv,9/10,부산본부,2,10.433977522744842,23.444223107569716,0.0
한국남부발전(주)_부산본부 태양광발전실적_20250228.csv,10/10,부산본부,1,5.066409419851026,8.726785714285713,0.0
한국남부발전(주)_부산본부 태양광발전실적_20250228.csv,10/10,부산본부,2,13.165400711693286,24.513944223107572,0.1404382470119522
한국남부발전(주)_부산수처리장 태양광발전실적_20250228.csv,1/10,부산수처리장,1,14.439600520060289,24.327327327327325,0.0
한국남부발전(주)_부산수처리장 태양광발전실적_20250228.csv,2/10,부산수처리장,1,15.250112181146662,25.61261261261262,0.4354354354354355
한국남부발전(주)_부산수처리장 태양광발전실적_20250228.csv,3/10,부산수처리장,1,13.135181158169665,23.468468468468465,0.13213213213213215
한국남부발전(주)_부산수처리장 태양광발전실적_20250228.csv,4/10,부산수처리장,1,14.605594099846973,25.603603603603602,0.08408408408408409
한국남부발전(주)_부산수처리장 태양광발전실적_20250228.csv,5/10,부산수처리장,1,10.63670567118843,24.891891891891895,0.10510510510510511
한국남부발전(주)_부산수처리장 태양광발전실적_20250228.csv,6/10,부산수처리장,1,13.673995834915376,25.144144144144143,0.03903903903903904
한국남부발전(주)_부산수처리장 태양광발전실적_20250228.csv,7/10,부산수처리장,1,14.498164831498165,25.849849849849853,1.6186186186186182
한국남부발전(주)_부산수처리장 태양광발전실적_20250228.csv,8/10,부산수처리장,1,4.132258695477086,22.270270270270274,0.0
한국남부발전(주)_부산수처리장 태양광발전실적_20250228.csv,9/10,부산수처리장,1,15.507553530542035,25.297297297297295,0.2222222222222222
한국남부발전(주)_부산수처리장 태양광발전실적_20250228.csv,10/10,부산수처리장,1,15.338574529585765,24.6996996996997,0.0
한국남부발전(주)_부산신항 태양광발전실적.csv,1/10,부산신항,1,11.572347728162946,24.43652173913043,0.0
한국남부발전(주)_부산신항 태양광발전실적.csv,2/10,부산신항,1,12.331828241284763,23.689999999999998,0.0
한국남부발전(주)_부산신항 태양광발전실적.csv,3/10,부산신항,1,11.811792009400705,24.293913043478256,0.0
한국남부발전(주)_부산신항 태양광발전실적.csv,4/10,부산신항,1,11.47014492753623,24.469565217391303,0.0
한국남부발전(주)_부산신항 태양광발전실적.csv,5/10,부산신항,1,10.036611829220526,22.838260869565215,0.0
한국남부발전(주)_부산신항 태양광발전실적.csv,6/10,부산신항,1,11.662475518997258,24.026086956521738,0.0
한국남부발전(주)_부산신항 태양광발전실적.csv,7/10,부산신항,1,10.927369761065414,22.56521739130435,0.0
한국남부발전(주)_부산신항 태양광발전실적.csv,8/10,부산신항,1,11.025470035252646,23.021739130434785,0.0
한국남부발전(주)_부산신항 태양광발전실적.csv,9/10,부산신항,1,8.149285154719937,18.352173913043476,0.0
한국남부발전(주)_부산신항 태양광발전실적.csv,10/10,부산신항,1,10.293332033534803,21.934782608695656,0.0
한국남부발전(주)_부산운동장 태양광발전실적_20250228.csv,1/10,부산운동장,1,60.850737319227214,99.5755968169761,0.0
한국남부발전(주)_부산운동장 태양광발전실적_20250228.csv,2/10,부산운동장,1,62.199660558756875,104.0583554376658,2.9840848806366047
한국남부발전(주)_부산운동장 태양광발전실적_20250228.csv,3/10,부산운동장,1,55.40753274998221,93.48806366047747,0.9416445623342176
한국남부발전(주)_부산운동장 태양광발전실적_20250228.csv,4/10,부산운동장,1,62.94597396262082,103.56763925729445,0.0
한국남부발전(주)_부산운동장 태양광발전실적_20250228.csv,5/10,부산운동장,1,63.08119149974084,104.9602122015915,3.0636604774535807
한국남부발전(주)_부산운동장 태양광발전실적_20250228.csv,6/10,부산운동장,1,59.67224610506418,99.27055702917772,0.0
한국남부발전(주)_부산운동장 태양광발전실적_20250228.csv,7/10,부산운동장,1,60.657896074067295,100.9814323607427,6.724137931034484
한국남부발전(주)_부산운동장 태양광발전실적_20250228.csv,8/10,부산운동장,1,57.94439871134282,102.9840848806366,0.0
한국남부발전(주)_부산운동장 태양광발전실적_20250228.csv,9/10,부산운동장,1,60.29269185036129,99.81432360742708,1.326259946949602
한국남부발전(주)_부산운동장 태양광발전실적_20250228.csv,10/10,부산운동장,1,58.237663795587075,96.44562334217505,0.0
한국남부발전(주)_삼척소내 태양광발전실적_20250228.csv,1/10,삼척소내,1,15.441349846578607,28.330330330330327,0.0
한국남부발전(주)_삼척소내 태양광발전실적_20250228.csv,1/10,삼척소내,2,16.723976929414995,28.936363636363637,0.6393939393939394
한국남부발전(주)_삼척소내 태양광발전실적_20250228.csv,1/10,삼척소내,3,14.136118719989685,27.231518481518478,0.0
한국남부발전(주)_삼척소내 태양광발전실적_20250228.csv,2/10,삼척소내,1,15.616552642868433,27.84684684684685,0.16216216216216214
한국남부발전(주)_삼척소내 태양광발전실적_20250228.csv,2/10,삼척소내,2,16.744905660377356,28.639393939393937,0.7242424242424242
한국남부발전(주)_삼척소내 태양광발전실적_20250228.csv,2/10,삼척소내,3,16.012530702380324,28.029470529470522,0.8991008991008992
한국남부발전(주)_삼척소내 태양광발전실적_20250228.csv,2/10,삼척소내,4,14.205236161517423,24.964409388226237,0.845517506733359
한국남부발전(주)_삼척소내 태양광발전실적_20250228.csv,3/10,삼척소내,1,16.62238187554643,28.38738738738738,0.5225225225225225
한국남부발전(주)_삼척소내 태양광발전실적_20250228.csv,3/10,삼척소내,2,17.278710837185415,28.615151515151517,1.1090909090909091
한국남부발전(주)_삼척소내 태양광발전실적_20250228.csv,3/10,삼척소내,3,16.332698022316666,27.988261738261738,1.2512487512487513
한국남부발전(주)_삼척소내 태양광발전실적_20250228.csv,3/10,삼척소내,4,16.880979320599188,28.210850327048863,1.197575990765679
한국남부발전(주)_삼척소내 태양광발전실적_20250228.csv,4/10,삼척소내,1,15.213658573828067,29.042042042042045,0.0
한국남부발전(주)_삼척소내 태양광발전실적_20250228.csv,4/10,삼척소내,2,15.980718578186934,28.72727272727273,0.8272727272727274
한국남부발전(주)_삼척소내 태양광발전실적_20250228.csv,4/10,삼척소내,3,14.805845637413432,27.737262737262743,1.0639360639360638
한국남부발전(주)_삼척소내 태양광발전실적_20250228.csv,4/10,삼척소내,4,15.14086252209129,27.737591381300497,1.1456329357445167
한국남부발전(주)_삼척소내 태양광발전실적_20250228.csv,5/10,삼척소내,1,15.482452791774826,28.321321321321317,1.207207207207207
한국남부발전(주)_삼척소내 태양광발전실적_20250228.csv,5/10,삼척소내,2,15.8365562403698,28.384848484848487,0.0
한국남부발전(주)_삼척소내 태양광발전실적_20250228.csv,5/10,삼척소내,3,15.967023482846267,27.422577422577426,1.8169330669330668
한국남부발전(주)_삼척소내 태양광발전실적_20250228.csv,5/10,삼척소내,4,15.984631474947992,27.512504809542133,1.6362062331666025
한국남부발전(주)_삼척소내 태양광발전실적_20250228.csv,6/10,삼척소내,1,17.036990380210717,28.225225225225227,0.39339339339339335
한국남부발전(주)_삼척소내 태양광발전실적_20250228.csv,6/10,삼척소내,2,17.856009244992297,28.68181818181818,1.3878787878787882
한국남부발전(주)_삼척소내 태양광발전실적_20250228.csv,6/10,삼척소내,3,15.770505977073775,27.317682317682323,1.461038961038961
한국남부발전(주)_삼척소내 태양광발전실적_20250228.csv,6/10,삼척소내,4,17.166656114084777,27.599076567910735,1.1918045402077722
한국남부발전(주)_삼척소내 태양광발전실적_20250228.csv,7/10,삼척소내,1,14.316613223392887,25.92192192192192,0.003003003003003003
한국남부발전(주)_삼척소내 태양광발전실적_20250228.csv,7/10,삼척소내,2,14.892013353877763,26.23333333333333,0.0
한국남부발전(주)_삼척소내 태양광발전실적_20250228.csv,7/10,삼척소내,3,12.916844807734641,25.358391608391607,0.0
한국남부발전(주)_삼척소내 태양광발전실적_20250228.csv,7/10,삼척소내,4,13.667963822502323,26.060984994228548,0.0
한국남부발전(주)_삼척소내 태양광발전실적_20250228.csv,8/10,삼척소내,1,15.902256687066812,27.15315315315315,0.0
한국남부발전(주)_삼척소내 태양광발전실적_20250228.csv,8/10,삼척소내,2,15.909742999616418,27.854545454545455,0.0
한국남부발전(주)_삼척소내 태양광발전실적_20250228.csv,8/10,삼척소내,3,16.381891413671074,27.077922077922068,0.0
한국남부발전(주)_삼척소내 태양광발전실적_20250228.csv,8/10,삼척소내,4,15.64279223596637,26.467872258560988,0.0
한국남부발전(주)_삼척소내 태양광발전실적_20250228.csv,9/10,삼척소내,1,15.616060976230466,27.612612612612615,0.0
한국남부발전(주)_삼척소내 태양광발전실적_20250228.csv,9/10,삼척소내,2,16.38000770416025,28.257575757575754,0.0
한국남부발전(주)_삼척소내 태양광발전실적_20250228.csv,9/10,삼척소내,3,15.410586249193843,28.28421578421578,0.01123876123876124
한국남부발전(주)_삼척소내 태양광발전실적_20250228.csv,9/10,삼척소내,4,15.678169895853033,27.786648711042712,0.008657175836860332
한국남부발전(주)_삼척소내 태양광발전실적_20250228.csv,10/10,삼척소내,1,14.263250592364516,24.624624624624627,0.07207207207207207
한국남부발전(주)_삼척소내 태양광발전실적_20250228.csv,10/10,삼척소내,2,15.08129395218003,25.0030303030303,0.27575757575757576
한국남부발전(주)_삼척소내 태양광발전실적_20250228.csv,10/10,삼척소내,3,13.98666207210511,24.16333666333666,0.3671328671328672
한국남부발전(주)_삼척소내 태양광발전실적_20250228.csv,10/10,삼척소내,4,14.322363805083402,24.081377452866487,0.17314351673720663
한국남부발전(주)_송당리 태양광발전실적_20250228.csv,1/10,송당리,1,14.665331049868627,30.548641758609165,0.0
한국남부발전(주)_송당리 태양광발전실적_20250228.csv,2/10,송당리,1,12.777606291824863,26.607660481444334,0.0
한국남부발전(주)_송당리 태양광발전실적_20250228.csv,3/10,송당리,1,14.45726669537408,28.92067452357071,0.0
한국남부발전(주)_송당리 태양광발전실적_20250228.csv,4/10,송당리,1,12.640071479709635,26.369913908391844,0.2216273821464393
한국남부발전(주)_송당리 태양광발전실적_20250228.csv,5/10,송당리,1,14.212577435622748,29.00529087261785,0.0
한국남부발전(주)_송당리 태양광발전실적_20250228.csv,6/10,송당리,1,8.756834727568394,26.04755098629221,0.0
한국남부발전(주)_송당리 태양광발전실적_20250228.csv,7/10,송당리,1,9.399212931114459,24.810452189903046,0.0
한국남부발전(주)_송당리 태양광발전실적_20250228.csv,8/10,송당리,1,11.630363691423309,24.427632898696082,0.0
한국남부발전(주)_송당리 태양광발전실적_20250228.csv,9/10,송당리,1,13.253523878791698,28.791716817118022,0.0
한국남부발전(주)_송당리 태양광발전실적_20250228.csv,10/10,송당리,1,10.182468813754188,25.426980942828486,0.0
한국남부발전(주)_신인천 북측부지 태양광발전실적_20250228.csv,1/10,신인천북측부지,1,15.520651722706518,28.742009132420094,1.2305936073059363
한국남부발전(주)_신인천 북측부지 태양광발전실적_20250228.csv,2/10,신인천북측부지,1,16.38582992350116,27.853881278538818,1.6757990867579908
한국남부발전(주)_신인천 북측부지 태양광발전실적_20250228.csv,3/10,신인천북측부지,1,13.675621182470497,25.027397260273975,1.593607305936073
한국남부발전(주)_신인천 북측부지 태양광발전실적_20250228.csv,4/10,신인천북측부지,1,17.244974203878314,27.178082191780817,1.2123287671232874
한국남부발전(주)_신인천 북측부지 태양광발전실적_20250228.csv,5/10,신인천북측부지,1,13.482417126252741,25.468036529680365,0.7831050228310503
한국남부발전(주)_신인천 북측부지 태양광발전실적_20250228.csv,6/10,신인천북측부지,1,16.22020103184487,26.27625570776256,0.39726027397260283
한국남부발전(주)_신인천 북측부지 태양광발전실적_20250228.csv,7/10,신인천북측부지,1,13.134777323133488,22.963470319634702,0.9155251141552514
한국남부발전(주)_신인천 북측부지 태양광발전실적_20250228.csv,8/10,신인천북측부지,1,12.119210697977822,23.536529680365298,0.11643835616438358
한국남부발전(주)_신인천 북측부지 태양광발전실적_20250228.csv,9/10,신인천북측부지,1,16.070287018917156,25.255707762557073,1.3767123287671232
한국남부발전(주)_신인천 북측부지 태양광발전실적_20250228.csv,10/10,신인천북측부지,1,13.202458946651918,22.84246575342466,0.1735159817351598
한국남부발전(주)_신인천 주차장 태양광발전실적_20250228.csv,1/10,신인천주차장,1,16.17113682030763,26.24728441127695,0.3930901050304035
한국남부발전(주)_신인천 주차장 태양광발전실적_20250228.csv,2/10,신인천주차장,1,12.568840834042604,22.829387783305698,0.37978164731896075
한국남부발전(주)_신인천 주차장 태양광발전실적_20250228.csv,3/10,신인천주차장,1,15.544923055211887,27.15674405749033,1.0993228302929794
한국남부발전(주)_신인천 주차장 태양광발전실적_20250228.csv,4/10,신인천주차장,1,12.087777090444309,24.00199004975124,1.016044776119403
한국남부발전(주)_신인천 주차장 태양광발전실적_20250228.csv,5/10,신인천주차장,1,15.424431853080279,24.578302929795466,0.6262783305693752
한국남부발전(주)_신인천 주차장 태양광발전실적_20250228.csv,6/10,신인천주차장,1,11.402887129607693,22.756080707573243,0.24984798231066885
한국남부발전(주)_신인천 주차장 태양광발전실적_20250228.csv,7/10,신인천주차장,1,15.223849045483925,25.284549474847985,1.1093214483139853
한국남부발전(주)_신인천 주차장 태양광발전실적_20250228.csv,8/10,신인천주차장,1,11.190054175038972,20.990491984521835,0.03331260364842454
한국남부발전(주)_신인천 주차장 태양광발전실적_20250228.csv,9/10,신인천주차장,1,16.047949223605663,26.93687810945274,0.08660862354892207
한국남부발전(주)_신인천 주차장 태양광발전실적_20250228.csv,10/10,신인천주차장,1,12.163257857126405,21.33696793808734,0.0033305693753454945
한국남부발전(주)_신인천소내 태양광발전실적_20250228.csv,1/10,신인천소내,1,14.407320101351353,28.33972916666667,0.0
한국남부발전(주)_신인천소내 태양광발전실적_20250228.csv,2/10,신인천소내,1,15.211652308558557,26.4605625,0.41281249999999997
한국남부발전(주)_신인천소내 태양광발전실적_20250228.csv,3/10,신인천소내,1,14.631287068318318,25.8689375,0.24906250000000002
한국남부발전(주)_신인천소내 태양광발전실적_20250228.csv,4/10,신인천소내,1,14.010530358483484,26.21952083333333,0.6654375
한국남부발전(주)_신인천소내 태양광발전실적_20250228.csv,5/10,신인천소내,1,14.13550243993994,27.150062500000004,0.3676250000000001
한국남부발전(주)_신인천소내 태양광발전실적_20250228.csv,6/10,신인천소내,1,13.87858300487988,27.14004166666667,0.0
한국남부발전(주)_신인천소내 태양광발전실적_20250228.csv,7/10,신인천소내,1,14.141291572822825,26.130625000000002,0.573
한국남부발전(주)_신인천소내 태양광발전실적_20250228.csv,8/10,신인천소내,1,14.827361674174174,27.052604166666672,0.918
한국남부발전(주)_신인천소내 태양광발전실적_20250228.csv,9/10,신인천소내,1,11.739473442192194,25.608291666666666,0.260625
한국남부발전(주)_신인천소내 태양광발전실적_20250228.csv,10/10,신인천소내,1,11.13944388138138,21.526520833333333,0.11502083333333336
한국남부발전(주)_신인천전망대 태양광발전실적_20250228.csv,1/10,신인천전망대,1,15.34673009840277,26.885763490241104,0.0
한국남부발전(주)_신인천전망대 태양광발전실적_20250228.csv,2/10,신인천전망대,1,14.012959077292583,25.63432835820895,0.3587830080367394
한국남부발전(주)_신인천전망대 태양광발전실적_20250228.csv,3/10,신인천전망대,1,12.001255877992884,24.0097588978186,0.2985074626865672
한국남부발전(주)_신인천전망대 태양광발전실적_20250228.csv,4/10,신인천전망대,1,14.159782431784489,24.60964408725603,0.43915040183696896
한국남부발전(주)_신인천전망대 태양광발전실적_20250228.csv,5/10,신인천전망대,1,11.794772820248888,23.679678530424802,0.6257175660160735
한국남부발전(주)_신인천전망대 태양광발전실적_20250228.csv,6/10,신인천전망대,1,9.833755625057737,25.321469575200922,0.0
한국남부발전(주)_신인천전망대 태양광발전실적_20250228.csv,7/10,신인천전망대,1,11.625878124848787,22.063719862227323,0.203788748564868
한국남부발전(주)_신인천전망대 태양광발전실적_20250228.csv,8/10,신인천전망대,1,11.920855492651684,26.323191733639494,0.0
한국남부발전(주)_신인천전망대 태양광발전실적_20250228.csv,9/10,신인천전망대,1,11.355061562215447,31.940298507462693,0.0
한국남부발전(주)_신인천전망대 태양광발전실적_20250228.csv,10/10,신인천전망대,1,10.903165675511811,30.15212399540758,0.011481056257175661
한국남부발전(주)_신인천해수구취수구 태양광발전실적_20250228.csv,1/10,신인천해수구취수구,1,16.32867328188166,28.46857772877618,0.30099228224917307
한국남부발전(주)_신인천해수구취수구 태양광발전실적_20250228.csv,2/10,신인천해수구취수구,1,12.421433296582139,23.189636163175305,0.2249173098125689
한국남부발전(주)_신인천해수구취수구 태양광발전실적_20250228.csv,3/10,신인천해수구취수구,1,16.167497243660417,27.84343991179713,0.7177508269018742
한국남부발전(주)_신인천해수구취수구 태양광발전실적_20250228.csv,4/10,신인천해수구취수구,1,13.323248805586182,25.660418963616316,0.9525909592061742
한국남부발전(주)_신인천해수구취수구 태양광발전실적_20250228.csv,5/10,신인천해수구취수구,1,11.804101433296582,24.09922822491731,0.41675854465270123
한국남부발전(주)_신인천해수구취수구 태양광발전실적_20250228.csv,6/10,신인천해수구취수구,1,14.500389562660784,25.08489525909592,0.8467475192943771
한국남부발전(주)_신인천해수구취수구 태양광발전실적_20250228.csv,7/10,신인천해수구취수구,1,11.248864388092613,23.305402425578837,0.05953693495038588
한국남부발전(주)_신인천해수구취수구 태양광발전실적_20250228.csv,8/10,신인천해수구취수구,1,13.03792723263506,24.61852260198456,0.0
한국남부발전(주)_신인천해수구취수구 태양광발전실적_20250228.csv,9/10,신인천해수구취수구,1,12.584917309812568,25.243660418963614,0.0033076074972436605
한국남부발전(주)_신인천해수구취수구 태양광발전실적_20250228.csv,10/10,신인천해수구취수구,1,10.17508172727404,20.13340683572216,0.0
한국남부발전(주)_신풍리태양광 발전실적_20250228.csv,1/10,신풍리태양광,1,14.28089952429004,27.82643794147325,0.2785065590312815
한국남부발전(주)_신풍리태양광 발전실적_20250228.csv,2/10,신풍리태양광,1,12.446843015712842,23.458123107971744,0.3572149344096872
한국남부발전(주)_신풍리태양광 발전실적_20250228.csv,3/10,신풍리태양광,1,15.895956465330833,26.194752774974774,1.985872855701312
한국남부발전(주)_신풍리태양광 발전실적_20250228.csv,4/10,신풍리태양광,1,13.986932391523712,23.89404641775984,0.5116044399596368
한국남부발전(주)_신풍리태양광 발전실적_20250228.csv,5/10,신풍리태양광,1,10.470419489692949,25.552976791120074,0.0
한국남부발전(주)_신풍리태양광 발전실적_20250228.csv,6/10,신풍리태양광,1,9.584604295805102,24.190716448032287,0.0
한국남부발전(주)_신풍리태양광 발전실적_20250228.csv,7/10,신풍리태양광,1,10.931706789678536,24.60242179616549,0.0
한국남부발전(주)_신풍리태양광 발전실적_20250228.csv,8/10,신풍리태양광,1,10.70120369035606,26.04641775983854,0.0
한국남부발전(주)_신풍리태양광 발전실적_20250228.csv,9/10,신풍리태양광,1,14.321378117341792,26.52169525731584,0.6387487386478304
한국남부발전(주)_신풍리태양광 발전실적_20250228.csv,10/10,신풍리태양광,1,11.16350727980395,25.180625630676083,0.22401614530776995
한국남부발전(주)_영월본부 태양광발전실적_20250228.csv,1/10,영월본부,1,8.211264842144777,15.81107456140351,0.061129385964912276
한국남부발전(주)_영월본부 태양광발전실적_20250228.csv,2/10,영월본부,1,8.579183212818082,15.070120614035087,0.053618421052631586
한국남부발전(주)_영월본부 태양광발전실적_20250228.csv,3/10,영월본부,1,8.027952870633792,14.032565789473683,0.08289473684210527
한국남부발전(주)_영월본부 태양광발전실적_20250228.csv,4/10,영월본부,1,8.297832454164691,16.356798245614034,0.0
한국남부발전(주)_영월본부 태양광발전실적_20250228.csv,5/10,영월본부,1,7.515809353761656,13.289418859649125,0.043859649122807015
한국남부발전(주)_영월본부 태양광발전실적_20250228.csv,6/10,영월본부,1,7.194945521179075,12.805098684210527,0.0525767543859649
한국남부발전(주)_영월본부 태양광발전실적_20250228.csv,7/10,영월본부,1,6.9595044057215105,12.506359649122809,0.055592105263157894
한국남부발전(주)_영월본부 태양광발전실적_20250228.csv,8/10,영월본부,1,6.999005378733997,12.51589912280702,0.2569078947368421
한국남부발전(주)_영월본부 태양광발전실적_20250228.csv,9/10,영월본부,1,5.542924174174174,11.944024122807017,0.0
한국남부발전(주)_영월본부 태양광발전실적_20250228.csv,10/10,영월본부,1,4.159001084171102,12.287225877192984,0.0
한국남부발전(주)_영월철도부지 태양광발전실적_20250228.csv,1/10,영월철도부지,1,14.951527994349153,27.37867338371117,0.0
한국남부발전(주)_영월철도부지 태양광발전실적_20250228.csv,2/10,영월철도부지,1,16.715858355656845,27.724601175482782,0.36272040302266995
한국남부발전(주)_영월철도부지 태양광발전실적_20250228.csv,3/10,영월철도부지,1,14.298575293537509,27.882451721242656,0.22837951301427373
한국남부발전(주)_영월철도부지 태양광발전실적_20250228.csv,4/10,영월철도부지,1,14.44008636200072,27.130142737195634,0.2216624685138539
한국남부발전(주)_영월철도부지 태양광발전실적_20250228.csv,5/10,영월철도부지,1,15.83451281436168,28.497061293031066,0.2619647355163728
한국남부발전(주)_영월철도부지 태양광발전실적_20250228.csv,6/10,영월철도부지,1,14.31762024709128,27.167086481947944,0.7086481947942906
한국남부발전(주)_영월철도부지 태양광발전실적_20250228.csv,7/10,영월철도부지,1,12.857409406527795,25.46767422334173,0.0
한국남부발전(주)_영월철도부지 태양광발전실적_20250228.csv,8/10,영월철도부지,1,15.633961057134862,26.858102434928632,0.0
한국남부발전(주)_영월철도부지 태양광발전실적_20250228.csv,9/10,영월철도부지,1,13.932193834712727,25.29974811083123,0.0
한국남부발전(주)_영월철도부지 태양광발전실적_20250228.csv,10/10,영월철도부지,1,13.627493019350556,24.7727959697733,0.0
한국남부발전(주)_용수리 태양광발전실적_20250228.csv,1/10,용수리,1,11.40418692810914,24.34354143232096,0.0
한국남부발전(주)_용수리 태양광발전실적_20250228.csv,2/10,용수리,1,17.003438419188285,28.16879921259843,0.0
한국남부발전(주)_용수리 태양광발전실적_20250228.csv,3/10,용수리,1,12.91628539639067,24.227619985001876,1.6804461942257216
한국남부발전(주)_용수리 태양광발전실적_20250228.csv,4/10,용수리,1,16.071072802623274,28.410447131608553,0.0
한국남부발전(주)_용수리 태양광발전실적_20250228.csv,5/10,용수리,1,13.539424662367516,26.556463254593176,0.0
한국남부발전(주)_용수리 태양광발전실적_20250228.csv,6/10,용수리,1,7.992918072740909,23.932747469066364,0.0
한국남부발전(주)_용수리 태양광발전실적_20250228.csv,7/10,용수리,1,15.660671783263119,26.684917510311212,2.101743532058493
한국남부발전(주)_용수리 태양광발전실적_20250228.csv,8/10,용수리,1,9.951090799209105,26.904560367454067,1.106974128233971
한국남부발전(주)_용수리 태양광발전실적_20250228.csv,9/10,용수리,1,9.19731629043264,28.338938882639674,0.0
한국남부발전(주)_용수리 태양광발전실적_20250228.csv,10/10,용수리,1,8.34520422293839,21.400206224221975,0.0
한국남부발전(주)_위미2리 태양광발전실적_20250228.csv,1/10,위미2리,1,14.302452713003218,28.06628140703518,0.0
한국남부발전(주)_위미2리 태양광발전실적_20250228.csv,2/10,위미2리,1,14.174380752074983,28.335804020100507,0.0
한국남부발전(주)_위미2리 태양광발전실적_20250228.csv,3/10,위미2리,1,13.515401727739823,53.728098827470696,0.0
한국남부발전(주)_위미2리 태양광발전실적_20250228.csv,4/10,위미2리,1,13.179532564507934,26.80045226130653,0.0
한국남부발전(주)_위미2리 태양광발전실적_20250228.csv,5/10,위미2리,1,13.477241850638963,50.275820770519275,0.0
한국남부발전(주)_위미2리 태양광발전실적_20250228.csv,6/10,위미2리,1,11.884253924114958,27.83310720268006,0.0
한국남부발전(주)_위미2리 태양광발전실적_20250228.csv,7/10,위미2리,1,9.438715064084466,27.5151256281407,0.0
한국남부발전(주)_위미2리 태양광발전실적_20250228.csv,8/10,위미2리,1,13.312659128978224,25.365029313232828,0.0
한국남부발전(주)_위미2리 태양광발전실적_20250228.csv,9/10,위미2리,1,13.397755702670658,28.005707705192627,0.0
한국남부발전(주)_위미2리 태양광발전실적_20250228.csv,10/10,위미2리,1,13.47628951207651,25.36201005025126,0.0
한국남부발전(주)_이천D(백사면B) 태양광발전실적_20250228.csv,1/10,이천d백사면b,1,17.62069670608108,29.100774999999995,0.9572833333333334
한국남부발전(주)_이천D(백사면B) 태양광발전실적_20250228.csv,2/10,이천d백사면b,1,14.436756475225224,25.274366666666666,0.6505416666666666
한국남부발전(주)_이천D(백사면B) 태양광발전실적_20250228.csv,3/10,이천d백사면b,1,14.739229926801801,26.67819583333333,0.9422125
한국남부발전(주)_이천D(백사면B) 태양광발전실적_20250228.csv,4/10,이천d백사면b,1,15.347310135135134,27.247979166666664,0.0
한국남부발전(주)_이천D(백사면B) 태양광발전실적_20250228.csv,5/10,이천d백사면b,1,11.773380546171172,23.148587500000005,0.0
한국남부발전(주)_이천D(백사면B) 태양광발전실적_20250228.csv,6/10,이천d백사면b,1,16.819268412162163,26.501329166666665,0.9663166666666667
한국남부발전(주)_이천D(백사면B) 태양광발전실적_20250228.csv,7/10,이천d백사면b,1,12.940484459459459,24.745562500000002,0.0
한국남부발전(주)_이천D(백사면B) 태양광발전실적_20250228.csv,8/10,이천d백사면b,1,12.828577195945947,25.168608333333335,0.0316375
한국남부발전(주)_이천D(백사면B) 태양광발전실적_20250228.csv,9/10,이천d백사면b,1,15.84418800675676,27.1973625,0.6833791666666666
한국남부발전(주)_이천D(백사면B) 태양광발전실적_20250228.csv,10/10,이천d백사면b,1,12.237213366890378,22.212999999999997,0.0
한국남부발전(주)_이천시 백사면A 태양광 발전실적_20250228.csv,1/10,이천시백사면a,1,13.666900707981188,25.164962740821515,0.7130384405670666
한국남부발전(주)_이천시 백사면A 태양광 발전실적_20250228.csv,2/10,이천시백사면a,1,16.777807022588377,28.417986641221372,0.0
한국남부발전(주)_이천시 백사면A 태양광 발전실적_20250228.csv,3/10,이천시백사면a,1,11.393981591921118,27.089671937477284,0.0
한국남부발전(주)_이천시 백사면A 태양광 발전실적_20250228.csv,4/10,이천시백사면a,1,13.53256051421642,24.649488822246454,0.0061591239549254806
한국남부발전(주)_이천시 백사면A 태양광 발전실적_20250228.csv,5/10,이천시백사면a,1,17.70206764301618,27.448241548527815,1.3328380588876774
한국남부발전(주)_이천시 백사면A 태양광 발전실적_20250228.csv,6/10,이천시백사면a,1,15.59893128351054,25.757647219193025,1.0071224100327152
한국남부발전(주)_이천시 백사면A 태양광 발전실적_20250228.csv,7/10,이천시백사면a,1,12.54302469556525,23.456302253725916,0.01766175936023264
한국남부발전(주)_이천시 백사면A 태양광 발전실적_20250228.csv,8/10,이천시백사면a,1,17.002171688988096,26.952074245728824,0.026699382042893495
한국남부발전(주)_이천시 백사면A 태양광 발전실적_20250228.csv,9/10,이천시백사면a,1,15.16572324197451,24.797348691384958,0.0
한국남부발전(주)_이천시 백사면A 태양광 발전실적_20250228.csv,10/10,이천시백사면a,1,12.411930363178655,23.862929389312974,0.0
한국남부발전(주)_익산 다송리 태양광발전실적_20241030.csv,1/10,익산다송리,1,100.77563145452284,340.79413960433,0.0
한국남부발전(주)_익산 다송리 태양광발전실적_20241030.csv,2/10,익산다송리,1,338.31918004230437,1086.4921612541993,0.0
한국남부발전(주)_익산 다송리 태양광발전실적_20241030.csv,3/10,익산다송리,1,1092.5648562896602,1916.545352743561,138.34453154162
한국남부발전(주)_익산 다송리 태양광발전실적_20241030.csv,4/10,익산다송리,1,1613.653570984198,2699.3561030235164,161.95875326614407
한국남부발전(주)_익산 다송리 태양광발전실적_20241030.csv,5/10,익산다송리,1,2304.3512815727267,3198.7402015677494,249.69204927211646
한국남부발전(주)_익산 다송리 태양광발전실적_20241030.csv,6/10,익산다송리,1,2366.886742565634,3256.103023516238,377.9115341545353
한국남부발전(주)_익산 다송리 태양광발전실적_20241030.csv,7/10,익산다송리,1,1312.56236779893,2729.7265770810004,53.98936170212766
한국남부발전(주)_익산 다송리 태양광발전실적_20241030.csv,8/10,익산다송리,1,1738.3862137613537,2503.6534154535275,526.376446435237
한국남부발전(주)_익산 다송리 태양광발전실적_20241030.csv,9/10,익산다송리,1,1608.9287047405749,2297.830347144457,3.3734602463605823
한국남부발전(주)_익산 다송리 태양광발전실적_20241030.csv,10/10,익산다송리,1,1012.6554849263337,2098.749533407988,101.2271369914147
한국남부발전(주)_인천수산정수장 태양광발전실적_20250228.csv,1/10,인천수산정수장,1,15.619094532909662,28.46813627254509,0.0
한국남부발전(주)_인천수산정수장 태양광발전실적_20250228.csv,2/10,인천수산정수장,1,15.285999025077182,27.46693386773547,0.0
한국남부발전(주)_인천수산정수장 태양광발전실적_20250228.csv,3/10,인천수산정수장,1,15.393884164725847,27.846492985971942,0.0
한국남부발전(주)_인천수산정수장 태양광발전실적_20250228.csv,4/10,인천수산정수장,1,15.019419018216613,26.831262525050096,0.8753507014028056
한국남부발전(주)_인천수산정수장 태양광발전실적_20250228.csv,5/10,인천수산정수장,1,15.111195363700373,28.44569138276553,0.0
한국남부발전(주)_인천수산정수장 태양광발전실적_20250228.csv,6/10,인천수산정수장,1,15.456482334037444,27.101002004008016,0.0
한국남부발전(주)_인천수산정수장 태양광발전실적_20250228.csv,7/10,인천수산정수장,1,14.569787322392532,26.974749498997998,0.5198396793587174
한국남부발전(주)_인천수산정수장 태양광발전실적_20250228.csv,8/10,인천수산정수장,1,14.838559100182346,26.63847695390782,0.0
한국남부발전(주)_인천수산정수장 태양광발전실적_20250228.csv,9/10,인천수산정수장,1,12.750686959504595,25.430060120240483,0.0
한국남부발전(주)_인천수산정수장 태양광발전실적_20250228.csv,10/10,인천수산정수장,1,14.141477549693983,26.079358717434868,0.0
한국남부발전(주)_하동공설운동장 태양광발전실적_20250228.csv,1/10,하동공설운동장,1,13.736363717829233,24.255835543766587,0.0
한국남부발전(주)_하동공설운동장 태양광발전실적_20250228.csv,2/10,하동공설운동장,1,13.647665603269052,24.318700265251987,0.0
한국남부발전(주)_하동공설운동장 태양광발전실적_20250228.csv,3/10,하동공설운동장,1,13.450856692236,23.582228116710873,0.2375331564986737
한국남부발전(주)_하동공설운동장 태양광발전실적_20250228.csv,4/10,하동공설운동장,1,13.337233851889025,23.939522546419102,0.0
한국남부발전(주)_하동공설운동장 태양광발전실적_20250228.csv,5/10,하동공설운동장,1,12.273438060075991,22.338859416445622,0.0
한국남부발전(주)_하동공설운동장 태양광발전실적_20250228.csv,6/10,하동공설운동장,1,12.887370062370062,22.5501326259947,0.0
한국남부발전(주)_하동공설운동장 태양광발전실적_20250228.csv,7/10,하동공설운동장,1,12.693387518818552,22.617771883289127,0.0
한국남부발전(주)_하동공설운동장 태양광발전실적_20250228.csv,8/10,하동공설운동장,1,12.038069933328554,20.56233421750663,0.0
한국남부발전(주)_하동공설운동장 태양광발전실적_20250228.csv,9/10,하동공설운동장,1,11.744314108538248,20.54283819628647,0.0
한국남부발전(주)_하동공설운동장 태양광발전실적_20250228.csv,10/10,하동공설운동장,1,10.530641065290054,19.295888594164456,0.0
한국남부발전(주)_하동변전소 태양광발전실적_20250228.csv,1/10,하동변전소,1,16.76919654029029,27.845138888888886,0.3114583333333333
한국남부발전(주)_하동변전소 태양광발전실적_20250228.csv,2/10,하동변전소,1,16.45729323073073,28.299999999999997,0.28645833333333326
한국남부발전(주)_하동변전소 태양광발전실적_20250228.csv,3/10,하동변전소,1,15.644001032282283,26.731944444444434,0.22743055555555555
한국남부발전(주)_하동변전소 태양광발전실적_20250228.csv,4/10,하동변전소,1,14.631104542042042,26.328819444444452,0.0
한국남부발전(주)_하동변전소 태양광발전실적_20250228.csv,5/10,하동변전소,1,16.015573385885887,26.27916666666667,0.0
한국남부발전(주)_하동변전소 태양광발전실적_20250228.csv,6/10,하동변전소,1,16.379559246746748,27.62430555555555,0.2850694444444445
한국남부발전(주)_하동변전소 태양광발전실적_20250228.csv,7/10,하동변전소,1,16.04204908033033,26.908680555555552,0.0
한국남부발전(주)_하동변전소 태양광발전실적_20250228.csv,8/10,하동변전소,1,15.451808840090091,25.812152777777776,0.0
한국남부발전(주)_하동변전소 태양광발전실적_20250228.csv,9/10,하동변전소,1,14.33173877002002,25.026388888888885,0.0
한국남부발전(주)_하동변전소 태양광발전실적_20250228.csv,10/10,하동변전소,1,14.327554341056302,23.89027777777778,0.370486111111111
한국남부발전(주)_하동보건소 태양광발전실적_20250228.csv,1/10,하동보건소,1,15.0895792133597,26.21951219512195,0.09146341463414635
한국남부발전(주)_하동보건소 태양광발전실적_20250228.csv,2/10,하동보건소,1,14.868984838497031,26.664227642276423,0.15365853658536588
한국남부발전(주)_하동보건소 태양광발전실적_20250228.csv,3/10,하동보건소,1,14.017172050098878,26.332520325203255,0.13943089430894307
한국남부발전(주)_하동보건소 태양광발전실적_20250228.csv,4/10,하동보건소,1,14.514180949241924,26.01951219512195,0.42723577235772353
한국남부발전(주)_하동보건소 태양광발전실적_20250228.csv,5/10,하동보건소,1,14.283951329378159,25.21626016260162,0.0
한국남부발전(주)_하동보건소 태양광발전실적_20250228.csv,6/10,하동보건소,1,14.818083022046435,26.19186991869919,0.21260162601626018
한국남부발전(주)_하동보건소 태양광발전실적_20250228.csv,7/10,하동보건소,1,14.70996118069289,26.68089430894309,0.0
한국남부발전(주)_하동보건소 태양광발전실적_20250228.csv,8/10,하동보건소,1,14.878303303303305,25.363008130081298,1.2158536585365853
한국남부발전(주)_하동보건소 태양광발전실적_20250228.csv,9/10,하동보건소,1,14.556396030176517,26.41910569105691,0.7219512195121952
한국남부발전(주)_하동보건소 태양광발전실적_20250228.csv,10/10,하동보건소,1,14.35752852820008,25.500406504065044,0.24878048780487805
한국남부발전(주)_하동본부 태양광발전실적_20250228.csv,1/10,하동본부,1,14.226391957828373,26.72417251755266,0.0
한국남부발전(주)_하동본부 태양광발전실적_20250228.csv,1/10,하동본부,2,23.08191081410942,47.76628256513026,0.0
한국남부발전(주)_하동본부 태양광발전실적_20250228.csv,1/10,하동본부,3,4.655101141407736,8.301,0.0
한국남부발전(주)_하동본부 태양광발전실적_20250228.csv,2/10,하동본부,1,14.718192227284263,27.106820461384157,0.0
한국남부발전(주)_하동본부 태양광발전실적_20250228.csv,2/10,하동본부,2,22.808407100345267,47.33642284569138,0.0
한국남부발전(주)_하동본부 태양광발전실적_20250228.csv,2/10,하동본부,3,4.60251706970128,8.235157894736842,0.0
한국남부발전(주)_하동본부 태양광발전실적_20250228.csv,3/10,하동본부,1,14.79435705490455,24.924774322968908,0.08676028084252757
한국남부발전(주)_하동본부 태양광발전실적_20250228.csv,3/10,하동본부,2,22.23328007807145,45.952905811623246,0.28406813627254507
한국남부발전(주)_하동본부 태양광발전실적_20250228.csv,3/10,하동본부,3,4.545139893708213,8.183210526315792,0.0
한국남부발전(주)_하동본부 태양광발전실적_20250228.csv,3/10,하동본부,4,22.531959731543626,45.385333333333335,0.0
한국남부발전(주)_하동본부 태양광발전실적_20250228.csv,3/10,하동본부,5,0.0,0.0,0.0
한국남부발전(주)_하동본부 태양광발전실적_20250228.csv,4/10,하동본부,1,14.494717243517993,25.271313941825476,0.0
한국남부발전(주)_하동본부 태양광발전실적_20250228.csv,4/10,하동본부,2,22.839150590337304,43.68862725450902,0.0
한국남부발전(주)_하동본부 태양광발전실적_20250228.csv,4/10,하동본부,3,4.638473684210526,8.300684210526317,0.0
한국남부발전(주)_하동본부 태양광발전실적_20250228.csv,4/10,하동본부,4,27.77357546408394,47.273333333333326,1.098
한국남부발전(주)_하동본부 태양광발전실적_20250228.csv,4/10,하동본부,5,17.225453876422165,28.869007021063187,0.0
한국남부발전(주)_하동본부 태양광발전실적_20250228.csv,5/10,하동본부,1,12.984387836877469,24.399699097291876,0.0
한국남부발전(주)_하동본부 태양광발전실적_20250228.csv,5/10,하동본부,2,21.59281880343602,43.76077154308617,0.0
한국남부발전(주)_하동본부 태양광발전실적_20250228.csv,5/10,하동본부,3,4.123967154728927,8.051684210526314,0.0
한국남부발전(주)_하동본부 태양광발전실적_20250228.csv,5/10,하동본부,4,26.598395,46.84466666666666,0.5346666666666667
한국남부발전(주)_하동본부 태양광발전실적_20250228.csv,5/10,하동본부,5,16.35321402804906,28.40762286860582,0.3843530591775326
한국남부발전(주)_하동본부 태양광발전실적_20250228.csv,6/10,하동본부,1,13.024525824665005,23.169508525576727,0.0
한국남부발전(주)_하동본부 태양광발전실적_20250228.csv,6/10,하동본부,2,19.325335883033674,40.019038076152306,0.0
한국남부발전(주)_하동본부 태양광발전실적_20250228.csv,6/10,하동본부,3,4.12543131132917,7.481368421052631,0.0
한국남부발전(주)_하동본부 태양광발전실적_20250228.csv,6/10,하동본부,4,26.29789830508475,46.246000000000016,1.5406666666666666
한국남부발전(주)_하동본부 태양광발전실적_20250228.csv,6/10,하동본부,5,16.205663751818832,28.297291875626883,1.0070210631895686
한국남부발전(주)_하동본부 태양광발전실적_20250228.csv,6/10,하동본부,6,16.175138439758303,30.54822144288577,0.0
한국남부발전(주)_하동본부 태양광발전실적_20250228.csv,7/10,하동본부,1,13.79941481069715,23.569709127382147,0.45035105315947843
한국남부발전(주)_하동본부 태양광발전실적_20250228.csv,7/10,하동본부,2,21.351789163913413,40.451152304609224,0.7868236472945893
한국남부발전(주)_하동본부 태양광발전실적_20250228.csv,7/10,하동본부,3,4.650925557136084,7.404000000000001,0.29400000000000004
한국남부발전(주)_하동본부 태양광발전실적_20250228.csv,7/10,하동본부,4,28.44818072289157,44.47000000000001,1.4020000000000001
한국남부발전(주)_하동본부 태양광발전실적_20250228.csv,7/10,하동본부,5,17.28316636656959,27.099699097291875,0.9460381143430291
한국남부발전(주)_하동본부 태양광발전실적_20250228.csv,7/10,하동본부,6,17.52829823804235,29.074862224448907,0.0
한국남부발전(주)_하동본부 태양광발전실적_20250228.csv,8/10,하동본부,1,13.169800943616346,22.529087261785357,0.0
한국남부발전(주)_하동본부 태양광발전실적_20250228.csv,8/10,하동본부,2,18.386478529347855,39.02780561122245,0.0
한국남부발전(주)_하동본부 태양광발전실적_20250228.csv,8/10,하동본부,3,4.197774730500951,7.371947368421053,0.0
한국남부발전(주)_하동본부 태양광발전실적_20250228.csv,8/10,하동본부,4,25.933295295295295,44.93333333333332,0.0
한국남부발전(주)_하동본부 태양광발전실적_20250228.csv,8/10,하동본부,5,15.9701133430321,27.365295887662995,0.0
한국남부발전(주)_하동본부 태양광발전실적_20250228.csv,8/10,하동본부,6,15.933187019685016,28.615944388777553,0.0
한국남부발전(주)_하동본부 태양광발전실적_20250228.csv,9/10,하동본부,1,10.755276307965813,21.64343029087262,0.0
한국남부발전(주)_하동본부 태양광발전실적_20250228.csv,9/10,하동본부,2,18.192701668397035,38.357464929859724,0.0
한국남부발전(주)_하동본부 태양광발전실적_20250228.csv,9/10,하동본부,3,3.8820233037412812,7.3163684210526325,0.0
한국남부발전(주)_하동본부 태양광발전실적_20250228.csv,9/10,하동본부,4,23.008831325301202,42.55133333333333,0.0
한국남부발전(주)_하동본부 태양광발전실적_20250228.csv,9/10,하동본부,5,14.564333965752677,26.37432296890672,0.0
한국남부발전(주)_하동본부 태양광발전실적_20250228.csv,9/10,하동본부,6,15.741434035239156,28.012103373413495,0.15397879091516367
한국남부발전(주)_하동본부 태양광발전실적_20250228.csv,10/10,하동본부,1,11.725689079249761,20.072718154463388,0.0
한국남부발전(주)_하동본부 태양광발전실적_20250228.csv,10/10,하동본부,2,19.879509018036075,41.34919839679358,0.0
한국남부발전(주)_하동본부 태양광발전실적_20250228.csv,10/10,하동본부,3,3.901400252127324,7.204736842105264,0.0
한국남부발전(주)_하동본부 태양광발전실적_20250228.csv,10/10,하동본부,4,23.806708582834332,41.93666666666667,0.0
한국남부발전(주)_하동본부 태양광발전실적_20250228.csv,10/10,하동본부,5,15.23699121316044,25.85636910732197,0.0
한국남부발전(주)_하동본부 태양광발전실적_20250228.csv,10/10,하동본부,6,16.28563459253837,28.97522962591851,0.0
한국남부발전(주)_하동정수장 태양광발전실적_20250228.csv,1/10,하동정수장,1,12.227948916658596,25.317562724014337,0.1637992831541219
한국남부발전(주)_하동정수장 태양광발전실적_20250228.csv,2/10,하동정수장,1,12.813323807678646,25.687455197132614,0.2010752688172043
한국남부발전(주)_하동정수장 태양광발전실적_20250228.csv,3/10,하동정수장,1,12.610200119474314,25.559139784946233,0.2175627240143369
한국남부발전(주)_하동정수장 태양광발전실적_20250228.csv,4/10,하동정수장,1,10.986328263747618,19.841218637992828,0.5293906810035842
한국남부발전(주)_하동정수장 태양광발전실적_20250228.csv,5/10,하동정수장,1,10.299267816203301,19.252329749103943,0.342652329749104
한국남부발전(주)_하동정수장 태양광발전실적_20250228.csv,6/10,하동정수장,1,12.040627724498693,24.324731182795695,0.32078853046594985
한국남부발전(주)_하동정수장 태양광발전실적_20250228.csv,7/10,하동정수장,1,12.75433820917692,24.94301075268817,0.8043010752688172
한국남부발전(주)_하동정수장 태양광발전실적_20250228.csv,8/10,하동정수장,1,12.23520940295134,24.67347670250896,1.5702508960573478
한국남부발전(주)_하동정수장 태양광발전실적_20250228.csv,9/10,하동정수장,1,6.606596919500146,11.429749103942653,0.0
한국남부발전(주)_하동정수장 태양광발전실적_20250228.csv,10/10,하동정수장,1,10.768045710979315,25.116487455197127,0.0
한국남부발전(주)_하동하수처리장 태양광발전실적_20250228.csv,1/10,하동하수처리장,1,16.915537412412412,29.091666666666665,0.2902777777777778
한국남부발전(주)_하동하수처리장 태양광발전실적_20250228.csv,2/10,하동하수처리장,1,15.688151693360027,29.14027777777778,0.004166666666666666
한국남부발전(주)_하동하수처리장 태양광발전실적_20250228.csv,3/10,하동하수처리장,1,15.8802576882438,28.477314814814815,0.3111111111111111
한국남부발전(주)_하동하수처리장 태양광발전실적_20250228.csv,4/10,하동하수처리장,1,16.19154675508842,27.697222222222216,0.0
한국남부발전(주)_하동하수처리장 태양광발전실적_20250228.csv,5/10,하동하수처리장,1,14.831566983650317,27.364814814814814,0.0
한국남부발전(주)_하동하수처리장 태양광발전실적_20250228.csv,6/10,하동하수처리장,1,16.18675967634301,29.30185185185185,0.44305555555555554
한국남부발전(주)_하동하수처리장 태양광발전실적_20250228.csv,7/10,하동하수처리장,1,15.94219844844845,28.352314814814818,0.5143518518518518
한국남부발전(주)_하동하수처리장 태양광발전실적_20250228.csv,8/10,하동하수처리장,1,14.726362821154485,24.79490740740741,1.426388888888889
한국남부발전(주)_하동하수처리장 태양광발전실적_20250228.csv,9/10,하동하수처리장,1,14.406367826159492,25.80972222222222,0.7847222222222222
한국남부발전(주)_하동하수처리장 태양광발전실적_20250228.csv,10/10,하동하수처리장,1,14.559059956817805,25.292129629629635,0.4541666666666667
한국남부발전(주)_화촌주민참여형 태양광발전실적_20250228.csv,1/10,화촌주민참여형,1,13.030888699040766,26.576054166666673,0.0
한국남부발전(주)_화촌주민참여형 태양광발전실적_20250228.csv,2/10,화촌주민참여형,1,14.557801468824941,22.6920875,1.9585541666666668
한국남부발전(주)_화촌주민참여형 태양광발전실적_20250228.csv,3/10,화촌주민참여형,1,19.480997272182258,27.266066666666667,2.145375
한국남부발전(주)_화촌주민참여형 태양광발전실적_20250228.csv,4/10,화촌주민참여형,1,15.849015167865709,24.063079166666668,1.5517666666666665
한국남부발전(주)_화촌주민참여형 태양광발전실적_20250228.csv,5/10,화촌주민참여형,1,14.658601648681055,26.844229166666665,1.1118541666666668
한국남부발전(주)_화촌주민참여형 태양광발전실적_20250228.csv,6/10,화촌주민참여형,1,17.34345491606715,28.356829166666664,1.8832208333333333
한국남부발전(주)_화촌주민참여형 태양광발전실적_20250228.csv,7/10,화촌주민참여형,1,14.919076019184653,24.246879166666663,0.7683541666666668
한국남부발전(주)_화촌주민참여형 태양광발전실적_20250228.csv,8/10,화촌주민참여형,1,15.634344274580334,26.901487499999998,0.9039541666666668
한국남부발전(주)_화촌주민참여형 태양광발전실적_20250228.csv,9/10,화촌주민참여형,1,17.25503237410072,26.253645833333334,1.5728625
한국남부발전(주)_화촌주민참여형 태양광발전실적_20250228.csv,10/10,화촌주민참여형,1,13.786043036529678,23.15009583333333,1.4041375
한국농어촌공사_진도 태양광 발전소 발전량 현황_20191231.csv,1/10,농촌공진도태양광,1,14117.25352112676,23415.99597585513,600.6036217303823
한국농어촌공사_진도 태양광 발전소 발전량 현황_20191231.csv,2/10,농촌공진도태양광,1,14724.24547283702,26869.315895372234,4460.160965794768
한국농어촌공사_진도 태양광 발전소 발전량 현황_20191231.csv,3/10,농촌공진도태양광,1,19025.62877263582,27161.46881287726,3320.8249496981894
한국농어촌공사_진도 태양광 발전소 발전량 현황_20191231.csv,4/10,농촌공진도태양광,1,13300.21797451375,20510.76458752515,2082.4949698189134
한국농어촌공사_진도 태양광 발전소 발전량 현황_20191231.csv,5/10,농촌공진도태양광,1,14032.100938967136,25824.748490945673,888.5311871227364
한국농어촌공사_진도 태양광 발전소 발전량 현황_20191231.csv,6/10,농촌공진도태양광,1,9840.308517773306,20263.27967806841,1652.112676056338
한국농어촌공사_진도 태양광 발전소 발전량 현황_20191231.csv,7/10,농촌공진도태양광,1,8119.60932260228,24079.979879275656,1522.9376257545273
한국농어촌공사_진도 태양광 발전소 발전량 현황_20191231.csv,8/10,농촌공진도태양광,1,16114.981556002682,24801.609657947683,1430.5835010060362
한국농어촌공사_진도 태양광 발전소 발전량 현황_20191231.csv,9/10,농촌공진도태양광,1,15387.48323272971,23204.728370221328,3568.0080482897383
한국농어촌공사_진도 태양광 발전소 발전량 현황_20191231.csv,10/10,농촌공진도태양광,1,9070.638464935957,20940.241448692155,386.9215291750503
한국동서발전(주)_광양항광양냉장 태양광 발전량_20240630.csv,1/10,광양항광양냉장태양광,1,11787.57927631579,18119.12083333333,1671.3000000000002
한국동서발전(주)_광양항광양냉장 태양광 발전량_20240630.csv,2/10,광양항광양냉장태양광,1,10563.047752192982,16413.675,930.0583333333334
한국동서발전(주)_광양항광양냉장 태양광 발전량_20240630.csv,3/10,광양항광양냉장태양광,1,7626.751535087718,11709.129166666666,918.0125
한국동서발전(주)_광양항광양냉장 태양광 발전량_20240630.csv,4/10,광양항광양냉장태양광,1,10168.403124999999,16966.091666666667,1130.9416666666668
한국동서발전(주)_광양항광양냉장 태양광 발전량_20240630.csv,5/10,광양항광양냉장태양광,1,8610.574122807016,18330.05,0.0
한국동서발전(주)_광양항광양냉장 태양광 발전량_20240630.csv,6/10,광양항광양냉장태양광,1,9910.116557017545,17956.4125,0.0
한국동서발전(주)_광양항광양냉장 태양광 발전량_20240630.csv,7/10,광양항광양냉장태양광,1,8843.90888157895,15545.9,0.0
한국동서발전(주)_광양항광양냉장 태양광 발전량_20240630.csv,8/10,광양항광양냉장태양광,1,7166.082565789474,11088.425,713.1125
한국동서발전(주)_광양항광양냉장 태양광 발전량_20240630.csv,9/10,광양항광양냉장태양광,1,8959.149451754387,15501.695833333331,670.9291666666667
한국동서발전(주)_광양항광양냉장 태양광 발전량_20240630.csv,10/10,광양항광양냉장태양광,1,12164.679437229439,18402.358333333334,508.2208333333333
한국동서발전(주)_동해바이오연료저장고지붕태양광 발전 시간대별 발전량_20240630.csv,1/10,동해바이오연료저장고지붕태양광,1,8400.682175925926,11422.879166666666,1286.6166666666666
한국동서발전(주)_동해바이오연료저장고지붕태양광 발전 시간대별 발전량_20240630.csv,2/10,동해바이오연료저장고지붕태양광,1,7839.232407407409,13110.254166666668,605.6416666666667
한국동서발전(주)_동해바이오연료저장고지붕태양광 발전 시간대별 발전량_20240630.csv,3/10,동해바이오연료저장고지붕태양광,1,8270.281944444443,16228.875,15.0625
한국동서발전(주)_동해바이오연료저장고지붕태양광 발전 시간대별 발전량_20240630.csv,4/10,동해바이오연료저장고지붕태양광,1,10139.945138888888,19235.995833333334,156.67916666666665
한국동서발전(주)_동해바이오연료저장고지붕태양광 발전 시간대별 발전량_20240630.csv,5/10,동해바이오연료저장고지붕태양광,1,14202.350694444445,20625.0625,2488.8625
한국동서발전(주)_동해바이오연료저장고지붕태양광 발전 시간대별 발전량_20240630.csv,6/10,동해바이오연료저장고지붕태양광,1,17396.967592592595,23077.775,2558.1625
한국동서발전(주)_동해바이오연료저장고지붕태양광 발전 시간대별 발전량_20240630.csv,7/10,동해바이오연료저장고지붕태양광,1,16160.234722222222,24186.620833333334,3742.3458333333338
한국동서발전(주)_동해바이오연료저장고지붕태양광 발전 시간대별 발전량_20240630.csv,8/10,동해바이오연료저장고지붕태양광,1,19723.798842592587,25440.095833333333,5010.8875
한국동서발전(주)_동해바이오연료저장고지붕태양광 발전 시간대별 발전량_20240630.csv,9/10,동해바이오연료저장고지붕태양광,1,18822.861805555553,26151.2,6662.091666666667
한국동서발전(주)_동해바이오연료저장고지붕태양광 발전 시간대별 발전량_20240630.csv,10/10,동해바이오연료저장고지붕태양광,1,19399.916041666667,24918.816666666666,3841.770833333333
한국동서발전(주)_신재생설비 발전량_20230731.csv,1/10,광양항어울림태양광,1,15114.703703703703,28226.666666666664,1639.9999999999998
한국동서발전(주)_신재생설비 발전량_20230731.csv,1/10,당진태양광,1,13736.106666666665,23919.2,285.59999999999997
한국동서발전(주)_신재생설비 발전량_20230731.csv,1/10,수원환경사업소태양광,1,14884.029304029302,26803.333333333336,1033.3333333333335
한국동서발전(주)_신재생설비 발전량_20230731.csv,1/10,영광지산풍력,1,15678.241758241758,89803.33333333333,0.0
한국동서발전(주)_신재생설비 발전량_20230731.csv,1/10,울산태양광1,1,12867.720000000001,22056.0,1281.6000000000001
한국동서발전(주)_신재생설비 발전량_20230731.csv,2/10,광양항어울림태양광,1,21638.388278388276,30950.0,2620.0
한국동서발전(주)_신재생설비 발전량_20230731.csv,2/10,당진태양광,1,16632.6989010989,25879.6,382.0
한국동서발전(주)_신재생설비 발전량_20230731.csv,2/10,수원환경사업소태양광,1,17449.259259259263,28130.0,1536.6666666666667
한국동서발전(주)_신재생설비 발전량_20230731.csv,2/10,영광지산풍력,1,11230.823970037454,68916.66666666666,0.0
한국동서발전(주)_신재생설비 발전량_20230731.csv,2/10,울산태양광1,1,15713.406593406591,22786.4,1496.4
한국동서발전(주)_신재생설비 발전량_20230731.csv,3/10,광양항어울림태양광,1,17293.96296296296,28503.333333333336,1496.6666666666667
한국동서발전(주)_신재생설비 발전량_20230731.csv,3/10,당진태양광,1,14732.55111111111,22067.6,1532.4
한국동서발전(주)_신재생설비 발전량_20230731.csv,3/10,수원환경사업소태양광,1,15667.326007326006,24326.666666666668,2540.0
한국동서발전(주)_신재생설비 발전량_20230731.csv,3/10,영광지산풍력,1,4494.1025641025635,36923.333333333336,0.0
한국동서발전(주)_신재생설비 발전량_20230731.csv,3/10,울산태양광1,1,12601.937777777779,21581.2,782.4
한국동서발전(주)_신재생설비 발전량_20230731.csv,4/10,광양항어울림태양광,1,14133.443223443222,22766.666666666664,2596.6666666666665
한국동서발전(주)_신재생설비 발전량_20230731.csv,4/10,당진태양광,1,11119.577777777778,21618.8,244.4
한국동서발전(주)_신재생설비 발전량_20230731.csv,4/10,수원환경사업소태양광,1,12939.925093632957,23846.666666666668,919.9999999999999
한국동서발전(주)_신재생설비 발전량_20230731.csv,4/10,영광지산풍력,1,17455.970695970696,101146.66666666667,0.0
한국동서발전(주)_신재생설비 발전량_20230731.csv,4/10,울산태양광1,1,11977.164835164835,19155.600000000002,290.4
한국동서발전(주)_신재생설비 발전량_20230731.csv,5/10,광양항어울림태양광,1,16027.888888888889,25120.0,2263.3333333333335
한국동서발전(주)_신재생설비 발전량_20230731.csv,5/10,당진태양광,1,13684.720879120878,24387.600000000002,850.4
한국동서발전(주)_신재생설비 발전량_20230731.csv,5/10,수원환경사업소태양광,1,15400.87912087912,26336.666666666668,1596.6666666666667
한국동서발전(주)_신재생설비 발전량_20230731.csv,5/10,영광지산풍력,1,21580.148148148146,94680.0,33.33333333333333
한국동서발전(주)_신재생설비 발전량_20230731.csv,5/10,울산태양광1,1,13900.88,21055.600000000002,1471.6
한국동서발전(주)_신재생설비 발전량_20230731.csv,6/10,광양항어울림태양광,1,21316.159420289856,29983.333333333332,2373.3333333333335
한국동서발전(주)_신재생설비 발전량_20230731.csv,6/10,당진태양광,1,17656.266666666663,24579.2,1.6
한국동서발전(주)_신재생설비 발전량_20230731.csv,6/10,수원환경사업소태양광,1,19351.28205128205,27146.666666666664,1500.0
한국동서발전(주)_신재생설비 발전량_20230731.csv,6/10,영광지산풍력,1,6629.19413919414,31103.333333333336,0.0
한국동서발전(주)_신재생설비 발전량_20230731.csv,6/10,울산태양광1,1,17462.101098901097,23624.4,2112.4
한국동서발전(주)_신재생설비 발전량_20230731.csv,7/10,광양항어울림태양광,1,16687.0695970696,28326.666666666664,0.0
한국동서발전(주)_신재생설비 발전량_20230731.csv,7/10,당진태양광,1,14012.399999999998,23182.4,77.2
한국동서발전(주)_신재생설비 발전량_20230731.csv,7/10,수원환경사업소태양광,1,14497.765567765566,25523.333333333332,766.6666666666667
한국동서발전(주)_신재생설비 발전량_20230731.csv,7/10,영광지산풍력,1,10259.612403100775,57546.66666666667,0.0
한국동서발전(주)_신재생설비 발전량_20230731.csv,7/10,울산태양광1,1,12890.991304347826,22875.2,778.0
한국동서발전(주)_신재생설비 발전량_20230731.csv,8/10,광양항어울림태양광,1,14277.028985507248,23243.333333333332,440.00000000000006
한국동서발전(주)_신재생설비 발전량_20230731.csv,8/10,당진태양광,1,11935.148240740742,20445.6,412.0
한국동서발전(주)_신재생설비 발전량_20230731.csv,8/10,수원환경사업소태양광,1,13761.521739130434,23513.333333333332,1190.0
한국동서발전(주)_신재생설비 발전량_20230731.csv,8/10,영광지산풍력,1,18211.2015503876,97610.0,0.0
한국동서발전(주)_신재생설비 발전량_20230731.csv,8/10,울산태양광1,1,12592.42336956522,20088.399999999998,1366.8
한국동서발전(주)_신재생설비 발전량_20230731.csv,9/10,광양항어울림태양광,1,15271.611721611722,26950.0,1393.3333333333333
한국동서발전(주)_신재생설비 발전량_20230731.csv,9/10,당진태양광,1,14046.769230769234,23220.8,42.4
한국동서발전(주)_신재생설비 발전량_20230731.csv,9/10,수원환경사업소태양광,1,15426.925925925925,25170.0,313.3333333333333
한국동서발전(주)_신재생설비 발전량_20230731.csv,9/10,영광지산풍력,1,8209.555555555555,94090.0,0.0
한국동서발전(주)_신재생설비 발전량_20230731.csv,9/10,울산태양광1,1,13048.733333333334,22557.2,260.0
한국동서발전(주)_신재생설비 발전량_20230731.csv,10/10,광양항어울림태양광,1,15048.315412186379,29896.666666666664,0.0
한국동서발전(주)_신재생설비 발전량_20230731.csv,10/10,당진태양광,1,12780.693617021276,23362.399999999998,0.0
한국동서발전(주)_신재생설비 발전량_20230731.csv,10/10,수원환경사업소태양광,1,17220.4609929078,26673.333333333336,1516.6666666666665
한국동서발전(주)_신재생설비 발전량_20230731.csv,10/10,영광지산풍력,1,2583.4939759036147,26543.333333333332,0.0
한국동서발전(주)_신재생설비 발전량_20230731.csv,10/10,울산태양광1,1,13135.565957446808,23536.8,0.0
한국동서발전(주)_일자별지점별 태양광 발전량 데이터_20240813 (1).csv,1/10,당진자재창고태양광,1,19113.087779690188,24606.0,1303.4285714285713
한국동서발전(주)_일자별지점별 태양광 발전량 데이터_20240813 (1).csv,1/10,당진태양광,1,18360.931645569617,24579.2,1.6
한국동서발전(주)_일자별지점별 태양광 발전량 데이터_20240813 (1).csv,1/10,당진화력수상태양광,1,18546.12048192771,23656.0,1452.0
한국동서발전(주)_일자별지점별 태양광 발전량 데이터_20240813 (1).csv,1/10,울산태양광1,1,18026.746987951803,23624.4,2112.4
한국동서발전(주)_일자별지점별 태양광 발전량 데이터_20240813 (1).csv,2/10,당진자재창고태양광,1,13394.574912891985,23079.428571428572,108.85714285714285
한국동서발전(주)_일자별지점별 태양광 발전량 데이터_20240813 (1).csv,2/10,당진태양광,1,13509.71219512195,23182.4,77.2
한국동서발전(주)_일자별지점별 태양광 발전량 데이터_20240813 (1).csv,2/10,당진화력수상태양광,1,13198.439024390244,22136.0,200.0
한국동서발전(주)_일자별지점별 태양광 발전량 데이터_20240813 (1).csv,2/10,울산태양광1,1,12949.726829268293,22875.2,778.0
한국동서발전(주)_일자별지점별 태양광 발전량 데이터_20240813 (1).csv,3/10,당진자재창고태양광,1,12979.617160278747,19793.142857142855,660.2857142857143
한국동서발전(주)_일자별지점별 태양광 발전량 데이터_20240813 (1).csv,3/10,당진태양광,1,13360.845630081303,20855.600000000002,412.0
한국동서발전(주)_일자별지점별 태양광 발전량 데이터_20240813 (1).csv,3/10,당진화력수상태양광,1,12023.769105691057,19340.0,864.0
한국동서발전(주)_일자별지점별 태양광 발전량 데이터_20240813 (1).csv,3/10,울산태양광1,1,12645.08475609756,20331.6,1366.8
한국동서발전(주)_일자별지점별 태양광 발전량 데이터_20240813 (1).csv,4/10,당진자재창고태양광,1,10703.756097560976,20994.571428571428,0.2857142857142857
한국동서발전(주)_일자별지점별 태양광 발전량 데이터_20240813 (1).csv,4/10,당진태양광,1,11439.80975609756,21698.8,42.4
한국동서발전(주)_일자별지점별 태양광 발전량 데이터_20240813 (1).csv,4/10,당진화력수상태양광,1,9734.341463414634,19428.0,36.0
한국동서발전(주)_일자별지점별 태양광 발전량 데이터_20240813 (1).csv,4/10,울산태양광1,1,11413.375609756096,18554.8,260.0
한국동서발전(주)_일자별지점별 태양광 발전량 데이터_20240813 (1).csv,5/10,당진자재창고태양광,1,13623.675958188154,23786.571428571428,0.0
한국동서발전(주)_일자별지점별 태양광 발전량 데이터_20240813 (1).csv,5/10,당진태양광,1,13551.481481481482,23362.399999999998,0.0
한국동서발전(주)_일자별지점별 태양광 발전량 데이터_20240813 (1).csv,5/10,당진화력수상태양광,1,13200.390243902439,22908.0,0.0
한국동서발전(주)_일자별지점별 태양광 발전량 데이터_20240813 (1).csv,5/10,울산태양광1,1,13938.106024096385,23197.2,0.0
한국동서발전(주)_일자별지점별 태양광 발전량 데이터_20240813 (1).csv,6/10,당진자재창고태양광,1,8324.609756097561,23693.428571428572,0.0
한국동서발전(주)_일자별지점별 태양광 발전량 데이터_20240813 (1).csv,6/10,당진태양광,1,7905.180487804877,22417.6,0.0
한국동서발전(주)_일자별지점별 태양광 발전량 데이터_20240813 (1).csv,6/10,당진화력수상태양광,1,7711.951807228916,22128.0,0.0
한국동서발전(주)_일자별지점별 태양광 발전량 데이터_20240813 (1).csv,6/10,울산태양광1,1,7577.224691358024,23536.8,0.0
한국동서발전(주)_일자별지점별 태양광 발전량 데이터_20240813 (1).csv,7/10,당진자재창고태양광,1,0.7735191637630662,9.428571428571429,0.0
한국동서발전(주)_일자별지점별 태양광 발전량 데이터_20240813 (1).csv,7/10,당진태양광,1,0.36585365853658536,4.8,0.0
한국동서발전(주)_일자별지점별 태양광 발전량 데이터_20240813 (1).csv,7/10,당진화력수상태양광,1,1.2195121951219512,8.0,0.0
한국동서발전(주)_일자별지점별 태양광 발전량 데이터_20240813 (1).csv,7/10,울산태양광1,1,1.1658536585365855,8.0,0.0
한국동서발전(주)_일자별지점별 태양광 발전량 데이터_20240813 (1).csv,8/10,당진자재창고태양광,1,1.2822299651567945,7.142857142857142,0.0
한국동서발전(주)_일자별지점별 태양광 발전량 데이터_20240813 (1).csv,8/10,당진태양광,1,0.8487804878048781,6.0,0.0
한국동서발전(주)_일자별지점별 태양광 발전량 데이터_20240813 (1).csv,8/10,당진화력수상태양광,1,1.3333333333333333,8.0,0.0
한국동서발전(주)_일자별지점별 태양광 발전량 데이터_20240813 (1).csv,8/10,울산태양광1,1,2.216867469879518,8.4,0.0
한국동서발전(주)_일자별지점별 태양광 발전량 데이터_20240813 (1).csv,9/10,당진자재창고태양광,1,0.9328743545611016,5.714285714285714,0.0
한국동서발전(주)_일자별지점별 태양광 발전량 데이터_20240813 (1).csv,9/10,당진태양광,1,0.31707317073170727,3.2,0.0
한국동서발전(주)_일자별지점별 태양광 발전량 데이터_20240813 (1).csv,9/10,당진화력수상태양광,1,0.8780487804878049,8.0,0.0
한국동서발전(주)_일자별지점별 태양광 발전량 데이터_20240813 (1).csv,9/10,울산태양광1,1,1.753086419753086,8.799999999999999,0.0
한국동서발전(주)_일자별지점별 태양광 발전량 데이터_20240813 (1).csv,10/10,당진자재창고태양광,1,1.5574912891986064,8.285714285714285,0.0
한국동서발전(주)_일자별지점별 태양광 발전량 데이터_20240813 (1).csv,10/10,당진태양광,1,0.5445783132530121,4.3999999999999995,0.0
한국동서발전(주)_일자별지점별 태양광 발전량 데이터_20240813 (1).csv,10/10,당진화력수상태양광,1,1.5421686746987953,4.0,0.0
한국동서발전(주)_일자별지점별 태양광 발전량 데이터_20240813 (1).csv,10/10,울산태양광1,1,1.6289156626506027,8.799999999999999,0.0
