날짜,발전기코드,발전기명,충전_방전,01시,02시,03시,04시,05시,06시,07시,08시,09시,10시,11시,12시,13시,14시,15시,16시,17시,18시,19시,20시,21시,22시,23시,24시,합계
2019-01-01,9389,농촌공진도태양광,방전,0,0,0,0,0,0,0,0,0,30888,331776,379152,186120,165960,397584,94248,27576,0,0,0,0,0,0,0,1613304
2019-01-02,9389,농촌공진도태양광,방전,0,0,0,0,0,0,0,0,7344,84744,234072,231048,209664,385992,221688,155808,23976,0,0,0,0,0,0,0,1554336
2019-01-03,9389,농촌공진도태양광,방전,0,0,0,0,0,0,0,0,54072,265536,603504,449424,888768,868392,774504,428688,87192,8496,0,0,0,0,0,0,4428576
2019-01-04,9389,농촌공진도태양광,방전,0,0,0,0,0,0,0,0,22536,73008,60048,75384,170856,109296,63144,39888,26496,0,0,0,0,0,0,0,640656
2019-01-05,9389,농촌공진도태양광,방전,0,0,0,0,0,0,0,0,0,48024,82728,223416,705024,815976,755712,452160,92160,8208,0,0,0,0,0,0,3183408
2019-01-06,9389,농촌공진도태양광,방전,0,0,0,0,0,0,0,0,50472,262224,594864,820224,870912,859680,778248,420048,102312,11808,0,0,0,0,0,0,4770792
2019-01-07,9389,농촌공진도태양광,방전,0,0,0,0,0,0,0,0,54072,259776,580248,767088,828504,777384,521496,244440,75384,9864,0,0,0,0,0,0,4118256
2019-01-08,9389,농촌공진도태양광,방전,0,0,0,0,0,0,0,0,18360,58464,381096,603936,272808,138600,163080,195336,49104,0,0,0,0,0,0,0,1880784
2019-01-09,9389,농촌공진도태양광,방전,0,0,0,0,0,0,0,0,68256,258552,511416,471024,325152,248976,339912,142920,80352,13752,0,0,0,0,0,0,2460312
2019-01-10,9389,농촌공진도태양광,방전,0,0,0,0,0,0,0,0,17496,75600,195192,758952,800352,402048,78120,77760,34056,0,0,0,0,0,0,0,2439576
2019-01-11,9389,농촌공진도태양광,방전,0,0,0,0,0,0,0,0,32400,230256,478008,689400,746568,674856,302112,169344,38160,0,0,0,0,0,0,0,3361104
2019-01-12,9389,농촌공진도태양광,방전,0,0,0,0,0,0,0,0,0,68256,405072,617688,717264,360360,423072,394992,136728,16704,0,0,0,0,0,0,3140136
2019-01-13,9389,농촌공진도태양광,방전,0,0,0,0,0,0,0,0,23760,226152,480168,719208,789048,731520,640584,409608,101376,14256,0,0,0,0,0,0,4135680
2019-01-14,9389,농촌공진도태양광,방전,0,0,0,0,0,0,0,0,49536,226152,383040,593784,599544,510192,543384,299736,79920,15480,0,0,0,0,0,0,3300768
2019-01-15,9389,농촌공진도태양광,방전,0,0,0,0,0,0,0,0,24768,244368,450648,568296,634680,666792,518256,115920,30096,0,0,0,0,0,0,0,3253824
2019-01-16,9389,농촌공진도태양광,방전,0,0,0,0,0,0,0,0,20088,196992,641664,775800,886032,510624,668736,302472,57888,9504,0,0,0,0,0,0,4069800
2019-01-17,9389,농촌공진도태양광,방전,0,0,0,0,0,0,0,0,20808,132480,168912,217728,457416,608400,419256,433728,93168,17064,0,0,0,0,0,0,2568960
2019-01-18,9389,농촌공진도태양광,방전,0,0,0,0,0,0,0,0,61848,287136,609336,749808,813384,788688,674424,380736,163152,23184,0,0,0,0,0,0,4551696
2019-01-19,9389,농촌공진도태양광,방전,0,0,0,0,0,0,0,0,41400,256320,237744,372744,38448,26928,22680,10512,0,0,0,0,0,0,0,0,1006776
2019-01-20,9389,농촌공진도태양광,방전,0,0,0,0,0,0,0,0,38304,75312,447192,410184,828216,827424,792144,504792,110376,22536,0,0,0,0,0,0,4056480
2019-01-21,9389,농촌공진도태양광,방전,0,0,0,0,0,0,0,0,25848,310104,613656,826488,752544,831096,682632,459792,157104,23328,0,0,0,0,0,0,4682592
2019-01-22,9389,농촌공진도태양광,방전,0,0,0,0,0,0,0,0,55656,258984,601992,765576,844056,813816,682056,456768,117936,20520,0,0,0,0,0,0,4617360
2019-01-23,9389,농촌공진도태양광,방전,0,0,0,0,0,0,0,0,56736,238896,521496,641304,731808,765072,688752,497520,166032,29232,0,0,0,0,0,0,4336848
2019-01-24,9389,농촌공진도태양광,방전,0,0,0,0,0,0,0,0,81000,368136,680544,815256,871416,858528,790344,617040,238536,24768,0,0,0,0,0,0,5345568
2019-01-25,9389,농촌공진도태양광,방전,0,0,0,0,0,0,0,0,38088,107568,311184,234360,473472,308016,75024,63792,82080,10656,0,0,0,0,0,0,1704240
2019-01-26,9389,농촌공진도태양광,방전,0,0,0,0,0,0,0,0,48888,174384,439488,483336,844560,851256,841896,579672,240120,23832,0,0,0,0,0,0,4527432
2019-01-27,9389,농촌공진도태양광,방전,0,0,0,0,0,0,0,0,100944,400032,681768,824040,874728,851616,786960,633816,308304,21744,0,0,0,0,0,0,5483952
2019-01-28,9389,농촌공진도태양광,방전,0,0,0,0,0,0,0,0,10224,108360,88704,302688,446400,678384,676296,570888,224136,38160,0,0,0,0,0,0,3144240
2019-01-29,9389,농촌공진도태양광,방전,0,0,0,0,0,0,0,0,101520,407880,696456,823032,882792,878976,811440,638784,317808,27432,0,0,0,0,0,0,5586120
2019-01-30,9389,농촌공진도태양광,방전,0,0,0,0,0,0,0,0,9864,35496,126360,180288,224280,227304,158184,118512,52848,9144,0,0,0,0,0,0,1142280
2019-01-31,9389,농촌공진도태양광,방전,0,0,0,0,0,0,0,0,0,0,17208,40680,46440,106632,337464,371088,297792,39240,0,0,0,0,0,0,1256544
2019-02-01,9389,농촌공진도태양광,방전,0,0,0,0,0,0,0,0,90216,395280,464832,581688,869832,812160,671400,369360,159696,41400,0,0,0,0,0,0,4455864
2019-02-02,9389,농촌공진도태양광,방전,0,0,0,0,0,0,0,0,15552,86760,450000,750960,824976,777168,637920,126576,82800,10944,0,0,0,0,0,0,3763656
2019-02-03,9389,농촌공진도태양광,방전,0,0,0,0,0,0,0,0,0,15192,27288,22104,20520,41328,16848,0,0,0,0,0,0,0,0,0,143280
2019-02-04,9389,농촌공진도태양광,방전,0,0,0,0,0,0,0,0,112248,389448,669744,807768,860472,847872,771480,489528,267408,42192,0,0,0,0,0,0,5258160
2019-02-05,9389,농촌공진도태양광,방전,0,0,0,0,0,0,0,0,129672,404568,658944,776232,831816,829080,761832,589176,242640,33912,0,0,0,0,0,0,5257872
2019-02-06,9389,농촌공진도태양광,방전,0,0,0,0,0,0,0,0,89064,281232,449496,463032,768456,609120,664488,396576,184464,40248,0,0,0,0,0,0,3946176
2019-02-07,9389,농촌공진도태양광,방전,0,0,0,0,0,0,0,0,0,30096,65016,171072,188784,190656,151344,402624,345168,64584,0,0,0,0,0,0,1609344
2019-02-08,9389,농촌공진도태양광,방전,0,0,0,0,0,0,0,0,29448,127224,191448,295488,415512,726840,678384,559800,217584,50904,0,0,0,0,0,0,3292632
2019-02-09,9389,농촌공진도태양광,방전,0,0,0,0,0,0,0,0,18288,117648,202752,325728,315144,412272,596664,399816,271224,56520,0,0,0,0,0,0,2716056
2019-02-10,9389,농촌공진도태양광,방전,0,0,0,0,0,0,0,0,115272,298872,485928,665712,650376,483552,252072,144000,70272,25560,0,0,0,0,0,0,3191616
2019-02-11,9389,농촌공진도태양광,방전,0,0,0,0,0,0,0,0,14400,274248,248184,271296,388152,434664,333864,283824,128808,27576,0,0,0,0,0,0,2405016
2019-02-12,9389,농촌공진도태양광,방전,0,0,0,0,0,0,0,0,160920,434376,670824,779688,825120,778968,559728,309240,108936,34488,0,0,0,0,0,0,4662288
2019-02-13,9389,농촌공진도태양광,방전,0,0,0,0,0,0,0,0,129384,385560,650736,764064,804528,830016,740088,566064,297936,73656,0,0,0,0,0,0,5242032
2019-02-14,9389,농촌공진도태양광,방전,0,0,0,0,0,0,0,0,23112,121824,198360,223992,317304,422064,483552,635904,414000,102816,0,0,0,0,0,0,2942928
2019-02-15,9389,농촌공진도태양광,방전,0,0,0,0,0,0,0,0,23328,72432,113040,172800,237096,235224,201744,139752,130680,54864,0,0,0,0,0,0,1380960
2019-02-16,9389,농촌공진도태양광,방전,0,0,0,0,0,0,0,0,24912,106848,388872,433440,425304,438768,217296,122400,43776,20088,0,0,0,0,0,0,2221704
2019-02-17,9389,농촌공진도태양광,방전,0,0,0,0,0,0,0,0,140616,396936,486720,660600,658656,715608,840096,658584,389664,118584,0,0,0,0,0,0,5066064
2019-02-18,9389,농촌공진도태양광,방전,0,0,0,0,0,0,0,0,42912,100512,159624,185832,217944,169632,57312,58032,55512,16704,0,0,0,0,0,0,1064016
2019-02-19,9389,농촌공진도태양광,방전,0,0,0,0,0,0,0,0,0,13464,39888,72072,115488,143424,306144,296352,81648,20088,0,0,0,0,0,0,1088568
2019-02-20,9389,농촌공진도태양광,방전,0,0,0,0,0,0,0,0,49392,133128,427248,535968,492984,277128,173232,431136,209088,65736,0,0,0,0,0,0,2795040
2019-02-21,9389,농촌공진도태양광,방전,0,0,0,0,0,0,0,9792,151056,356040,667512,819144,869256,823176,643896,388368,165168,61632,0,0,0,0,0,0,4955040
2019-02-22,9389,농촌공진도태양광,방전,0,0,0,0,0,0,0,8496,38952,136080,214920,225936,254232,355824,225288,165528,88992,49176,0,0,0,0,0,0,1763424
2019-02-23,9389,농촌공진도태양광,방전,0,0,0,0,0,0,0,11160,158328,402840,652248,754992,832392,785664,660600,524088,345240,115200,0,0,0,0,0,0,5242752
2019-02-24,9389,농촌공진도태양광,방전,0,0,0,0,0,0,0,13464,209736,475128,660456,782136,843696,836280,765648,617328,384624,106200,0,0,0,0,0,0,5694696
2019-02-25,9389,농촌공진도태양광,방전,0,0,0,0,0,0,0,12096,159048,278352,606528,721080,786960,784368,702072,542808,312336,104832,0,0,0,0,0,0,5010480
2019-02-26,9389,농촌공진도태양광,방전,0,0,0,0,0,0,0,15336,187488,394416,663048,814032,878904,862632,760176,599904,364608,116928,0,0,0,0,0,0,5657472
2019-02-27,9389,농촌공진도태양광,방전,0,0,0,0,0,0,0,0,53928,155880,209664,157176,182880,157392,77832,44064,26640,7344,0,0,0,0,0,0,1072800
2019-02-28,9389,농촌공진도태양광,방전,0,0,0,0,0,0,0,0,90576,353952,525528,687384,796032,619056,472896,374256,133992,53064,0,0,0,0,0,0,4106736
2019-03-01,9389,농촌공진도태양광,방전,0,0,0,0,0,0,0,15408,150408,411120,681480,787392,816192,790776,682848,492480,201672,75240,0,0,0,0,0,0,5105016
2019-03-02,9389,농촌공진도태양광,방전,0,0,0,0,0,0,0,0,46152,172800,160200,228240,185760,208872,251280,147816,83016,25848,0,0,0,0,0,0,1509984
2019-03-03,9389,농촌공진도태양광,방전,0,0,0,0,0,0,0,0,48528,88632,174600,266760,234288,169200,127224,151848,109800,32328,0,0,0,0,0,0,1403208
2019-03-04,9389,농촌공진도태양광,방전,0,0,0,0,0,0,0,0,73440,259776,435024,643320,709200,679896,602712,486360,282960,87192,8496,0,0,0,0,0,4268376
2019-03-05,9389,농촌공진도태양광,방전,0,0,0,0,0,0,0,9288,73656,223488,359424,327744,322848,227520,152568,130536,64800,13104,0,0,0,0,0,0,1904976
2019-03-06,9389,농촌공진도태양광,방전,0,0,0,0,0,0,0,0,32832,126864,424512,724752,839664,840168,759096,564768,279936,111888,10224,0,0,0,0,0,4714704
2019-03-07,9389,농촌공진도태양광,방전,0,0,0,0,0,0,0,28584,197280,455400,730800,869112,917640,909288,823104,656280,405864,145728,13608,0,0,0,0,0,6152688
2019-03-08,9389,농촌공진도태양광,방전,0,0,0,0,0,0,0,34272,291600,556560,751896,866664,913464,897912,814536,660384,434376,174600,13680,0,0,0,0,0,6409944
2019-03-09,9389,농촌공진도태양광,방전,0,0,0,0,0,0,0,32544,232920,435312,384408,462384,444312,255672,250920,139392,106776,30456,0,0,0,0,0,0,2775096
2019-03-10,9389,농촌공진도태양광,방전,0,0,0,0,0,0,0,0,7848,30672,81576,197640,249912,211752,198504,150408,82656,126072,14544,0,0,0,0,0,1351584
2019-03-11,9389,농촌공진도태양광,방전,0,0,0,0,0,0,0,33984,211176,352944,545472,612072,715392,380088,154584,134712,31536,0,0,0,0,0,0,0,3171960
2019-03-12,9389,농촌공진도태양광,방전,0,0,0,0,0,0,0,24192,91368,383472,653256,775296,818712,792000,690552,286056,124848,36000,0,0,0,0,0,0,4675752
2019-03-13,9389,농촌공진도태양광,방전,0,0,0,0,0,0,0,51912,256536,548352,735480,756792,766152,842688,768384,618336,396360,131328,10728,0,0,0,0,0,5883048
2019-03-14,9389,농촌공진도태양광,방전,0,0,0,0,0,0,0,34272,213984,412272,613224,772992,863280,846648,782856,630072,396792,153360,18360,0,0,0,0,0,5738112
2019-03-15,9389,농촌공진도태양광,방전,0,0,0,0,0,0,0,33984,181152,99360,178560,483912,819504,674496,309096,112104,243936,160056,22464,0,0,0,0,0,3318624
2019-03-16,9389,농촌공진도태양광,방전,0,0,0,0,0,0,0,50112,248472,468360,695664,799992,852048,838080,785232,627480,395208,154008,19152,0,0,0,0,0,5933808
2019-03-17,9389,농촌공진도태양광,방전,0,0,0,0,0,0,0,38520,222192,530712,729000,833256,866952,861408,793584,653400,426096,171504,21456,0,0,0,0,0,6148080
2019-03-18,9389,농촌공진도태양광,방전,0,0,0,0,0,0,0,53784,171144,302328,470376,284616,422208,393696,420768,328968,335736,138816,10224,0,0,0,0,0,3332664
2019-03-19,9389,농촌공진도태양광,방전,0,0,0,0,0,0,0,64296,258912,432288,631656,733752,780264,753840,662760,512712,312696,111960,16344,0,0,0,0,0,5271480
2019-03-20,9389,농촌공진도태양광,방전,0,0,0,0,0,0,0,41976,99792,173376,136944,106560,83160,34560,48600,44568,22680,0,0,0,0,0,0,0,792216
2019-03-21,9389,농촌공진도태양광,방전,0,0,0,0,0,0,0,0,33624,61560,84168,202896,368424,425664,270576,175824,126000,56808,0,0,0,0,0,0,1805544
2019-03-22,9389,농촌공진도태양광,방전,0,0,0,0,0,0,0,36144,157536,315864,663264,898200,941616,937584,856872,691776,446328,184752,27072,0,0,0,0,0,6157008
2019-03-23,9389,농촌공진도태양광,방전,0,0,0,0,0,0,0,72216,277344,555696,718560,806328,848304,684288,341424,154512,277776,144144,27288,0,0,0,0,0,4907880
2019-03-24,9389,농촌공진도태양광,방전,0,0,0,0,0,0,0,85896,293040,577224,745416,849672,904752,898056,831240,669960,424080,155016,24192,0,0,0,0,0,6458544
2019-03-25,9389,농촌공진도태양광,방전,0,0,0,0,0,0,0,50184,211176,271512,391968,594360,583848,585144,476928,542376,369072,86832,19296,0,0,0,0,0,4182696
2019-03-26,9389,농촌공진도태양광,방전,0,0,0,0,0,0,0,60840,231624,407664,647640,781416,837144,817344,739296,598680,376920,152280,24264,0,0,0,0,0,5675112
2019-03-27,9389,농촌공진도태양광,방전,0,0,0,0,0,0,0,69264,254304,422928,571608,655632,820800,794160,739584,574776,341352,93600,16848,0,0,0,0,0,5354856
2019-03-28,9389,농촌공진도태양광,방전,0,0,0,0,0,0,0,66240,208296,440496,651096,738648,759312,742104,594360,351432,197856,96696,14904,0,0,0,0,0,4861440
2019-03-29,9389,농촌공진도태양광,방전,0,0,0,0,0,0,0,74448,266040,466992,588456,794952,834480,803736,712008,552024,347976,117000,18864,0,0,0,0,0,5576976
2019-03-30,9389,농촌공진도태양광,방전,0,0,0,0,0,0,0,64584,282816,448632,671760,759384,613512,672984,482040,379584,351504,115632,30600,0,0,0,0,0,4873032
2019-03-31,9389,농촌공진도태양광,방전,0,0,0,0,0,0,0,85536,289656,562680,809784,735768,473760,760968,411336,472896,213192,149544,40032,0,0,0,0,0,5005152
2019-04-01,9389,농촌공진도태양광,방전,0,0,0,0,0,0,0,100008,296568,567360,738288,826776,867168,845496,754920,580824,352944,104544,27720,0,0,0,0,0,6062616
2019-04-02,9389,농촌공진도태양광,방전,0,0,0,0,0,0,0,105984,317448,593280,767016,869112,904320,881784,774216,636984,403848,168192,31248,0,0,0,0,0,6453432
2019-04-03,9389,농촌공진도태양광,방전,0,0,0,0,0,0,0,119160,355464,583920,756072,843120,864288,859896,798552,643248,420408,177192,31752,0,0,0,0,0,6453072
2019-04-04,9389,농촌공진도태양광,방전,0,0,0,0,0,0,0,83448,325152,566712,739296,815616,864576,857448,751536,529920,338256,150120,33264,0,0,0,0,0,6055344
2019-04-05,9389,농촌공진도태양광,방전,0,0,0,0,0,0,0,79992,182304,371376,628488,713592,736488,751536,675936,498888,302832,131616,29880,0,0,0,0,0,5102928
2019-04-06,9389,농촌공진도태양광,방전,0,0,0,0,0,0,0,105480,271296,499320,659880,733752,754848,731160,674640,512784,315864,124056,26208,0,0,0,0,0,5409288
2019-04-07,9389,농촌공진도태양광,방전,0,0,0,0,0,0,0,20880,59904,91872,160992,198864,164736,30600,12672,26280,56736,22248,0,0,0,0,0,0,845784
2019-04-08,9389,농촌공진도태양광,방전,0,0,0,0,0,0,0,117504,299232,554616,709344,787896,809136,785952,728496,556416,374256,133200,26712,0,0,0,0,0,5882760
2019-04-09,9389,농촌공진도태양광,방전,0,0,0,0,0,0,11592,95112,277560,299520,200232,81432,89784,46512,37296,33624,0,13968,0,0,0,0,0,0,1186632
2019-04-10,9389,농촌공진도태양광,방전,0,0,0,0,0,0,0,26424,41472,38088,48096,156384,228888,174672,124272,92088,127656,52848,9720,0,0,0,0,0,1120608
2019-04-11,9389,농촌공진도태양광,방전,0,0,0,0,0,0,0,72432,159696,315216,366552,362448,337896,368640,342288,315000,265608,139752,30024,0,0,0,0,0,3075552
2019-04-12,9389,농촌공진도태양광,방전,0,0,0,0,0,0,8568,94680,287568,564480,734760,819288,854568,829440,761472,598392,402624,139536,33624,0,0,0,0,0,6129000
2019-04-13,9389,농촌공진도태양광,방전,0,0,0,0,0,0,7560,55296,160920,295488,316800,445536,467640,472464,343728,187704,216072,162432,49248,0,0,0,0,0,3180888
2019-04-14,9389,농촌공진도태양광,방전,0,0,0,0,0,0,0,46512,103464,189216,143568,70488,124704,137160,242928,507672,381888,188856,44712,0,0,0,0,0,2181168
2019-04-15,9389,농촌공진도태양광,방전,0,0,0,0,0,0,14184,149688,358848,613728,754416,837792,858168,842616,773640,626184,416448,186120,47808,0,0,0,0,0,6479640
2019-04-16,9389,농촌공진도태양광,방전,0,0,0,0,0,0,15912,144864,340776,576000,623160,582624,704520,614376,435384,416736,206928,96984,14544,0,0,0,0,0,4772808
2019-04-17,9389,농촌공진도태양광,방전,0,0,0,0,0,0,10152,104400,373608,493272,344592,141192,243936,315288,380592,483768,413784,196128,38376,0,0,0,0,0,3539088
2019-04-18,9389,농촌공진도태양광,방전,0,0,0,0,0,0,0,64080,190944,253584,493848,494712,491616,494568,493344,491328,377424,182160,43704,0,0,0,0,0,4071312
2019-04-19,9389,농촌공진도태양광,방전,0,0,0,0,0,0,0,35928,166104,312480,325656,344736,123408,121536,378504,348984,216720,80496,20376,0,0,0,0,0,2474928
2019-04-20,9389,농촌공진도태양광,방전,0,0,0,0,0,0,19656,132048,338976,420984,495144,494856,494568,494424,494424,490608,369576,177336,43920,0,0,0,0,0,4466520
2019-04-21,9389,농촌공진도태양광,방전,0,0,0,0,0,0,16632,133128,326664,476064,282960,216432,279216,318888,162432,144288,220176,80928,22464,0,0,0,0,0,2680272
2019-04-22,9389,농촌공진도태양광,방전,0,0,0,0,0,0,19944,142992,357840,491832,494352,494064,494208,494280,490968,491616,257760,153504,35424,0,0,0,0,0,4418784
2019-04-23,9389,농촌공진도태양광,방전,0,0,0,0,0,0,0,27720,41328,47448,49896,74880,98856,328032,273240,237240,208584,80136,14472,0,0,0,0,0,1481832
2019-04-24,9389,농촌공진도태양광,방전,0,0,0,0,0,0,0,32544,103896,194184,231552,196992,175752,176976,144216,157608,102744,22104,0,0,0,0,0,0,1538568
2019-04-25,9389,농촌공진도태양광,방전,0,0,0,0,0,0,10512,53280,120960,131400,120888,144864,144432,142704,307224,231624,51048,24192,30384,0,0,0,0,0,1513512
2019-04-26,9389,농촌공진도태양광,방전,0,0,0,0,0,0,8136,43416,88128,112320,93672,239760,156888,131328,122040,166608,110232,69264,10440,0,0,0,0,0,1352232
2019-04-27,9389,농촌공진도태양광,방전,0,0,0,0,0,0,11232,119088,368424,407304,0,0,0,0,0,0,0,0,0,0,0,0,0,0,906048
2019-04-28,9389,농촌공진도태양광,방전,0,0,0,0,0,0,0,19872,32328,90144,113472,139248,136872,154800,204696,314568,277704,114912,29376,0,0,0,0,0,1627992
2019-04-29,9389,농촌공진도태양광,방전,0,0,0,0,0,0,0,30960,45432,69408,48456,29088,69552,56376,44496,45864,36576,20592,0,0,0,0,0,0,496800
2019-04-30,9389,농촌공진도태양광,방전,0,0,0,0,0,0,15552,49608,84024,170568,266472,454104,458568,492048,494136,489096,389520,167976,67176,0,0,0,0,0,3598848
2019-05-01,9389,농촌공진도태양광,방전,0,0,0,0,0,0,21456,109440,256824,384480,415944,492264,494856,401688,218016,191592,207144,218160,23472,0,0,0,0,0,3435336
2019-05-02,9389,농촌공진도태양광,방전,0,0,0,0,0,0,27360,163944,393336,494424,494784,494352,494136,494496,494352,493920,402984,194184,49104,0,0,0,0,0,4691376
2019-05-03,9389,농촌공진도태양광,방전,0,0,0,0,0,0,31824,163440,374616,493200,493992,493992,493848,491184,492984,492840,392688,190728,52416,0,0,0,0,0,4657752
2019-05-04,9389,농촌공진도태양광,방전,0,0,0,0,0,0,38520,169200,371232,486144,494064,493776,493704,491040,489384,448704,334656,212976,51984,0,0,0,0,0,4575384
2019-05-05,9389,농촌공진도태양광,방전,0,0,0,0,0,0,30456,77832,197208,273240,473472,494352,493776,493992,494136,493560,407880,176184,79488,0,0,0,0,0,4185576
2019-05-06,9389,농촌공진도태양광,방전,0,0,0,0,0,0,40752,178056,408096,495648,495432,495792,495648,495792,495720,495432,443448,231264,60840,0,0,0,0,0,4831920
2019-05-07,9389,농촌공진도태양광,방전,0,0,0,0,0,0,39600,204552,426384,494280,494352,494640,494424,493344,493920,492984,430200,223344,61632,0,0,0,0,0,4843656
2019-05-08,9389,농촌공진도태양광,방전,0,0,0,0,0,0,59904,176472,399744,484992,489960,460440,476712,467352,479016,374832,255240,143712,41472,0,0,0,0,0,4309848
2019-05-09,9389,농촌공진도태양광,방전,0,0,0,0,0,0,10080,50544,153864,365904,489456,492768,494928,492408,494280,492840,408528,216504,72504,0,0,0,0,0,4234608
2019-05-10,9389,농촌공진도태양광,방전,0,0,0,0,0,0,45144,153720,331128,485352,491904,82944,0,0,0,0,0,0,0,0,0,0,0,0,1590192
2019-05-11,9389,농촌공진도태양광,방전,0,0,0,0,0,0,44136,195624,401976,494208,493344,482688,485352,487872,460080,487008,343728,219384,77616,0,0,0,0,0,4673016
2019-05-12,9389,농촌공진도태양광,방전,0,0,0,0,0,0,36504,197208,393624,484632,491832,491832,493848,490176,490824,490824,373104,201312,68904,0,0,0,0,0,4704624
2019-05-13,9389,농촌공진도태양광,방전,0,0,0,0,0,0,46872,187992,385848,493848,491472,489528,488952,482040,68760,0,0,0,0,0,0,0,0,0,3135312
2019-05-14,9389,농촌공진도태양광,방전,0,0,0,0,0,0,47520,167760,363600,488160,490824,490896,493344,493272,491472,489528,127080,93744,31176,0,0,0,0,0,4268376
2019-05-15,9389,농촌공진도태양광,방전,0,0,0,0,0,0,60984,85608,181224,270648,438120,484272,426744,0,0,0,0,0,0,0,0,0,0,0,1947600
2019-05-16,9389,농촌공진도태양광,방전,0,0,0,0,0,0,41832,106344,342576,475344,438624,0,0,0,0,0,0,0,0,0,0,0,0,0,1404720
2019-05-17,9389,농촌공진도태양광,방전,0,0,0,0,0,0,67752,188208,330120,466848,436824,438840,359208,198360,99504,47304,21528,10368,17496,0,0,0,0,0,2682360
2019-05-18,9389,농촌공진도태양광,방전,0,0,0,0,0,0,0,0,41688,173376,301896,235512,0,0,0,0,0,0,0,0,0,0,0,0,752472
2019-05-19,9389,농촌공진도태양광,방전,0,0,0,0,0,0,0,14904,82296,130824,104544,84096,103536,212472,211752,115488,60624,25848,9936,0,0,0,0,0,1156320
2019-05-20,9389,농촌공진도태양광,방전,0,0,0,0,0,0,26784,123552,168624,194184,400248,415008,489528,493704,495504,495504,446688,243000,69192,8928,0,0,0,0,4070448
2019-05-21,9389,농촌공진도태양광,방전,0,0,0,0,0,0,49248,219456,430776,494136,493848,494064,494352,494280,494496,492912,425088,230544,72216,7632,0,0,0,0,4893048
2019-05-22,9389,농촌공진도태양광,방전,0,0,0,0,0,0,53496,113760,202680,283824,395784,493488,493704,492984,493632,492696,401760,224424,71856,0,0,0,0,0,4214088
2019-05-23,9389,농촌공진도태양광,방전,0,0,0,0,0,0,37368,91944,192960,276408,493704,493560,493488,492768,493416,493056,408024,217152,72720,7848,0,0,0,0,4264416
2019-05-24,9389,농촌공진도태양광,방전,0,0,0,0,0,0,48672,177192,361080,487008,492984,476496,291600,371304,340992,421560,396432,208080,72216,0,0,0,0,0,4145616
2019-05-25,9389,농촌공진도태양광,방전,0,0,0,0,0,0,16992,81144,182232,412056,487728,487080,492984,262152,335880,185328,185760,189720,54720,7272,0,0,0,0,3381048
2019-05-26,9389,농촌공진도태양광,방전,0,0,0,0,0,0,67680,182304,295920,443376,414936,431136,190224,196776,234432,160200,75528,37512,14832,0,0,0,0,0,2744856
2019-05-27,9389,농촌공진도태양광,방전,0,0,0,0,0,0,0,0,11376,22248,59976,92592,132264,112104,92520,57744,35064,21456,0,0,0,0,0,0,637344
2019-05-28,9389,농촌공진도태양광,방전,0,0,0,0,0,0,39168,139752,331416,478080,476496,495000,473184,486936,467136,430200,440424,229320,80568,11880,0,0,0,0,4579560
2019-05-29,9389,농촌공진도태양광,방전,0,0,0,0,0,0,37656,107064,205488,372744,613872,765000,798912,781056,712584,587736,421920,218448,82440,11088,0,0,0,0,5716008
2019-05-30,9389,농촌공진도태양광,방전,0,0,0,0,0,0,51480,156240,348984,502272,633816,773784,650448,416520,283536,135864,63648,30888,27504,0,0,0,0,0,4074984
2019-05-31,9389,농촌공진도태양광,방전,0,0,0,0,0,0,8136,25056,84744,196488,458424,782568,584280,749880,765000,635760,457344,222048,85392,15696,0,0,0,0,5070816
2019-06-01,9389,농촌공진도태양광,방전,0,0,0,0,0,0,59400,201600,237960,384624,622080,703224,684864,570672,475344,338760,234144,152280,96912,10800,0,0,0,0,4772664
2019-06-02,9389,농촌공진도태양광,방전,0,0,0,0,0,0,54576,174456,352440,571680,657720,705816,619128,552528,561600,575712,441288,221904,79200,11448,0,0,0,0,5579496
2019-06-03,9389,농촌공진도태양광,방전,0,0,0,0,0,0,61776,199152,388440,557352,679680,749808,764496,735192,689112,551520,414432,238824,110664,20304,0,0,0,0,6160752
2019-06-04,9389,농촌공진도태양광,방전,0,0,0,0,0,0,59472,201096,348768,550440,670680,739800,772056,764352,695448,571464,404424,210096,92376,14976,0,0,0,0,6095448
2019-06-05,9389,농촌공진도태양광,방전,0,0,0,0,0,0,58536,185616,354600,564120,688968,761976,777096,756864,685440,559224,394488,213264,84744,9072,0,0,0,0,6094008
2019-06-06,9389,농촌공진도태양광,방전,0,0,0,0,0,0,70848,184824,228528,236160,361512,410184,446544,225576,89424,56520,30456,8928,0,0,0,0,0,0,2349504
2019-06-07,9389,농촌공진도태양광,방전,0,0,0,0,0,0,0,8280,22824,49104,57312,112176,284472,229032,225576,92736,48960,43056,10296,0,0,0,0,0,1183824
2019-06-08,9389,농촌공진도태양광,방전,0,0,0,0,0,0,25920,122832,247608,320832,312912,397872,179280,0,0,0,0,0,0,0,0,0,0,0,1607256
2019-06-09,9389,농촌공진도태양광,방전,0,0,0,0,0,0,25200,106488,253080,484488,38088,0,0,0,0,0,0,0,0,0,0,0,0,0,907344
2019-06-10,9389,농촌공진도태양광,방전,0,0,0,0,0,0,81288,236808,399528,489528,429768,331560,137520,0,0,0,0,0,0,0,0,0,0,0,2106000
2019-06-11,9389,농촌공진도태양광,방전,0,0,0,0,0,0,0,94536,197424,338328,414360,25416,0,0,0,0,0,0,0,0,0,0,0,0,1070064
2019-06-12,9389,농촌공진도태양광,방전,0,0,0,0,0,0,23832,97560,188856,390384,493344,493560,493560,492552,493344,491616,379152,229896,105336,17640,0,0,0,0,4390632
2019-06-13,9389,농촌공진도태양광,방전,0,0,0,0,0,0,55296,202464,390960,485208,73080,0,0,0,0,0,0,0,0,0,0,0,0,0,1207008
2019-06-14,9389,농촌공진도태양광,방전,0,0,0,0,0,0,0,36792,54216,51696,109656,167472,87048,147888,51624,121536,156672,116424,45288,7272,0,0,0,0,1153584
2019-06-15,9389,농촌공진도태양광,방전,0,0,0,0,0,0,26208,97560,185616,450792,151488,0,0,0,0,0,0,0,0,0,0,0,0,0,911664
2019-06-16,9389,농촌공진도태양광,방전,0,0,0,0,0,0,45864,209448,419760,492912,489528,464688,483984,466488,459144,472536,386496,209016,91944,12096,0,0,0,0,4703904
2019-06-17,9389,농촌공진도태양광,방전,0,0,0,0,0,0,54936,150984,151416,249768,317520,464760,493200,491112,492840,485496,396432,233064,97992,14544,0,0,0,0,4094064
2019-06-18,9389,농촌공진도태양광,방전,0,0,0,0,0,0,12672,50184,90576,87840,119736,200808,433656,449568,471456,490320,388296,228384,83880,22176,0,0,0,0,3129552
2019-06-19,9389,농촌공진도태양광,방전,0,0,0,0,0,0,25992,97056,187056,407376,491760,493416,484632,492840,492552,481392,351576,224568,95112,16560,0,0,0,0,4341888
2019-06-20,9389,농촌공진도태양광,방전,0,0,0,0,0,0,54864,195624,365256,448344,493056,491112,491904,460512,398592,323856,368352,201456,102456,23256,0,0,0,0,4418640
2019-06-21,9389,농촌공진도태양광,방전,0,0,0,0,0,0,48744,180144,382248,491400,492768,492840,492912,492552,492624,492840,429984,245808,88560,21096,0,0,0,0,4844520
2019-06-22,9389,농촌공진도태양광,방전,0,0,0,0,0,0,50544,135864,217584,254232,160632,0,0,0,0,0,0,0,0,0,0,0,0,0,818856
2019-06-23,9389,농촌공진도태양광,방전,0,0,0,0,0,0,27792,61200,138816,266544,482400,461520,493200,492984,493056,492696,434736,295416,80568,0,0,0,0,0,4220928
2019-06-24,9389,농촌공진도태양광,방전,0,0,0,0,0,0,60264,191808,406152,480456,492336,492264,492840,491976,492696,492552,425664,245592,106416,19152,0,0,0,0,4890168
2019-06-25,9389,농촌공진도태양광,방전,0,0,0,0,0,0,23256,93456,191880,429552,424584,468648,493128,492696,488304,458784,391536,237816,91296,16416,0,0,0,0,4301352
2019-06-26,9389,농촌공진도태양광,방전,0,0,0,0,0,0,0,19224,44208,143280,121680,248832,199728,276984,364248,380664,142704,85176,25848,7488,0,0,0,0,2060064
2019-06-27,9389,농촌공진도태양광,방전,0,0,0,0,0,0,0,13536,57888,98280,372024,417600,493416,435672,0,0,0,0,0,0,0,0,0,0,1888416
2019-06-28,9389,농촌공진도태양광,방전,0,0,0,0,0,0,37152,179208,403992,492768,480600,490824,454176,492840,492840,488736,430488,238320,91080,18720,0,0,0,0,4791744
2019-06-29,9389,농촌공진도태양광,방전,0,0,0,0,0,0,0,0,6984,16200,18792,46872,67248,29016,8928,0,9504,8424,0,0,0,0,0,0,211968
2019-06-30,9389,농촌공진도태양광,방전,0,0,0,0,0,0,24120,94536,148176,331416,359064,436248,446256,385272,246600,331848,247464,167832,65880,22896,0,0,0,0,3307608
2019-07-01,9389,농촌공진도태양광,방전,0,0,0,0,0,0,25920,48960,89640,142632,125568,150840,167832,146736,73944,80712,79416,52776,29376,0,0,0,0,0,1214352
2019-07-02,9389,농촌공진도태양광,방전,0,0,0,0,0,0,22104,104256,244440,407736,473544,489384,489600,482760,489096,402120,427752,273816,146016,27000,0,0,0,0,4479624
2019-07-03,9389,농촌공진도태양광,방전,0,0,0,0,0,0,27576,92088,130464,344808,429912,454320,469944,385920,315864,348192,327888,255600,112536,20016,0,0,0,0,3715128
2019-07-04,9389,농촌공진도태양광,방전,0,0,0,0,0,0,22968,124920,359568,441288,462168,491688,492120,492264,492408,491256,417528,213192,96912,13608,0,0,0,0,4611888
2019-07-05,9389,농촌공진도태양광,방전,0,0,0,0,0,0,55296,151056,254016,333648,389376,441072,490464,432792,485064,78408,0,0,0,0,0,0,0,0,3111192
2019-07-06,9389,농촌공진도태양광,방전,0,0,0,0,0,0,47520,180792,378648,490824,491616,491976,492552,492480,492264,492048,433080,248400,88776,13032,0,0,0,0,4834008
2019-07-07,9389,농촌공진도태양광,방전,0,0,0,0,0,0,29592,184752,371160,490320,456696,126648,0,0,0,0,0,0,0,0,0,0,0,0,1659168
2019-07-08,9389,농촌공진도태양광,방전,0,0,0,0,0,0,17712,91728,325440,491328,491904,140832,0,0,0,0,0,0,0,0,0,0,0,0,1558944
2019-07-09,9389,농촌공진도태양광,방전,0,0,0,0,0,0,23976,114552,183744,380880,411480,404568,367344,49536,290304,403992,127584,178992,66528,12672,0,0,0,0,3016152
2019-07-10,9389,농촌공진도태양광,방전,0,0,0,0,0,0,0,25560,50256,168192,178416,188064,124056,124488,112752,92736,76248,48456,17784,0,0,0,0,0,1207008
2019-07-11,9389,농촌공진도태양광,방전,0,0,0,0,0,0,0,65664,198432,240192,280800,484920,141120,0,0,0,0,0,0,0,0,0,0,0,1411128
2019-07-12,9389,농촌공진도태양광,방전,0,0,0,0,0,0,34056,121104,222120,490104,485928,479088,474264,464832,475632,365112,277344,90432,31320,0,0,0,0,0,4011336
2019-07-13,9389,농촌공진도태양광,방전,0,0,0,0,0,0,0,76536,78264,195120,273240,372312,418104,421848,427752,428832,342072,143640,89136,15192,0,0,0,0,3282048
2019-07-14,9389,농촌공진도태양광,방전,0,0,0,0,0,0,32616,131616,286056,477432,490608,492120,492264,491976,491544,490824,406080,235584,101592,17280,0,0,0,0,4637592
2019-07-15,9389,농촌공진도태양광,방전,0,0,0,0,0,0,14184,50112,129960,302400,486504,491256,487872,490176,465552,387504,253944,223560,89424,12600,0,0,0,0,3885048
2019-07-16,9389,농촌공진도태양광,방전,0,0,0,0,0,0,40392,154080,308160,459576,490536,491544,487584,491112,491904,491040,384120,216864,101304,10584,0,0,0,0,4618800
2019-07-17,9389,농촌공진도태양광,방전,0,0,0,0,0,0,47232,173808,350856,353016,486576,492552,488232,290520,0,0,0,0,0,0,0,0,0,0,2682792
2019-07-18,9389,농촌공진도태양광,방전,0,0,0,0,0,0,0,23112,105552,138816,174024,274320,222192,96408,80712,47592,33984,33912,40176,9288,0,0,0,0,1280088
2019-07-19,9389,농촌공진도태양광,방전,0,0,0,0,0,0,0,0,0,0,26784,26352,118656,195840,72576,39312,44352,41616,20736,8856,0,0,0,0,595080
2019-07-20,9389,농촌공진도태양광,방전,0,0,0,0,0,0,0,25632,74808,164376,96120,136584,208296,123552,88128,72000,49104,24696,17208,0,0,0,0,0,1080504
2019-07-21,9389,농촌공진도태양광,방전,0,0,0,0,0,0,0,24120,92016,183312,438552,393552,127656,366192,338472,499824,406944,207144,100728,13464,0,0,0,0,3191976
2019-07-22,9389,농촌공진도태양광,방전,0,0,0,0,0,0,0,51120,169632,208152,179424,257112,241632,145296,200160,173016,257904,126360,82368,14688,0,0,0,0,2106864
2019-07-23,9389,농촌공진도태양광,방전,0,0,0,0,0,0,0,40104,77832,214416,225936,483480,400104,494064,328032,248184,136296,114048,46584,8136,0,0,0,0,2817216
2019-07-24,9389,농촌공진도태양광,방전,0,0,0,0,0,0,0,24840,70560,173808,183096,223992,271872,321912,147240,162144,92520,72216,23040,0,0,0,0,0,1767240
2019-07-25,9389,농촌공진도태양광,방전,0,0,0,0,0,0,0,25488,65592,201744,292680,347184,427392,273672,280800,140832,93528,48312,21168,0,0,0,0,0,2218392
2019-07-26,9389,농촌공진도태양광,방전,0,0,0,0,0,0,0,31608,170352,195840,334440,316512,0,0,0,0,0,0,0,0,0,0,0,0,1048752
2019-07-27,9389,농촌공진도태양광,방전,0,0,0,0,0,0,0,33192,31680,40896,54432,60552,125712,148752,73368,57096,72504,23544,7560,0,0,0,0,0,729288
2019-07-28,9389,농촌공진도태양광,방전,0,0,0,0,0,0,0,35424,51696,99720,137736,270000,288720,278784,297576,0,0,0,0,0,0,0,0,0,1459656
2019-07-29,9389,농촌공진도태양광,방전,0,0,0,0,0,0,22320,135216,320904,218448,0,0,0,0,0,0,0,0,0,0,0,0,0,0,696888
2019-07-30,9389,농촌공진도태양광,방전,0,0,0,0,0,0,0,73008,98712,198504,23904,0,0,0,0,0,0,0,0,0,0,0,0,0,394128
2019-07-31,9389,농촌공진도태양광,방전,0,0,0,0,0,0,0,54288,149616,169920,52200,0,0,0,0,0,0,0,0,0,0,0,0,0,426024
2019-08-01,9389,농촌공진도태양광,방전,0,0,0,0,0,0,14976,93816,172872,240768,322704,489456,479952,53424,0,0,0,0,0,0,0,0,0,0,1867968
2019-08-02,9389,농촌공진도태양광,방전,0,0,0,0,0,0,18288,142920,351144,482040,486864,183888,0,0,0,0,0,0,0,0,0,0,0,0,1665144
2019-08-03,9389,농촌공진도태양광,방전,0,0,0,0,0,0,19728,190224,303768,408312,464256,486360,41760,0,0,0,0,0,0,0,0,0,0,0,1914408
2019-08-04,9389,농촌공진도태양광,방전,0,0,0,0,0,0,7488,74232,172008,302544,488592,489312,472536,0,0,0,0,0,0,0,0,0,0,0,2006712
2019-08-05,9389,농촌공진도태양광,방전,0,0,0,0,0,0,21600,145296,341928,368280,448776,486936,487368,216000,345096,266472,250704,88560,63216,0,0,0,0,0,3530232
2019-08-06,9389,농촌공진도태양광,방전,0,0,0,0,0,0,15336,50544,81072,204120,384696,483624,486288,474192,233856,303912,219096,154440,72504,0,0,0,0,0,3163680
2019-08-07,9389,농촌공진도태양광,방전,0,0,0,0,0,0,20232,139464,284544,387288,480600,303480,0,0,0,0,0,0,0,0,0,0,0,0,1615608
2019-08-08,9389,농촌공진도태양광,방전,0,0,0,0,0,0,7488,165312,332712,286992,0,0,0,0,0,0,0,0,0,0,0,0,0,0,792504
2019-08-09,9389,농촌공진도태양광,방전,0,0,0,0,0,0,19656,125856,282384,461952,482688,476928,402408,228600,232128,173808,242784,152424,59616,0,0,0,0,0,3341232
2019-08-10,9389,농촌공진도태양광,방전,0,0,0,0,0,0,11880,64944,138096,180288,242352,0,0,0,0,0,0,0,0,0,0,0,0,0,637560
2019-08-11,9389,농촌공진도태양광,방전,0,0,0,0,0,0,17136,74016,233496,294768,202176,93888,142488,74448,52848,21456,12456,0,0,0,0,0,0,0,1219176
2019-08-12,9389,농촌공진도태양광,방전,0,0,0,0,0,0,0,0,70056,32040,207720,164304,125712,86256,0,0,0,0,0,0,0,0,0,0,686088
2019-08-13,9389,농촌공진도태양광,방전,0,0,0,0,0,0,7992,132120,325656,343512,45432,0,0,0,0,0,0,0,0,0,0,0,0,0,854712
2019-08-14,9389,농촌공진도태양광,방전,0,0,0,0,0,0,23040,162792,281088,440424,461880,289872,0,0,0,0,0,0,0,0,0,0,0,0,1659096
2019-08-15,9389,농촌공진도태양광,방전,0,0,0,0,0,0,0,128016,112464,122904,313056,0,0,0,0,0,0,0,0,0,0,0,0,0,676440
2019-08-16,9389,농촌공진도태양광,방전,0,0,0,0,0,0,0,82368,187272,172584,0,0,0,0,0,0,0,0,0,0,0,0,0,0,442224
2019-08-17,9389,농촌공진도태양광,방전,0,0,0,0,0,0,7704,60840,142560,143208,297432,360936,379368,213624,0,0,0,0,0,0,0,0,0,0,1605672
2019-08-18,9389,농촌공진도태양광,방전,0,0,0,0,0,0,7848,140688,364896,445248,485928,488232,488016,489528,490320,489816,414000,231336,52488,0,0,0,0,0,4588344
2019-08-19,9389,농촌공진도태양광,방전,0,0,0,0,0,0,14616,73152,167040,239616,467712,486648,482688,486792,475992,488736,325368,187632,49968,0,0,0,0,0,3945960
2019-08-20,9389,농촌공진도태양광,방전,0,0,0,0,0,0,16416,127080,304200,464112,284616,0,0,0,0,0,0,0,0,0,0,0,0,0,1196424
2019-08-21,9389,농촌공진도태양광,방전,0,0,0,0,0,0,0,116424,209160,272160,379224,189360,101736,0,0,0,0,0,0,0,0,0,0,0,1268064
2019-08-22,9389,농촌공진도태양광,방전,0,0,0,0,0,0,0,0,80640,238680,460656,394416,470592,481392,214848,0,0,0,0,0,0,0,0,0,2341224
2019-08-23,9389,농촌공진도태양광,방전,0,0,0,0,0,0,0,51768,119736,191808,0,0,0,0,0,0,0,0,0,0,0,0,0,0,363312
2019-08-24,9389,농촌공진도태양광,방전,0,0,0,0,0,0,0,74448,166680,309672,423000,451728,470592,472680,473256,51192,0,0,0,0,0,0,0,0,2893248
2019-08-25,9389,농촌공진도태양광,방전,0,0,0,0,0,0,0,16776,34056,69552,196056,190584,244152,245304,330696,307296,287496,126504,37656,0,0,0,0,0,2086128
2019-08-26,9389,농촌공진도태양광,방전,0,0,0,0,0,0,0,63504,148824,120672,261216,337104,269856,422496,472248,196200,0,0,0,0,0,0,0,0,2292120
2019-08-27,9389,농촌공진도태양광,방전,0,0,0,0,0,0,0,23472,140976,8928,0,12312,190656,73080,52560,118296,132984,56520,12240,0,0,0,0,0,822024
2019-08-28,9389,농촌공진도태양광,방전,0,0,0,0,0,0,0,7632,96480,129960,196128,290592,243216,284760,170208,62784,127152,158832,51984,0,0,0,0,0,1819728
2019-08-29,9389,농촌공진도태양광,방전,0,0,0,0,0,0,0,17856,37152,42696,95904,89424,139680,153360,153072,189936,118512,40896,0,0,0,0,0,0,1078488
2019-08-30,9389,농촌공진도태양광,방전,0,0,0,0,0,0,0,123192,306720,541656,666864,743976,787608,776016,716256,577656,351360,128952,24264,0,0,0,0,0,5744520
2019-08-31,9389,농촌공진도태양광,방전,0,0,0,0,0,0,0,95688,226152,375624,581904,680472,686880,587808,415296,477648,269424,116712,45576,0,0,0,0,0,4559184
2019-09-01,9389,농촌공진도태양광,방전,0,0,0,0,0,0,0,74664,115056,119232,142632,171936,88128,90648,102528,107352,96192,28152,0,0,0,0,0,0,1136520
2019-09-02,9389,농촌공진도태양광,방전,0,0,0,0,0,0,0,0,22032,87264,156672,154080,191520,255024,153504,122688,40752,21312,0,0,0,0,0,0,1204848
2019-09-03,9389,농촌공진도태양광,방전,0,0,0,0,0,0,0,0,10440,135504,221616,188496,273096,226872,119664,158688,205560,89712,20304,0,0,0,0,0,1649952
2019-09-04,9389,농촌공진도태양광,방전,0,0,0,0,0,0,0,8424,59832,136728,184248,155448,51624,86112,128664,206856,128088,74592,16632,0,0,0,0,0,1237248
2019-09-05,9389,농촌공진도태양광,방전,0,0,0,0,0,0,0,60912,159696,313272,401472,505728,460440,628848,264456,31752,14040,0,0,0,0,0,0,0,2840616
2019-09-06,9389,농촌공진도태양광,방전,0,0,0,0,0,0,0,34272,78480,162864,196560,167472,180072,214416,158688,142776,93960,30456,0,0,0,0,0,0,1460016
2019-09-07,9389,농촌공진도태양광,방전,0,0,0,0,0,0,0,0,24264,75888,101304,166464,341928,177192,425232,503352,241920,38736,12816,0,0,0,0,0,2109096
2019-09-08,9389,농촌공진도태양광,방전,0,0,0,0,0,0,0,59544,101664,128088,169488,248976,251640,137376,113472,106560,78624,31968,0,0,0,0,0,0,1427400
2019-09-09,9389,농촌공진도태양광,방전,0,0,0,0,0,0,0,0,49464,111600,145440,222336,183024,300384,238608,127440,46008,19512,0,0,0,0,0,0,1443816
2019-09-10,9389,농촌공진도태양광,방전,0,0,0,0,0,0,0,29952,87264,199584,257328,235368,323136,361728,383832,416016,243792,95256,19368,0,0,0,0,0,2652624
2019-09-11,9389,농촌공진도태양광,방전,0,0,0,0,0,0,0,66096,174528,313488,651456,706896,640224,731736,675504,439200,344016,134784,20592,0,0,0,0,0,4898520
2019-09-12,9389,농촌공진도태양광,방전,0,0,0,0,0,0,0,34848,87552,198792,203112,304128,175968,111168,108000,93384,61488,49824,9360,0,0,0,0,0,1437624
2019-09-13,9389,농촌공진도태양광,방전,0,0,0,0,0,0,0,106272,284256,526464,652824,743112,770544,596088,434016,401760,348912,132264,19152,0,0,0,0,0,5015664
2019-09-14,9389,농촌공진도태양광,방전,0,0,0,0,0,0,0,109152,285840,514368,639144,507672,585504,732888,671976,506520,314784,126648,13752,0,0,0,0,0,5008248
2019-09-15,9389,농촌공진도태양광,방전,0,0,0,0,0,0,0,14832,148824,264384,525456,633960,450432,576144,570672,462240,323784,123264,15408,0,0,0,0,0,4109400
2019-09-16,9389,농촌공진도태양광,방전,0,0,0,0,0,0,0,25272,109800,390816,514512,746136,769536,735552,658512,517032,324000,113400,14616,0,0,0,0,0,4919184
2019-09-17,9389,농촌공진도태양광,방전,0,0,0,0,0,0,0,37800,184680,535464,670464,750168,767664,755640,682632,540288,335736,118800,12312,0,0,0,0,0,5391648
2019-09-18,9389,농촌공진도태양광,방전,0,0,0,0,0,0,0,73872,168696,368424,523440,667152,815832,790848,701856,545760,343512,129312,12672,0,0,0,0,0,5141376
2019-09-19,9389,농촌공진도태양광,방전,0,0,0,0,0,0,0,106128,293328,537120,688896,771552,783360,752472,680112,542376,333360,118224,11664,0,0,0,0,0,5618592
2019-09-20,9389,농촌공진도태양광,방전,0,0,0,0,0,0,0,65232,186696,548352,678816,540576,677664,771552,705168,562896,277776,88416,0,0,0,0,0,0,5103144
2019-09-21,9389,농촌공진도태양광,방전,0,0,0,0,0,0,0,0,32328,35856,50544,49392,41400,47736,33624,25920,17280,7200,0,0,0,0,0,0,341280
2019-09-22,9389,농촌공진도태양광,방전,0,0,0,0,0,0,0,0,0,19656,30456,53640,85176,114048,101304,77688,96984,43704,15264,0,0,0,0,0,637920
2019-09-23,9389,농촌공진도태양광,방전,0,0,0,0,0,0,0,90504,280656,573264,723600,805680,835632,815400,725184,580248,358128,120168,8208,0,0,0,0,0,5916672
2019-09-24,9389,농촌공진도태양광,방전,0,0,0,0,0,0,0,87048,356760,568800,715968,801864,811656,703152,468144,518400,287424,109512,10728,0,0,0,0,0,5439456
2019-09-25,9389,농촌공진도태양광,방전,0,0,0,0,0,0,0,69336,196128,509256,561312,603504,540576,553896,608472,307080,137880,80352,0,0,0,0,0,0,4167792
2019-09-26,9389,농촌공진도태양광,방전,0,0,0,0,0,0,0,87624,244296,368496,339840,537768,552456,636480,569376,363096,187344,95112,0,0,0,0,0,0,3981888
2019-09-27,9389,농촌공진도태양광,방전,0,0,0,0,0,0,0,69120,275400,405576,394344,635832,400032,370080,142488,138960,130392,76176,0,0,0,0,0,0,3038400
2019-09-28,9389,농촌공진도태양광,방전,0,0,0,0,0,0,0,19944,117936,286416,280872,719568,397080,691776,657360,498312,215568,95472,0,0,0,0,0,0,3980304
2019-09-29,9389,농촌공진도태양광,방전,0,0,0,0,0,0,0,33984,168192,371016,531576,619560,769248,752688,650088,511272,302112,90000,0,0,0,0,0,0,4799736
2019-09-30,9389,농촌공진도태양광,방전,0,0,0,0,0,0,0,54288,140112,484848,651096,625032,415440,618696,640728,469728,281736,70560,0,0,0,0,0,0,4452264
2019-10-01,9389,농촌공진도태양광,방전,0,0,0,0,0,0,0,0,17352,31680,52344,301824,226656,90000,71784,42408,26928,12240,0,0,0,0,0,0,873216
2019-10-02,9389,농촌공진도태양광,방전,0,0,0,0,0,0,0,0,0,77544,125928,137376,97488,30024,62352,73152,21888,0,0,0,0,0,0,0,625752
2019-10-03,9389,농촌공진도태양광,방전,0,0,0,0,0,0,0,8352,262152,500328,483696,660312,667440,286344,413712,309312,226440,67464,0,0,0,0,0,0,3885552
2019-10-04,9389,농촌공진도태양광,방전,0,0,0,0,0,0,0,52704,209016,431856,655776,743544,770040,731160,638136,477072,185112,76464,0,0,0,0,0,0,4970880
2019-10-05,9389,농촌공진도태양광,방전,0,0,0,0,0,0,0,0,33984,47160,67464,230616,217584,181008,169632,180648,94536,42840,0,0,0,0,0,0,1265472
2019-10-06,9389,농촌공진도태양광,방전,0,0,0,0,0,0,0,28728,188280,374472,478656,370800,638352,397368,454968,301032,95472,56952,0,0,0,0,0,0,3385080
2019-10-07,9389,농촌공진도태양광,방전,0,0,0,0,0,0,0,0,61128,76392,76752,50832,20232,41616,78336,111600,71352,16776,0,0,0,0,0,0,605016
2019-10-08,9389,농촌공진도태양광,방전,0,0,0,0,0,0,0,31392,97344,163008,653472,508176,621864,782856,675792,474192,285480,74808,0,0,0,0,0,0,4368384
2019-10-09,9389,농촌공진도태양광,방전,0,0,0,0,0,0,0,108072,351936,623952,779256,853488,871056,828288,517824,541080,320040,77904,0,0,0,0,0,0,5872896
2019-10-10,9389,농촌공진도태양광,방전,0,0,0,0,0,0,0,59256,240480,544320,704952,789336,797832,771480,686016,510408,287280,65520,0,0,0,0,0,0,5456880
2019-10-11,9389,농촌공진도태양광,방전,0,0,0,0,0,0,0,120960,203400,543600,705816,780768,797112,756432,671904,470952,243864,61272,0,0,0,0,0,0,5356080
2019-10-12,9389,농촌공진도태양광,방전,0,0,0,0,0,0,0,54792,295416,521856,662400,747288,781920,760608,668808,499536,277200,53352,0,0,0,0,0,0,5323176
2019-10-13,9389,농촌공진도태양광,방전,0,0,0,0,0,0,0,85968,299592,544824,685008,756720,792432,760680,687816,507744,284616,56952,0,0,0,0,0,0,5462352
2019-10-14,9389,농촌공진도태양광,방전,0,0,0,0,0,0,0,73440,286416,429336,477216,620208,303264,175392,121320,165312,176760,61920,0,0,0,0,0,0,2890584
2019-10-15,9389,농촌공진도태양광,방전,0,0,0,0,0,0,0,67032,159696,211680,317376,223416,170352,240408,172944,284112,125568,32400,0,0,0,0,0,0,2004984
2019-10-16,9389,농촌공진도태양광,방전,0,0,0,0,0,0,0,49824,304056,541440,685296,772992,795600,682704,629280,483840,199368,39744,0,0,0,0,0,0,5184144
2019-10-17,9389,농촌공진도태양광,방전,0,0,0,0,0,0,0,16056,134064,175176,207864,313920,168552,174672,353952,231192,119088,28584,0,0,0,0,0,0,1923120
2019-10-18,9389,농촌공진도태양광,방전,0,0,0,0,0,0,0,33912,85392,162072,200520,173736,253872,487728,375336,339120,65376,0,0,0,0,0,0,0,2177064
2019-10-19,9389,농촌공진도태양광,방전,0,0,0,0,0,0,0,48744,251856,482472,617472,660456,453096,471024,594432,594864,188352,36864,0,0,0,0,0,0,4399632
2019-10-20,9389,농촌공진도태양광,방전,0,0,0,0,0,0,0,59256,265320,508680,648864,740160,785880,759312,662184,471888,216576,42984,0,0,0,0,0,0,5161104
2019-10-21,9389,농촌공진도태양광,방전,0,0,0,0,0,0,0,40176,247536,523656,696096,771624,782064,754920,654624,451800,125424,28152,0,0,0,0,0,0,5076072
2019-10-22,9389,농촌공진도태양광,방전,0,0,0,0,0,0,0,29592,225072,540504,682128,767016,795528,765504,673920,474408,221400,27288,0,0,0,0,0,0,5202360
2019-10-23,9389,농촌공진도태양광,방전,0,0,0,0,0,0,0,30168,92016,105192,203832,190656,376848,174816,187992,131400,47520,21312,0,0,0,0,0,0,1561752
2019-10-24,9389,농촌공진도태양광,방전,0,0,0,0,0,0,0,15912,67536,100224,199584,342288,766368,744048,642744,463392,214200,32904,0,0,0,0,0,0,3589200
2019-10-25,9389,농촌공진도태양광,방전,0,0,0,0,0,0,0,35136,245952,531504,637056,639864,467280,525384,602928,289656,170568,18792,0,0,0,0,0,0,4164120
2019-10-26,9389,농촌공진도태양광,방전,0,0,0,0,0,0,0,34200,137592,184248,524232,515448,531360,224640,237672,158472,48240,13896,0,0,0,0,0,0,2610000
2019-10-27,9389,농촌공진도태양광,방전,0,0,0,0,0,0,0,30168,264744,503424,634896,668592,630864,564048,594360,416088,183960,18864,0,0,0,0,0,0,4510008
2019-10-28,9389,농촌공진도태양광,방전,0,0,0,0,0,0,0,46296,180432,495720,680328,705456,682992,715824,576792,344088,118368,9504,0,0,0,0,0,0,4555800
2019-10-29,9389,농촌공진도태양광,방전,0,0,0,0,0,0,0,25848,177912,347616,557640,655992,681480,706968,661968,481680,199512,22464,0,0,0,0,0,0,4519080
2019-10-30,9389,농촌공진도태양광,방전,0,0,0,0,0,0,0,46872,292536,562752,714312,807624,833616,806832,707400,506520,234000,23256,0,0,0,0,0,0,5535720
2019-10-31,9389,농촌공진도태양광,방전,0,0,0,0,0,0,0,24624,255024,538776,660168,774720,797544,752904,656424,449352,180432,20088,0,0,0,0,0,0,5110056
2019-11-01,9389,농촌공진도태양광,방전,0,0,0,0,0,0,0,15984,87624,230544,498888,681120,695448,570240,558432,341424,68400,26280,0,0,0,0,0,0,3774384
2019-11-02,9389,농촌공진도태양광,방전,0,0,0,0,0,0,0,40032,198216,352080,438264,563616,366912,690912,411264,206352,116784,20232,0,0,0,0,0,0,3404664
2019-11-03,9389,농촌공진도태양광,방전,0,0,0,0,0,0,0,0,83808,206352,368352,695520,492264,699696,600192,404712,182952,15264,0,0,0,0,0,0,3749112
2019-11-04,9389,농촌공진도태양광,방전,0,0,0,0,0,0,0,10008,182664,415944,581112,396936,177768,497376,143064,233064,170424,18504,0,0,0,0,0,0,2826864
2019-11-05,9389,농촌공진도태양광,방전,0,0,0,0,0,0,0,12600,120096,382464,621360,743328,781776,756072,563760,219312,186336,17856,0,0,0,0,0,0,4404960
2019-11-06,9389,농촌공진도태양광,방전,0,0,0,0,0,0,0,21240,249984,524880,683352,760896,803304,781704,671040,369864,72072,9072,0,0,0,0,0,0,4947408
2019-11-07,9389,농촌공진도태양광,방전,0,0,0,0,0,0,0,10584,138456,382104,536832,228528,538272,696528,607752,210888,72504,11088,0,0,0,0,0,0,3433536
2019-11-08,9389,농촌공진도태양광,방전,0,0,0,0,0,0,0,21456,248760,579888,742536,830016,851760,816912,721728,508176,157032,9360,0,0,0,0,0,0,5487624
2019-11-09,9389,농촌공진도태양광,방전,0,0,0,0,0,0,0,18216,221688,544824,705168,799920,826344,791784,684648,470160,130320,8856,0,0,0,0,0,0,5201928
2019-11-10,9389,농촌공진도태양광,방전,0,0,0,0,0,0,0,0,97920,156384,202320,186264,237312,135792,320760,75240,45144,0,0,0,0,0,0,0,1457136
2019-11-11,9389,농촌공진도태양광,방전,0,0,0,0,0,0,0,13176,210168,230472,204120,615456,620712,625176,75672,205920,106416,9216,0,0,0,0,0,0,2916504
2019-11-12,9389,농촌공진도태양광,방전,0,0,0,0,0,0,0,13968,208584,363960,491184,603216,567072,654120,338112,161352,50760,0,0,0,0,0,0,0,3452328
2019-11-13,9389,농촌공진도태양광,방전,0,0,0,0,0,0,0,0,62424,152424,134280,98424,87696,124128,129240,54072,8496,0,0,0,0,0,0,0,851184
2019-11-14,9389,농촌공진도태양광,방전,0,0,0,0,0,0,0,14400,222552,445320,674856,735480,787176,609480,652248,479376,125064,7272,0,0,0,0,0,0,4753224
2019-11-15,9389,농촌공진도태양광,방전,0,0,0,0,0,0,0,14328,206496,456192,662256,773640,801864,765072,643968,406368,105120,8280,0,0,0,0,0,0,4843584
2019-11-16,9389,농촌공진도태양광,방전,0,0,0,0,0,0,0,8136,159336,455184,371952,363384,390744,333864,443304,246312,73080,7344,0,0,0,0,0,0,2852640
2019-11-17,9389,농촌공진도태양광,방전,0,0,0,0,0,0,0,0,30024,43056,63576,133920,114336,179928,236664,45864,18936,0,0,0,0,0,0,0,866304
2019-11-18,9389,농촌공진도태양광,방전,0,0,0,0,0,0,0,0,19152,14616,32904,69696,238824,267984,97776,133848,39744,0,0,0,0,0,0,0,914544
2019-11-19,9389,농촌공진도태양광,방전,0,0,0,0,0,0,0,0,42120,177984,163368,214632,410616,264960,141192,115128,39168,0,0,0,0,0,0,0,1569168
2019-11-20,9389,농촌공진도태양광,방전,0,0,0,0,0,0,0,0,184824,474696,725472,822024,860112,826056,722448,457344,90864,0,0,0,0,0,0,0,5163840
2019-11-21,9389,농촌공진도태양광,방전,0,0,0,0,0,0,0,0,155376,505440,706248,744048,487224,722304,541512,88488,71208,0,0,0,0,0,0,0,4021848
2019-11-22,9389,농촌공진도태양광,방전,0,0,0,0,0,0,0,7416,144216,380232,594360,595800,287496,503064,618408,356616,73008,0,0,0,0,0,0,0,3560616
2019-11-23,9389,농촌공진도태양광,방전,0,0,0,0,0,0,0,0,152136,413928,655848,734904,746712,744048,638208,387576,68544,0,0,0,0,0,0,0,4541904
2019-11-24,9389,농촌공진도태양광,방전,0,0,0,0,0,0,0,0,62640,77256,204840,548496,503928,374040,513000,174384,41976,0,0,0,0,0,0,0,2500560
2019-11-25,9389,농촌공진도태양광,방전,0,0,0,0,0,0,0,0,48960,105336,106416,63288,108216,68400,108000,80568,22392,0,0,0,0,0,0,0,711576
2019-11-26,9389,농촌공진도태양광,방전,0,0,0,0,0,0,0,0,19008,39312,56448,73296,89424,162216,74808,42408,12816,0,0,0,0,0,0,0,569736
2019-11-27,9389,농촌공진도태양광,방전,0,0,0,0,0,0,0,0,0,25272,41616,76824,126504,109224,78984,113976,46296,0,0,0,0,0,0,0,618696
2019-11-28,9389,농촌공진도태양광,방전,0,0,0,0,0,0,0,7560,112752,233640,387000,775008,811512,780840,670032,309672,38736,0,0,0,0,0,0,0,4126752
2019-11-29,9389,농촌공진도태양광,방전,0,0,0,0,0,0,0,0,130320,396360,719928,831672,867312,842112,742896,400896,64008,0,0,0,0,0,0,0,4995504
2019-11-30,9389,농촌공진도태양광,방전,0,0,0,0,0,0,0,0,74448,383832,667008,756936,795888,722160,559728,159480,25272,0,0,0,0,0,0,0,4144752
2019-12-01,9389,농촌공진도태양광,방전,0,0,0,0,0,0,0,0,0,0,21672,14760,26280,12456,9288,7848,0,0,0,0,0,0,0,0,92304
2019-12-02,9389,농촌공진도태양광,방전,0,0,0,0,0,0,0,0,45936,80496,326736,239904,297792,283320,152136,81144,28728,0,0,0,0,0,0,0,1536192
2019-12-03,9389,농촌공진도태양광,방전,0,0,0,0,0,0,0,0,96984,59760,290880,290664,102600,228816,267048,92376,35568,0,0,0,0,0,0,0,1464696
2019-12-04,9389,농촌공진도태양광,방전,0,0,0,0,0,0,0,0,8712,84960,421704,465696,474984,536472,588456,271512,58752,0,0,0,0,0,0,0,2911248
2019-12-05,9389,농촌공진도태양광,방전,0,0,0,0,0,0,0,0,76536,328392,651816,809568,865944,813096,718920,236808,32976,0,0,0,0,0,0,0,4534056
2019-12-06,9389,농촌공진도태양광,방전,0,0,0,0,0,0,0,0,32760,181224,449712,564552,664416,627120,330048,160344,38088,0,0,0,0,0,0,0,3048264
2019-12-07,9389,농촌공진도태양광,방전,0,0,0,0,0,0,0,0,52272,305064,677304,708480,499824,720360,442224,209016,60336,0,0,0,0,0,0,0,3674880
2019-12-08,9389,농촌공진도태양광,방전,0,0,0,0,0,0,0,0,67680,218304,580536,541440,617472,808128,710784,364032,52128,0,0,0,0,0,0,0,3960504
2019-12-09,9389,농촌공진도태양광,방전,0,0,0,0,0,0,0,0,30312,176328,527040,662400,542664,679536,534312,256176,54504,0,0,0,0,0,0,0,3463272
2019-12-10,9389,농촌공진도태양광,방전,0,0,0,0,0,0,0,0,58176,196992,388008,580680,651384,702432,576144,272736,44640,7704,0,0,0,0,0,0,3478896
2019-12-11,9389,농촌공진도태양광,방전,0,0,0,0,0,0,0,0,51624,188136,342144,477792,205632,52416,22392,56592,49464,0,0,0,0,0,0,0,1446192
2019-12-12,9389,농촌공진도태양광,방전,0,0,0,0,0,0,0,0,26136,115632,417024,236880,0,0,0,0,0,0,0,0,0,0,0,0,795672
2019-12-13,9389,농촌공진도태양광,방전,0,0,0,0,0,0,0,0,96408,209808,486360,452160,296280,291240,401544,280368,57240,0,0,0,0,0,0,0,2571408
2019-12-14,9389,농촌공진도태양광,방전,0,0,0,0,0,0,0,0,54000,320328,110016,0,0,0,0,0,0,0,0,0,0,0,0,0,484344
2019-12-15,9389,농촌공진도태양광,방전,0,0,0,0,0,0,0,0,67392,330984,487944,494424,99432,0,0,0,0,0,0,0,0,0,0,0,1480176
2019-12-16,9389,농촌공진도태양광,방전,0,0,0,0,0,0,0,0,53496,219888,325728,314784,135648,0,0,0,0,0,0,0,0,0,0,0,1049544
2019-12-17,9389,농촌공진도태양광,방전,0,0,0,0,0,0,0,0,0,14976,36000,41832,14472,39744,22608,11880,0,0,0,0,0,0,0,0,181512
2019-12-18,9389,농촌공진도태양광,방전,0,0,0,0,0,0,0,0,11088,83880,100296,0,0,0,0,0,0,0,0,0,0,0,0,0,195264
2019-12-19,9389,농촌공진도태양광,방전,0,0,0,0,0,0,0,0,31464,238752,438840,0,0,0,0,0,0,0,0,0,0,0,0,0,709056
2019-12-20,9389,농촌공진도태양광,방전,0,0,0,0,0,0,0,0,53640,234288,294264,233784,388296,282384,225504,67608,28512,0,0,0,0,0,0,0,1808280
2019-12-21,9389,농촌공진도태양광,방전,0,0,0,0,0,0,0,0,30960,60552,87264,122832,103248,56664,69192,66168,41544,0,0,0,0,0,0,0,638424
2019-12-22,9389,농촌공진도태양광,방전,0,0,0,0,0,0,0,0,12960,62064,177624,236448,403920,267696,126432,131688,56232,0,0,0,0,0,0,0,1475064
2019-12-23,9389,농촌공진도태양광,방전,0,0,0,0,0,0,0,0,17568,70488,90648,244224,466632,400104,492480,291960,74160,0,0,0,0,0,0,0,2148264
2019-12-24,9389,농촌공진도태양광,방전,0,0,0,0,0,0,0,0,32400,210384,395496,721656,796968,757584,647496,300888,57744,7272,0,0,0,0,0,0,3927888
2019-12-25,9389,농촌공진도태양광,방전,0,0,0,0,0,0,0,0,57816,238608,563184,714816,732024,563544,458136,274896,33984,0,0,0,0,0,0,0,3637008
2019-12-26,9389,농촌공진도태양광,방전,0,0,0,0,0,0,0,0,0,25416,58536,97920,110448,79056,66384,18720,0,0,0,0,0,0,0,0,456480
2019-12-27,9389,농촌공진도태양광,방전,0,0,0,0,0,0,0,0,8784,33120,91368,111024,145512,160488,119088,99576,54864,7200,0,0,0,0,0,0,831024
2019-12-28,9389,농촌공진도태양광,방전,0,0,0,0,0,0,0,0,51624,251568,488880,685512,729288,713232,611136,294840,68112,8496,0,0,0,0,0,0,3902688
2019-12-29,9389,농촌공진도태양광,방전,0,0,0,0,0,0,0,0,10440,28440,33768,46656,44640,55368,40824,23040,0,0,0,0,0,0,0,0,283176
2019-12-30,9389,농촌공진도태양광,방전,0,0,0,0,0,0,0,0,0,30024,42624,111168,226656,174240,133560,65232,17136,0,0,0,0,0,0,0,800640
2019-12-31,9389,농촌공진도태양광,방전,0,0,0,0,0,0,0,0,12600,110376,269640,280368,378432,327168,401328,113544,47736,0,0,0,0,0,0,0,1941192
,,,,,,,,,,,,,,,,,,,,,,,,,,,,
