지점,지점명,일시,기온(°C),강수량(mm),풍속(m/s),풍향(16방위),습도(%),현지기압(hPa),일조(hr),일사(MJ/m2),적설(cm),전운량(10분위)
121,영월,2025-01-01 01:00,-5.7,,.4,0,66,993.3,,,,0
121,영월,2025-01-01 02:00,-6.2,,.3,0,65,993.7,,,,0
121,영월,2025-01-01 03:00,-7.1,,.1,0,72,993.9,,,,0
121,영월,2025-01-01 04:00,-7.4,,0,0,75,993.7,,,,0
121,영월,2025-01-01 05:00,-7.6,,.1,0,78,993.3,,,,0
121,영월,2025-01-01 06:00,-7.5,,.1,0,78,993.7,,,,10
121,영월,2025-01-01 07:00,-6.6,,.2,0,78,994,,,,9
121,영월,2025-01-01 08:00,-6,,.1,0,74,994,0,,,9
121,영월,2025-01-01 09:00,-5.1,,.4,0,69,994,0,,,9
121,영월,2025-01-01 10:00,-2.4,,.4,0,64,994.2,0,,,9
121,영월,2025-01-01 11:00,-.4,,.5,110,56,994.2,0,,,9
121,영월,2025-01-01 12:00,3,,.6,50,53,993.3,.4,,,7
121,영월,2025-01-01 13:00,6.6,,1,140,42,992.1,1,,,0
121,영월,2025-01-01 14:00,5.9,,3.2,250,43,991.3,1,,,0
121,영월,2025-01-01 15:00,6.4,,3.1,250,40,991.1,1,,,0
121,영월,2025-01-01 16:00,6.4,,2.6,270,41,991.2,1,,,0
121,영월,2025-01-01 17:00,5.3,,1.8,270,44,991.4,.6,,,0
121,영월,2025-01-01 18:00,4.8,,1.4,250,48,991.7,0,,,0
121,영월,2025-01-01 19:00,3.2,,1,270,54,992.1,,,,0
121,영월,2025-01-01 20:00,2.9,,1.5,290,55,992.7,,,,0
121,영월,2025-01-01 21:00,.4,,.6,320,64,993.1,,,,0
121,영월,2025-01-01 22:00,-.7,,.9,360,71,993.3,,,,0
121,영월,2025-01-01 23:00,-1.2,,.4,0,73,993.7,,,,0
121,영월,2025-01-02 00:00,-2.4,,0,0,79,993.9,,,,0
121,영월,2025-01-02 01:00,-2.9,,0,0,82,994,,,,0
121,영월,2025-01-02 02:00,-3.5,,.3,0,85,994.3,,,,0
121,영월,2025-01-02 03:00,-4.2,,0,0,87,994.7,,,,0
121,영월,2025-01-02 04:00,-5,,0,0,89,994.8,,,,0
121,영월,2025-01-02 05:00,-5.6,,.4,0,90,994.9,,,,0
121,영월,2025-01-02 06:00,-5.8,,.4,0,92,995.1,,,,0
121,영월,2025-01-02 07:00,-5.9,,0,0,92,995.3,,,,10
121,영월,2025-01-02 08:00,-6,,.1,0,91,995.6,0,,,9
121,영월,2025-01-02 09:00,-4.7,,.2,0,89,996.1,0,,,9
121,영월,2025-01-02 10:00,-3.3,,0,0,85,996.4,.2,,,8
121,영월,2025-01-02 11:00,.7,,.9,160,69,996,.7,,,2
121,영월,2025-01-02 12:00,2,,.8,340,63,994.9,1,,,1
121,영월,2025-01-02 13:00,3.4,,1.1,270,52,993.8,1,,,0
121,영월,2025-01-02 14:00,4.7,,1.6,290,37,993,1,,,0
121,영월,2025-01-02 15:00,5.2,,2.1,250,32,993,1,,,0
121,영월,2025-01-02 16:00,5.4,,1.4,250,29,993.3,1,,,0
121,영월,2025-01-02 17:00,3.9,,2.2,270,22,993.4,.7,,,0
121,영월,2025-01-02 18:00,2.6,,1.9,270,25,994,0,,,0
121,영월,2025-01-02 19:00,1.8,,1.3,270,26,994.5,,,,0
121,영월,2025-01-02 20:00,-.3,,.8,290,33,994.6,,,,0
121,영월,2025-01-02 21:00,-2.1,,.2,0,41,994.6,,,,0
121,영월,2025-01-02 22:00,-1.5,,2.2,290,38,994.4,,,,0
121,영월,2025-01-02 23:00,-1.8,,1.5,290,38,994.7,,,,0
121,영월,2025-01-03 00:00,-2.3,,1.5,290,39,994.7,,,,3
121,영월,2025-01-03 01:00,-3.5,,1.2,270,44,994.7,,,,0
121,영월,2025-01-03 02:00,-3.9,,1.8,270,46,994.6,,,,0
121,영월,2025-01-03 03:00,-4.5,,.4,0,48,994.9,,,,0
121,영월,2025-01-03 04:00,-4.6,,.4,0,45,994.7,,,,0
121,영월,2025-01-03 05:00,-5,,.6,320,45,994.7,,,,0
121,영월,2025-01-03 06:00,-5.6,,1,290,46,994.9,,,,0
121,영월,2025-01-03 07:00,-5.7,,.7,320,44,995.4,,,,0
121,영월,2025-01-03 08:00,-8.1,,.5,290,60,996.1,0,,,0
121,영월,2025-01-03 09:00,-5.1,,.1,0,52,996.6,.9,,,0
121,영월,2025-01-03 10:00,-3.3,,.9,250,34,997.3,1,,,0
121,영월,2025-01-03 11:00,-1.8,,1.9,270,26,997,1,,,0
121,영월,2025-01-03 12:00,.6,,1.7,320,22,995.8,1,,,0
121,영월,2025-01-03 13:00,.4,,2.9,270,22,995.2,1,,,0
121,영월,2025-01-03 14:00,.7,,3,320,24,994.9,1,,,0
121,영월,2025-01-03 15:00,1.2,,3.2,290,27,994.9,1,,,4
121,영월,2025-01-03 16:00,0,,2.9,270,33,995.1,.7,,,5
121,영월,2025-01-03 17:00,0,,2.4,250,33,995.1,.6,,,5
121,영월,2025-01-03 18:00,-.7,,1.6,270,36,995.3,0,,,0
121,영월,2025-01-03 19:00,-1.5,,1.1,270,40,995.8,,,,0
121,영월,2025-01-03 20:00,-2.3,,1.7,270,49,996,,,,0
121,영월,2025-01-03 21:00,-2.2,,1.1,290,54,996.2,,,,8
121,영월,2025-01-03 22:00,-3.2,,.1,0,59,996.4,,,,6
121,영월,2025-01-03 23:00,-3.5,,0,0,60,996.5,,,,8
121,영월,2025-01-04 00:00,-4.3,0,0,0,64,996.1,,,,8
121,영월,2025-01-04 01:00,-4.6,,.1,0,67,996,,,,8
121,영월,2025-01-04 02:00,-4.5,,0,0,67,996.3,,,,9
121,영월,2025-01-04 03:00,-4.8,0,0,0,73,996.4,,,,8
121,영월,2025-01-04 04:00,-5.4,,.1,0,74,996.3,,,,9
121,영월,2025-01-04 05:00,-5.8,,0,0,78,996.1,,,,0
121,영월,2025-01-04 06:00,-6.5,,.2,0,85,996.5,,,,0
121,영월,2025-01-04 07:00,-6.8,,.1,0,87,997.1,,,,0
121,영월,2025-01-04 08:00,-6.7,,.5,270,87,997,0,,,0
121,영월,2025-01-04 09:00,-5,,.4,0,81,997.7,.7,,,0
121,영월,2025-01-04 10:00,-3.3,,.8,340,65,998.1,1,,,0
121,영월,2025-01-04 11:00,-1.8,,1.1,270,54,997.8,1,,,0
121,영월,2025-01-04 12:00,-.6,,1,290,41,997.5,1,,,0
121,영월,2025-01-04 13:00,1.4,,1.3,340,33,996.9,1,,,0
121,영월,2025-01-04 14:00,1.4,,1.7,270,30,996.6,1,,,0
121,영월,2025-01-04 15:00,2.8,,1.7,270,25,996.2,1,,,0
121,영월,2025-01-04 16:00,3.1,,1.6,230,23,996.3,1,,,0
121,영월,2025-01-04 17:00,1.9,,1.6,230,24,996.4,.7,,,0
121,영월,2025-01-04 18:00,.4,,1.9,270,29,996.9,0,,,0
121,영월,2025-01-04 19:00,-1.5,,.5,200,35,997.3,,,,0
121,영월,2025-01-04 20:00,-2.2,,.2,0,39,997.7,,,,0
121,영월,2025-01-04 21:00,-4,,.4,0,48,997,,,,0
121,영월,2025-01-04 22:00,-4.9,,.2,0,52,996.9,,,,0
121,영월,2025-01-04 23:00,-5.7,,.3,0,54,997.1,,,,0
121,영월,2025-01-05 00:00,-6.5,,.2,0,61,996.5,,,,0
121,영월,2025-01-05 01:00,-7,,.3,0,66,996,,,,4
121,영월,2025-01-05 02:00,-7.7,,.1,0,70,995.4,,,,8
121,영월,2025-01-05 03:00,-7.9,,.1,0,69,995.9,,,,9
121,영월,2025-01-05 04:00,-8,,.6,270,71,995.8,,,,8
121,영월,2025-01-05 05:00,-7.2,,.7,140,72,994.8,,,,10
121,영월,2025-01-05 06:00,-6.7,,.1,0,70,994.5,,,,10
121,영월,2025-01-05 07:00,-6.5,,.6,290,70,994.4,,,,10
121,영월,2025-01-05 08:00,-5.8,,.2,0,70,994.4,0,,,10
121,영월,2025-01-05 09:00,-5,,0,0,64,994.4,0,,,10
121,영월,2025-01-05 10:00,-4.3,,.4,0,64,994.1,0,,,9
121,영월,2025-01-05 11:00,-4.3,,.8,270,74,993.6,0,,,9
121,영월,2025-01-05 12:00,-4.2,.1,.4,0,84,992.9,0,,,9
121,영월,2025-01-05 13:00,-3.3,,.4,0,83,991.6,0,,,9
121,영월,2025-01-05 14:00,-2.5,,.3,0,83,990.6,0,,,9
121,영월,2025-01-05 15:00,-2.3,.3,.3,0,87,990.3,0,,,10
121,영월,2025-01-05 16:00,-2,,.3,0,92,990.1,0,,,10
121,영월,2025-01-05 17:00,-2,,.3,0,93,990,0,,,10
121,영월,2025-01-05 18:00,-1.8,1.1,0,0,93,990,0,,,9
121,영월,2025-01-05 19:00,-1.8,,.2,0,93,990.2,,,,9
121,영월,2025-01-05 20:00,-1.6,,.3,0,92,990.2,,,,9
121,영월,2025-01-05 21:00,-1.6,0,.2,0,92,990.2,,,,9
121,영월,2025-01-05 22:00,-1.8,,.1,0,93,989.8,,,,9
121,영월,2025-01-05 23:00,-1.6,,.4,0,93,989.2,,,,9
121,영월,2025-01-06 00:00,-1.8,0,.1,0,94,988.8,,,,10
121,영월,2025-01-06 01:00,-2.6,,.2,0,95,987.9,,,,7
121,영월,2025-01-06 02:00,-2.5,,.3,0,97,987.5,,,,10
121,영월,2025-01-06 03:00,-2.3,,.4,0,97,987.2,,,,10
121,영월,2025-01-06 04:00,-2.5,,.2,0,97,986.4,,,,7
121,영월,2025-01-06 05:00,-2.6,,.7,320,97,985.8,,,,10
121,영월,2025-01-06 06:00,-2.2,1.6,.9,110,97,985.9,,,1.5,10
121,영월,2025-01-06 07:00,-1.9,,.7,110,98,986.1,,,2.1,10
121,영월,2025-01-06 08:00,-1.8,,.5,160,98,986.2,0,,3.2,9
121,영월,2025-01-06 09:00,-1.1,.8,.1,0,98,986,0,,3.3,9
121,영월,2025-01-06 10:00,-.2,,.3,0,94,986.1,0,,3.3,9
121,영월,2025-01-06 11:00,.5,,.5,110,89,986,.2,,2.8,8
121,영월,2025-01-06 12:00,2.7,0,1,290,78,985.2,.7,,2.3,8
121,영월,2025-01-06 13:00,3.8,,2.9,270,68,984.2,.8,,.4,8
121,영월,2025-01-06 14:00,3.4,,3,270,71,984,.4,,.5,8
121,영월,2025-01-06 15:00,2.9,0,2.4,290,63,984.2,.5,,,8
121,영월,2025-01-06 16:00,1.6,,3.4,270,75,984.9,.4,,,9
121,영월,2025-01-06 17:00,1.5,,1.3,290,70,985.7,.1,,,8
121,영월,2025-01-06 18:00,.6,.1,2.4,250,75,986.4,0,,,8
121,영월,2025-01-06 19:00,.2,,1.8,270,73,987.2,,,,9
121,영월,2025-01-06 20:00,0,,2.6,250,66,987.7,,,,8
121,영월,2025-01-06 21:00,-.4,0,3.3,250,66,988,,,,8
121,영월,2025-01-06 22:00,-.8,,2.3,250,64,988.1,,,,8
121,영월,2025-01-06 23:00,-1.6,,2,270,56,988.7,,,,8
121,영월,2025-01-07 00:00,-2,,1.7,270,54,988.5,,,,7
121,영월,2025-01-07 01:00,-2.9,,1.9,290,54,988.4,,,,0
121,영월,2025-01-07 02:00,-4.1,,2,270,55,988.6,,,,0
121,영월,2025-01-07 03:00,-4.9,,1.2,290,54,988.7,,,,0
121,영월,2025-01-07 04:00,-5.8,,.5,290,60,988.3,,,,0
121,영월,2025-01-07 05:00,-6.6,,.2,0,63,988.1,,,,0
121,영월,2025-01-07 06:00,-6.9,,.7,320,63,988.3,,,,0
121,영월,2025-01-07 07:00,-7.5,,1,320,67,988.7,,,,0
121,영월,2025-01-07 08:00,-8,,.9,320,67,989.2,0,,,0
121,영월,2025-01-07 09:00,-5.7,,.4,0,68,989,.9,,,0
121,영월,2025-01-07 10:00,-4.7,,1.6,250,44,989.1,1,,,0
121,영월,2025-01-07 11:00,-3.5,,1.8,290,37,988.5,1,,,0
121,영월,2025-01-07 12:00,-1.7,,2.5,320,34,987.3,1,,,0
121,영월,2025-01-07 13:00,-.8,,2.4,290,35,986.5,1,,,5
121,영월,2025-01-07 14:00,-.8,,4.4,270,35,986.1,1,,,4
121,영월,2025-01-07 15:00,-.8,,4.4,270,36,986.2,.9,,,7
121,영월,2025-01-07 16:00,-.7,,4.2,270,39,986.7,.9,,,6
121,영월,2025-01-07 17:00,-1.8,,2.3,250,50,987.2,.3,,,6
121,영월,2025-01-07 18:00,-2.2,,3.1,270,57,987.5,0,,,6
121,영월,2025-01-07 19:00,-2.6,,1.3,250,59,988.2,,,,5
121,영월,2025-01-07 20:00,-2.6,,1.8,250,58,988.8,,,,6
121,영월,2025-01-07 21:00,-3.2,,1.3,270,62,989,,,,6
121,영월,2025-01-07 22:00,-3.4,,1.5,270,63,989.1,,,,0
121,영월,2025-01-07 23:00,-3.4,,1.8,270,62,989,,,,3
121,영월,2025-01-08 00:00,-3.7,,1,270,63,989.2,,,,6
121,영월,2025-01-08 01:00,-4.4,,1,290,65,989.1,,,,0
121,영월,2025-01-08 02:00,-4.7,,1.3,320,69,989.2,,,,0
121,영월,2025-01-08 03:00,-6.1,,.2,0,75,989.3,,,,0
121,영월,2025-01-08 04:00,-7,,.4,0,81,989.3,,,,6
121,영월,2025-01-08 05:00,-7.1,,.9,320,80,989,,,,6
121,영월,2025-01-08 06:00,-7.5,,.3,0,79,989.4,,,,0
121,영월,2025-01-08 07:00,-8.1,,.1,0,84,990,,,,0
121,영월,2025-01-08 08:00,-8.1,,.1,0,84,990.5,0,,,0
121,영월,2025-01-08 09:00,-6.5,,.2,0,80,990.7,.9,,,0
121,영월,2025-01-08 10:00,-2.9,,.8,140,68,991,1,,,4
121,영월,2025-01-08 11:00,-2.5,,.9,200,49,990.7,.6,,,6
121,영월,2025-01-08 12:00,-1.1,,1.2,360,40,989.6,0,,,8
121,영월,2025-01-08 13:00,-1,,3.1,270,41,988.9,0,,,9
121,영월,2025-01-08 14:00,-1.1,,3.4,320,50,988.4,.2,,,8
121,영월,2025-01-08 15:00,-1,,2.8,270,51,988.6,.4,,,9
121,영월,2025-01-08 16:00,-1.7,,1.8,270,60,988.6,0,,,8
121,영월,2025-01-08 17:00,-2,,1.7,270,60,988.6,.4,,,6
121,영월,2025-01-08 18:00,-2.4,,2.4,250,62,988.7,0,,,8
121,영월,2025-01-08 19:00,-2.7,,1.1,270,70,989,,,,8
121,영월,2025-01-08 20:00,-2.9,,2.1,270,48,989.1,,,,0
121,영월,2025-01-08 21:00,-3.7,,2.3,250,50,989.8,,,,0
121,영월,2025-01-08 22:00,-3.9,,3.2,270,48,990,,,,7
121,영월,2025-01-08 23:00,-4.7,,1.5,270,48,990.3,,,,8
121,영월,2025-01-09 00:00,-5.4,,2.7,270,48,990.5,,,,0
121,영월,2025-01-09 01:00,-6.6,,3.2,270,47,990.8,,,,0
121,영월,2025-01-09 02:00,-7.5,,3.1,290,51,991.5,,,,8
121,영월,2025-01-09 03:00,-7.9,,1.9,270,55,991.7,,,,9
121,영월,2025-01-09 04:00,-8.2,,2,270,56,991.9,,,,0
121,영월,2025-01-09 05:00,-9.2,,1.8,270,47,992.3,,,,0
121,영월,2025-01-09 06:00,-9.6,,1.4,270,37,992.2,,,,0
121,영월,2025-01-09 07:00,-10.1,,2.6,270,33,992.7,,,,0
121,영월,2025-01-09 08:00,-10.3,,2.5,270,30,993,0,,,0
121,영월,2025-01-09 09:00,-9.6,,2.6,270,29,993.2,.9,,,0
121,영월,2025-01-09 10:00,-9.1,,3.6,270,26,992.9,1,,,0
121,영월,2025-01-09 11:00,-8.6,,4.1,270,26,992.7,1,,,0
121,영월,2025-01-09 12:00,-7.9,,3.7,270,26,991.5,1,,,0
121,영월,2025-01-09 13:00,-6.9,,5.1,250,26,990.6,1,,,1
121,영월,2025-01-09 14:00,-7.4,,4.2,270,24,990.4,1,,,3
121,영월,2025-01-09 15:00,-7.3,,5.3,270,22,990.7,1,,,4
121,영월,2025-01-09 16:00,-8.3,,5.3,270,25,991,1,,,5
121,영월,2025-01-09 17:00,-9.7,,6.2,270,27,992.2,.5,,,8
121,영월,2025-01-09 18:00,-10.3,,2.8,270,30,993.5,0,,,10
121,영월,2025-01-09 19:00,-10.7,,3.6,270,33,994.4,,,,10
121,영월,2025-01-09 20:00,-11.3,,4,320,33,996.2,,,,0
121,영월,2025-01-09 21:00,-11.9,,1.8,270,35,997,,,,10
121,영월,2025-01-09 22:00,-12.2,,2.1,270,37,998,,,,10
121,영월,2025-01-09 23:00,-13,,1,270,43,998.9,,,,10
121,영월,2025-01-10 00:00,-13.5,,1,290,47,999.3,,,,10
121,영월,2025-01-10 01:00,-14.3,,1.5,270,55,999.8,,,,10
121,영월,2025-01-10 02:00,-14.7,,.7,340,54,1000.2,,,,10
121,영월,2025-01-10 03:00,-15.3,,.7,290,62,1000.7,,,,10
121,영월,2025-01-10 04:00,-15.8,,.5,270,68,1000.9,,,,10
121,영월,2025-01-10 05:00,-16.4,,.9,270,71,1001.1,,,,10
121,영월,2025-01-10 06:00,-16.7,,.8,270,75,1001.4,,,,10
121,영월,2025-01-10 07:00,-17.1,,.4,0,78,1002.3,,,,10
121,영월,2025-01-10 08:00,-16.9,,.3,0,79,1002.4,0,,,10
121,영월,2025-01-10 09:00,-15,,.4,0,68,1002.7,.9,,,0
121,영월,2025-01-10 10:00,-11.5,,.9,90,56,1003,1,,,10
121,영월,2025-01-10 11:00,-10.9,,1,270,40,1002.6,1,,,0
121,영월,2025-01-10 12:00,-8.4,,1.5,340,36,1001.9,1,,,0
121,영월,2025-01-10 13:00,-6.5,,.7,230,33,1001.1,1,,,2
121,영월,2025-01-10 14:00,-5.6,,1.9,290,33,1000.7,1,,,0
121,영월,2025-01-10 15:00,-4.8,,1.3,230,32,1000.5,1,,,2
121,영월,2025-01-10 16:00,-4.7,,1.2,230,32,1000.2,1,,,0
121,영월,2025-01-10 17:00,-5.2,,.8,250,35,1000.4,.8,,,0
121,영월,2025-01-10 18:00,-6.6,,1.3,270,43,1000.7,0,,,0
121,영월,2025-01-10 19:00,-8.2,,.5,110,51,1000.9,,,,0
121,영월,2025-01-10 20:00,-9,,0,0,59,1001.4,,,,0
121,영월,2025-01-10 21:00,-9.6,,.5,50,61,1001.8,,,,0
121,영월,2025-01-10 22:00,-10.5,,.4,0,64,1002.2,,,,0
121,영월,2025-01-10 23:00,-11.5,,.4,0,72,1002.3,,,,0
121,영월,2025-01-11 00:00,-12,,.1,0,75,1002.3,,,,0
121,영월,2025-01-11 01:00,-12.5,,.1,0,78,1001.8,,,,10
121,영월,2025-01-11 02:00,-13.2,,.1,0,81,1001.7,,,,9
121,영월,2025-01-11 03:00,-14,,.4,0,83,1001.7,,,,10
121,영월,2025-01-11 04:00,-14.1,,0,0,84,1001.6,,,,9
121,영월,2025-01-11 05:00,-14.2,,.1,0,84,1001,,,,10
121,영월,2025-01-11 06:00,-14.9,,.6,270,85,1000.9,,,,10
121,영월,2025-01-11 07:00,-15.4,,0,0,84,1000.9,,,,10
121,영월,2025-01-11 08:00,-15.4,,.2,0,84,1001.3,0,,,10
121,영월,2025-01-11 09:00,-12.9,,.6,20,81,1001.8,.9,,,10
121,영월,2025-01-11 10:00,-9.7,,.8,110,69,1002.1,1,,,10
121,영월,2025-01-11 11:00,-6.7,,1.2,140,56,1001.3,1,,,0
121,영월,2025-01-11 12:00,-5.3,,.8,360,52,1000,1,,,0
121,영월,2025-01-11 13:00,-2.4,,1.4,360,45,998.6,1,,,2
121,영월,2025-01-11 14:00,-2.4,,1.7,340,41,997.9,1,,,0
121,영월,2025-01-11 15:00,-1.8,,1.9,270,36,997.8,1,,,0
121,영월,2025-01-11 16:00,-1.8,,2.1,270,38,997.4,1,,,0
121,영월,2025-01-11 17:00,-2.3,,.9,250,43,997.5,.8,,,0
121,영월,2025-01-11 18:00,-3.4,,.8,290,48,997.7,0,,,6
121,영월,2025-01-11 19:00,-5.8,,.6,90,60,997.5,,,,4
121,영월,2025-01-11 20:00,-6.1,,0,0,64,997.1,,,,9
121,영월,2025-01-11 21:00,-6.9,,0,0,66,997,,,,10
121,영월,2025-01-11 22:00,-8,,.1,0,72,996.8,,,,0
121,영월,2025-01-11 23:00,-9,,.4,0,75,996.7,,,,10
121,영월,2025-01-12 00:00,-9.8,,0,0,80,996.4,,,,9
121,영월,2025-01-12 01:00,-9.9,,.2,0,82,996.3,,,,0
121,영월,2025-01-12 02:00,-10.8,,.1,0,85,996.1,,,,0
121,영월,2025-01-12 03:00,-11.2,,0,0,87,996,,,,0
121,영월,2025-01-12 04:00,-11.9,,.4,0,87,995.3,,,,4
121,영월,2025-01-12 05:00,-12.7,,.4,0,88,995.2,,,,10
121,영월,2025-01-12 06:00,-12.7,,0,0,87,995.4,,,,10
121,영월,2025-01-12 07:00,-13.1,,0,0,87,995.5,,,,10
121,영월,2025-01-12 08:00,-13.2,,0,0,87,995.7,0,,,0
121,영월,2025-01-12 09:00,-12.3,,0,0,85,995.8,.9,,,0
121,영월,2025-01-12 10:00,-9.5,,.3,0,81,995.9,1,,,6
121,영월,2025-01-12 11:00,-4.5,,1,140,60,995.4,1,,,2
121,영월,2025-01-12 12:00,-2.4,,1,90,51,994.1,1,,,2
121,영월,2025-01-12 13:00,-1.5,,.6,50,39,993.1,1,,,0
121,영월,2025-01-12 14:00,0,,1.4,320,35,992.1,1,,,0
121,영월,2025-01-12 15:00,.9,,5.2,270,37,991.9,1,,,5
121,영월,2025-01-12 16:00,.8,,3,290,40,992.3,1,,,0
121,영월,2025-01-12 17:00,.2,,2,290,43,992.8,.8,,,0
121,영월,2025-01-12 18:00,-.6,,1.2,250,46,993.4,0,,,0
121,영월,2025-01-12 19:00,-1.8,,1.3,290,52,994,,,,0
121,영월,2025-01-12 20:00,-2.3,,.9,340,54,994.6,,,,0
121,영월,2025-01-12 21:00,-3.9,,.1,0,61,995.3,,,,0
121,영월,2025-01-12 22:00,-5.1,,0,0,68,995.9,,,,0
121,영월,2025-01-12 23:00,-6.4,,.6,270,74,996.1,,,,0
121,영월,2025-01-13 00:00,-7.8,,.1,0,78,996.3,,,,0
121,영월,2025-01-13 01:00,-8.5,,.1,0,81,996.5,,,,0
121,영월,2025-01-13 02:00,-9.6,,.3,0,85,996.5,,,,0
121,영월,2025-01-13 03:00,-10.1,,.1,0,88,997,,,,0
121,영월,2025-01-13 04:00,-10.7,,.3,0,88,997.1,,,,0
121,영월,2025-01-13 05:00,-11.4,,.2,0,89,997.1,,,,0
121,영월,2025-01-13 06:00,-11.6,,.2,0,89,997.2,,,,0
121,영월,2025-01-13 07:00,-11.9,,.1,0,88,998.1,,,,0
121,영월,2025-01-13 08:00,-12.2,,.1,0,87,998,0,,,0
121,영월,2025-01-13 09:00,-10.7,,.1,0,86,998.2,.9,,,0
121,영월,2025-01-13 10:00,-6.4,,.7,110,79,999,1,,,6
121,영월,2025-01-13 11:00,-5.3,,.5,110,69,998.8,.8,,,9
121,영월,2025-01-13 12:00,-2.4,,.6,90,58,997.6,.2,,,8
121,영월,2025-01-13 13:00,-.1,,.5,70,52,996.6,.5,,,8
121,영월,2025-01-13 14:00,1.8,,.8,90,48,995.6,1,,,4
121,영월,2025-01-13 15:00,1.9,,2.8,250,53,995.1,1,,,8
121,영월,2025-01-13 16:00,1.9,,1.7,250,55,994.8,1,,,5
121,영월,2025-01-13 17:00,1.4,,.6,250,58,994.6,.4,,,5
121,영월,2025-01-13 18:00,.6,,.4,0,62,994.8,0,,,7
121,영월,2025-01-13 19:00,1,,1.5,290,67,995.1,,,,9
121,영월,2025-01-13 20:00,.4,,.5,290,72,995,,,,9
121,영월,2025-01-13 21:00,0,0,.5,200,75,995.1,,,,9
121,영월,2025-01-13 22:00,.1,,.7,270,77,995.4,,,,9
121,영월,2025-01-13 23:00,-.2,,.1,0,84,995.4,,,,10
121,영월,2025-01-14 00:00,-.4,.2,.2,0,90,995.3,,,,10
121,영월,2025-01-14 01:00,-.3,,.2,0,91,994.8,,,,10
121,영월,2025-01-14 02:00,-.4,,.1,0,93,994.8,,,,10
121,영월,2025-01-14 03:00,-.5,.6,.1,0,95,994.8,,,,9
121,영월,2025-01-14 04:00,-.3,,.2,0,97,994.3,,,1,9
121,영월,2025-01-14 05:00,-.6,,.5,140,97,994.2,,,1,9
121,영월,2025-01-14 06:00,-.7,.2,0,0,98,994.2,,,1,9
121,영월,2025-01-14 07:00,-.4,,.3,0,98,994.3,,,1,9
121,영월,2025-01-14 08:00,-.2,,.3,0,97,994.4,0,,1.1,10
121,영월,2025-01-14 09:00,.1,.3,0,0,97,994.7,0,,1.1,9
121,영월,2025-01-14 10:00,.9,,0,0,93,995,0,,1.1,9
121,영월,2025-01-14 11:00,3.4,,.3,0,82,995,.3,,.9,8
121,영월,2025-01-14 12:00,4.3,0,1.8,270,69,994.3,.7,,,8
121,영월,2025-01-14 13:00,4.8,,3.7,250,65,993.3,.9,,,9
121,영월,2025-01-14 14:00,5.1,,2.5,250,54,992.8,.9,,,7
121,영월,2025-01-14 15:00,4.9,,2.4,250,54,992.7,.2,,,9
121,영월,2025-01-14 16:00,2.2,,.8,290,84,993.3,0,,,9
121,영월,2025-01-14 17:00,2.4,,.7,270,82,993.5,0,,,8
121,영월,2025-01-14 18:00,1.4,.7,1,270,92,994.3,0,,,10
121,영월,2025-01-14 19:00,.9,,.6,290,95,994.7,,,,8
121,영월,2025-01-14 20:00,.6,,.5,290,87,994.6,,,,10
121,영월,2025-01-14 21:00,-.1,,.8,320,89,994.4,,,,8
121,영월,2025-01-14 22:00,.6,,1.8,270,64,994.5,,,,7
121,영월,2025-01-14 23:00,.9,,1.6,270,58,994.9,,,,7
121,영월,2025-01-15 00:00,.6,,2.6,270,57,995,,,,6
121,영월,2025-01-15 01:00,0,,1.5,270,50,994.9,,,,0
121,영월,2025-01-15 02:00,-.7,,2.6,270,41,995.4,,,,0
121,영월,2025-01-15 03:00,-1.8,,1.1,290,41,995.4,,,,0
121,영월,2025-01-15 04:00,-2.6,,2,270,38,995.6,,,,0
121,영월,2025-01-15 05:00,-3.7,,1.8,290,42,995.7,,,,0
121,영월,2025-01-15 06:00,-4.5,,1.2,270,45,996.1,,,,0
121,영월,2025-01-15 07:00,-5.1,,2.1,270,49,996.6,,,,0
121,영월,2025-01-15 08:00,-5.4,,1.4,270,47,997.2,0,,,0
121,영월,2025-01-15 09:00,-4.5,,2.3,270,41,997.9,.9,,,0
121,영월,2025-01-15 10:00,-4.1,,3.1,290,31,998.3,1,,,0
121,영월,2025-01-15 11:00,-3.1,,2.2,320,31,998,1,,,0
121,영월,2025-01-15 12:00,-3,,2.8,290,26,997.6,1,,,0
121,영월,2025-01-15 13:00,-2.4,,4.3,270,27,996.7,1,,,0
121,영월,2025-01-15 14:00,-1.3,,1.5,290,24,995.9,1,,,0
121,영월,2025-01-15 15:00,-.9,,2.6,290,23,996,1,,,0
121,영월,2025-01-15 16:00,-1.1,,1.4,270,22,996.2,1,,,0
121,영월,2025-01-15 17:00,-2.1,,2.3,270,21,996.5,.9,,,0
121,영월,2025-01-15 18:00,-3.2,,1.7,270,23,997.1,0,,,0
121,영월,2025-01-15 19:00,-3.6,,1.7,270,24,997.8,,,,0
121,영월,2025-01-15 20:00,-4.3,,2.2,270,27,998.1,,,,0
121,영월,2025-01-15 21:00,-4.9,,1,270,31,998.3,,,,0
121,영월,2025-01-15 22:00,-5.6,,1.4,270,37,998.5,,,,0
121,영월,2025-01-15 23:00,-6.2,,1.5,270,42,998.8,,,,0
121,영월,2025-01-16 00:00,-7.3,,.8,320,47,998.6,,,,0
121,영월,2025-01-16 01:00,-8.6,,.3,0,56,997.9,,,,0
121,영월,2025-01-16 02:00,-8,,.1,0,57,997.6,,,,9
121,영월,2025-01-16 03:00,-7.8,,.5,320,58,997.3,,,,9
121,영월,2025-01-16 04:00,-7.5,,.1,0,62,996.9,,,,9
121,영월,2025-01-16 05:00,-7.3,,.2,0,63,996.6,,,,9
121,영월,2025-01-16 06:00,-7.3,,.1,0,61,996.7,,,,9
121,영월,2025-01-16 07:00,-7.4,,.1,0,64,996.4,,,,9
121,영월,2025-01-16 08:00,-7.1,,0,0,67,996.5,0,,,9
121,영월,2025-01-16 09:00,-6.3,0,.2,0,65,996.5,0,,,9
121,영월,2025-01-16 10:00,-5.9,,.8,250,63,996.6,0,,,9
121,영월,2025-01-16 11:00,-4.4,,.2,0,64,996.3,0,,,9
121,영월,2025-01-16 12:00,-3.9,0,.3,0,62,995.4,0,,,9
121,영월,2025-01-16 13:00,-2.6,,.1,0,66,994.3,0,,,10
121,영월,2025-01-16 14:00,-2.9,,.4,0,77,993.9,0,,,10
121,영월,2025-01-16 15:00,-1.8,.1,.3,0,78,993.7,0,,,9
121,영월,2025-01-16 16:00,-1.3,,.2,0,75,993.4,0,,,9
121,영월,2025-01-16 17:00,-1,,.4,0,74,993.4,0,,,9
121,영월,2025-01-16 18:00,-1.3,,.4,0,76,993.6,0,,,9
121,영월,2025-01-16 19:00,-1.6,,.4,0,78,994.1,,,,9
121,영월,2025-01-16 20:00,-1.4,,.3,0,77,994.5,,,,9
121,영월,2025-01-16 21:00,-1.5,,.3,0,78,994.8,,,,9
121,영월,2025-01-16 22:00,-1.6,,.6,320,78,995.2,,,,9
121,영월,2025-01-16 23:00,-1.8,,.1,0,80,995.5,,,,9
121,영월,2025-01-17 00:00,-2.1,,.3,0,82,995.8,,,,9
121,영월,2025-01-17 01:00,-2.2,,.5,340,83,995.8,,,,9
121,영월,2025-01-17 02:00,-3.3,,.4,0,88,996.2,,,,0
121,영월,2025-01-17 03:00,-4.4,,.1,0,89,996.4,,,,0
121,영월,2025-01-17 04:00,-5.1,,.1,0,91,996.3,,,,0
121,영월,2025-01-17 05:00,-5.9,,.6,50,92,996.6,,,,0
121,영월,2025-01-17 06:00,-6.5,,0,0,92,997,,,,0
121,영월,2025-01-17 07:00,-7.2,,.5,360,91,997.6,,,,0
121,영월,2025-01-17 08:00,-7.5,,.2,0,92,998.1,0,,,0
121,영월,2025-01-17 09:00,-6.4,,.3,0,92,998.7,.6,,,0
121,영월,2025-01-17 10:00,-3.5,,.8,90,81,998.8,1,,,0
121,영월,2025-01-17 11:00,-1.4,,.6,90,69,998.3,1,,,0
121,영월,2025-01-17 12:00,.5,,.7,270,55,997.7,1,,,0
121,영월,2025-01-17 13:00,2.5,,1.1,340,48,996.6,1,,,0
121,영월,2025-01-17 14:00,3.7,,1.3,360,44,995.8,1,,,0
121,영월,2025-01-17 15:00,4.6,,1.2,320,41,995.5,1,,,0
121,영월,2025-01-17 16:00,5,,1.9,230,33,995.4,1,,,0
121,영월,2025-01-17 17:00,4.1,,1.5,250,37,995.7,.9,,,0
121,영월,2025-01-17 18:00,2.2,,1.3,270,45,996.2,0,,,0
121,영월,2025-01-17 19:00,.6,,.2,0,52,996.7,,,,0
121,영월,2025-01-17 20:00,-1.2,,0,0,65,997.3,,,,0
121,영월,2025-01-17 21:00,-2,,.3,0,68,997.2,,,,0
121,영월,2025-01-17 22:00,-3.4,,.3,0,74,997.4,,,,0
121,영월,2025-01-17 23:00,-3.9,,.2,0,77,997.8,,,,0
121,영월,2025-01-18 00:00,-4.9,,0,0,82,997.7,,,,0
121,영월,2025-01-18 01:00,-5.4,,.2,0,85,997.2,,,,0
121,영월,2025-01-18 02:00,-6.4,,0,0,87,997.2,,,,0
121,영월,2025-01-18 03:00,-6.5,,.1,0,88,997.6,,,,0
121,영월,2025-01-18 04:00,-7.2,,.1,0,89,997.8,,,,0
121,영월,2025-01-18 05:00,-7.9,,.1,0,90,997.5,,,,0
121,영월,2025-01-18 06:00,-8.6,,.1,0,91,997.1,,,,0
121,영월,2025-01-18 07:00,-8.8,,1,270,91,997.6,,,,0
121,영월,2025-01-18 08:00,-9.1,,0,0,91,998,0,,,0
121,영월,2025-01-18 09:00,-7,,.4,0,88,998.2,.9,,,0
121,영월,2025-01-18 10:00,-4.1,,.7,90,78,997.7,1,,,0
121,영월,2025-01-18 11:00,-.6,,.9,110,62,997.4,1,,,0
121,영월,2025-01-18 12:00,1.1,,.4,0,48,996.2,1,,,0
121,영월,2025-01-18 13:00,4.6,,.8,200,36,994.8,1,,,4
121,영월,2025-01-18 14:00,4.9,,.4,0,32,993.4,1,,,6
121,영월,2025-01-18 15:00,6,,1.1,320,29,993.1,1,,,6
121,영월,2025-01-18 16:00,6.3,,1.2,290,27,992.8,1,,,6
121,영월,2025-01-18 17:00,5.6,,.8,290,27,992.2,.3,,,8
121,영월,2025-01-18 18:00,3.6,,.1,0,37,992.4,0,,,9
121,영월,2025-01-18 19:00,1.5,,.2,0,46,992.8,,,,8
121,영월,2025-01-18 20:00,-.2,,.2,0,54,993,,,,6
121,영월,2025-01-18 21:00,-1.3,,.2,0,58,993,,,,6
121,영월,2025-01-18 22:00,-2.7,,0,0,64,992.9,,,,6
121,영월,2025-01-18 23:00,-3.5,,0,0,67,992.5,,,,0
121,영월,2025-01-19 00:00,-4.6,,0,0,74,992.2,,,,0
121,영월,2025-01-19 01:00,-5.6,,0,0,77,991.9,,,,0
121,영월,2025-01-19 02:00,-6.4,,0,0,81,991.7,,,,0
121,영월,2025-01-19 03:00,-7,,0,0,83,991.7,,,,0
121,영월,2025-01-19 04:00,-7.7,,0,0,85,991.3,,,,5
121,영월,2025-01-19 05:00,-8.2,,.3,0,88,990.9,,,,9
121,영월,2025-01-19 06:00,-8.4,,.1,0,88,991.1,,,,9
121,영월,2025-01-19 07:00,-9,,0,0,89,991.5,,,,9
121,영월,2025-01-19 08:00,-9,,.2,0,90,991.9,0,,,9
121,영월,2025-01-19 09:00,-7.4,,.2,0,85,991.8,.6,,,8
121,영월,2025-01-19 10:00,-6.1,,.7,320,79,991.4,.7,,,8
121,영월,2025-01-19 11:00,-.9,,1,140,61,990.8,1,,,7
121,영월,2025-01-19 12:00,1.1,,.4,0,47,989.5,1,,,8
121,영월,2025-01-19 13:00,2.8,,.7,250,43,988.2,1,,,8
121,영월,2025-01-19 14:00,5.8,,.4,0,40,987.1,1,,,8
121,영월,2025-01-19 15:00,5.6,,1.3,270,42,986.4,1,,,6
121,영월,2025-01-19 16:00,6.3,,1,200,43,986.3,1,,,6
121,영월,2025-01-19 17:00,5.6,,1.8,250,47,986.6,.5,,,6
121,영월,2025-01-19 18:00,4.5,,1.2,270,55,987.1,0,,,6
121,영월,2025-01-19 19:00,2.5,,.5,110,62,987.5,,,,7
121,영월,2025-01-19 20:00,1.9,,.2,0,66,987.7,,,,7
121,영월,2025-01-19 21:00,.9,,.6,70,72,987.8,,,,0
121,영월,2025-01-19 22:00,-.4,,.2,0,78,987.9,,,,0
121,영월,2025-01-19 23:00,-.9,,0,0,80,988,,,,0
121,영월,2025-01-20 00:00,-2,,.2,0,84,987.8,,,,0
121,영월,2025-01-20 01:00,-3,,.7,90,86,987.8,,,,0
121,영월,2025-01-20 02:00,-2.7,,0,0,86,987.8,,,,9
121,영월,2025-01-20 03:00,-2.6,,0,0,86,987.8,,,,9
121,영월,2025-01-20 04:00,-2.5,,.1,0,88,987.3,,,,9
121,영월,2025-01-20 05:00,-3,,.2,0,89,987,,,,0
121,영월,2025-01-20 06:00,-3.6,,.2,0,90,987,,,,0
121,영월,2025-01-20 07:00,-4,,.1,0,92,987.6,,,,0
121,영월,2025-01-20 08:00,-4.2,,0,0,92,987.8,0,,,7
121,영월,2025-01-20 09:00,-2.7,,.1,0,90,988,0,,,9
121,영월,2025-01-20 10:00,-1.4,,.1,0,83,988.4,0,,,9
121,영월,2025-01-20 11:00,.7,,.3,0,72,988.4,0,,,9
121,영월,2025-01-20 12:00,3,,1.2,140,59,987.4,.6,,,8
121,영월,2025-01-20 13:00,4.9,,.7,340,54,986.4,.5,,,0
121,영월,2025-01-20 14:00,6.1,,1.8,230,47,985.9,1,,,6
121,영월,2025-01-20 15:00,6.8,,1.1,340,46,985.7,.9,,,0
121,영월,2025-01-20 16:00,5.5,,.6,270,49,985.9,.2,,,5
121,영월,2025-01-20 17:00,5.8,,.1,0,48,986.5,.7,,,4
121,영월,2025-01-20 18:00,4.8,,1.2,270,53,987.2,0,,,0
121,영월,2025-01-20 19:00,2.1,,.1,0,66,988.1,,,,0
121,영월,2025-01-20 20:00,.6,,.2,0,73,988.7,,,,0
121,영월,2025-01-20 21:00,-.9,,0,0,79,989.4,,,,0
121,영월,2025-01-20 22:00,-1.5,,0,0,83,990,,,,0
121,영월,2025-01-20 23:00,-2.1,,0,0,86,990.3,,,,0
121,영월,2025-01-21 00:00,-3.7,,.3,0,88,990.6,,,,0
121,영월,2025-01-21 01:00,-4.1,,.2,0,90,990.6,,,,0
121,영월,2025-01-21 02:00,-4.4,,.2,0,91,991.2,,,,0
121,영월,2025-01-21 03:00,-4.7,,0,0,93,991.6,,,,0
121,영월,2025-01-21 04:00,-5.4,,0,0,93,991.5,,,,0
121,영월,2025-01-21 05:00,-5.5,,0,0,93,991.9,,,,0
121,영월,2025-01-21 06:00,-6.1,,0,0,92,992.3,,,,0
121,영월,2025-01-21 07:00,-6.4,,.1,0,92,992.9,,,,0
121,영월,2025-01-21 08:00,-6.4,,0,0,92,993.3,0,,,0
121,영월,2025-01-21 09:00,-5.7,,0,0,91,993.8,0,,,0
121,영월,2025-01-21 10:00,-3.7,,.8,340,89,994,.6,,,0
121,영월,2025-01-21 11:00,-.2,,.8,160,75,994.2,1,,,0
121,영월,2025-01-21 12:00,3.1,,.8,90,63,993.6,1,,,0
121,영월,2025-01-21 13:00,4.7,,.5,320,56,992.8,1,,,0
121,영월,2025-01-21 14:00,5.2,,.9,290,50,992,1,,,0
121,영월,2025-01-21 15:00,6.1,,1.7,250,47,992,1,,,0
121,영월,2025-01-21 16:00,5.9,,2,250,48,992.3,1,,,0
121,영월,2025-01-21 17:00,5.3,,2.1,250,50,992.5,.7,,,0
121,영월,2025-01-21 18:00,3.9,,.4,0,54,993,0,,,0
121,영월,2025-01-21 19:00,2,,0,0,66,993.7,,,,0
121,영월,2025-01-21 20:00,.2,,.1,0,73,994,,,,0
121,영월,2025-01-21 21:00,-1,,.1,0,79,994.4,,,,0
121,영월,2025-01-21 22:00,-1.8,,0,0,82,994.8,,,,0
121,영월,2025-01-21 23:00,-2.8,,.1,0,86,994.9,,,,0
121,영월,2025-01-22 00:00,-3.3,,0,0,89,995.1,,,,0
121,영월,2025-01-22 01:00,-3.9,,.1,0,91,995.2,,,,0
121,영월,2025-01-22 02:00,-5.2,,0,0,92,995.4,,,,0
121,영월,2025-01-22 03:00,-5.7,,0,0,92,995.7,,,,0
121,영월,2025-01-22 04:00,-6,,.2,0,93,995.2,,,,0
121,영월,2025-01-22 05:00,-6,,.4,0,93,995.1,,,,0
121,영월,2025-01-22 06:00,-6.3,,.7,250,93,995.5,,,,9
121,영월,2025-01-22 07:00,-5.1,,.1,0,91,995.8,,,,10
121,영월,2025-01-22 08:00,-4.8,,.2,0,91,996,0,,,9
121,영월,2025-01-22 09:00,-3.5,,.4,0,90,996,0,,,9
121,영월,2025-01-22 10:00,-2,,.3,0,85,996,.1,,,9
121,영월,2025-01-22 11:00,-.5,,.7,140,74,996.1,.1,,,9
121,영월,2025-01-22 12:00,1.9,,.7,90,65,995.3,.4,,,8
121,영월,2025-01-22 13:00,4.3,,1.8,270,60,994.5,.8,,,8
121,영월,2025-01-22 14:00,5.3,,1.7,250,54,994.1,.2,,,6
121,영월,2025-01-22 15:00,6.5,,2.3,250,46,993.9,.8,,,4
121,영월,2025-01-22 16:00,5.9,,3,250,47,993.9,1,,,0
121,영월,2025-01-22 17:00,5.2,,1.5,250,51,994,.7,,,5
121,영월,2025-01-22 18:00,4.4,,1,270,54,994.2,0,,,4
121,영월,2025-01-22 19:00,2.9,,1.2,290,58,994.5,,,,6
121,영월,2025-01-22 20:00,1,,0,0,69,994.6,,,,5
121,영월,2025-01-22 21:00,-.6,,0,0,75,994.6,,,,0
121,영월,2025-01-22 22:00,-1.7,,.1,0,80,995,,,,0
121,영월,2025-01-22 23:00,-2.2,,.1,0,83,995.5,,,,0
121,영월,2025-01-23 00:00,-3,,.1,0,86,995.9,,,,0
121,영월,2025-01-23 01:00,-3.4,,.1,0,88,995.9,,,,6
121,영월,2025-01-23 02:00,-5.3,,.1,0,90,996,,,,0
121,영월,2025-01-23 03:00,-5.3,,0,0,91,996.2,,,,0
121,영월,2025-01-23 04:00,-5.9,,.8,270,92,996,,,,0
121,영월,2025-01-23 05:00,-6.1,,.1,0,92,996.1,,,,0
121,영월,2025-01-23 06:00,-7.1,,.1,0,92,996.2,,,,0
121,영월,2025-01-23 07:00,-7.3,,0,0,92,996.6,,,,0
121,영월,2025-01-23 08:00,-7.6,,0,0,91,997.1,0,,,0
121,영월,2025-01-23 09:00,-5.3,,.2,0,90,997.4,.8,,,0
121,영월,2025-01-23 10:00,-3,,.6,90,80,997.4,1,,,0
121,영월,2025-01-23 11:00,.9,,1,160,60,997.2,1,,,0
121,영월,2025-01-23 12:00,2.3,,.9,270,45,996.3,1,,,0
121,영월,2025-01-23 13:00,4.7,,1.4,340,36,995.1,1,,,0
121,영월,2025-01-23 14:00,6.4,,1.2,320,33,994.4,1,,,0
121,영월,2025-01-23 15:00,7.6,,1,320,27,993.9,1,,,0
121,영월,2025-01-23 16:00,7.2,,1.7,270,25,993.7,1,,,0
121,영월,2025-01-23 17:00,6.6,,.8,270,28,993.6,1,,,0
121,영월,2025-01-23 18:00,4.9,,1.5,250,31,994.2,.1,,,0
121,영월,2025-01-23 19:00,1.2,,.7,140,48,994.7,,,,0
121,영월,2025-01-23 20:00,-.1,,.1,0,57,995.1,,,,0
121,영월,2025-01-23 21:00,-1.9,,.5,90,61,995.6,,,,0
121,영월,2025-01-23 22:00,-2.2,,0,0,65,996.1,,,,0
121,영월,2025-01-23 23:00,-3.3,,.3,0,68,996.6,,,,0
121,영월,2025-01-24 00:00,-4.2,,0,0,73,996.6,,,,0
121,영월,2025-01-24 01:00,-4.8,,0,0,77,997.1,,,,0
121,영월,2025-01-24 02:00,-5.3,,0,0,78,997.4,,,,0
121,영월,2025-01-24 03:00,-5.8,,.1,0,83,997.8,,,,0
121,영월,2025-01-24 04:00,-6.7,,0,0,85,997.4,,,,0
121,영월,2025-01-24 05:00,-6.8,,.3,0,86,997.3,,,,0
121,영월,2025-01-24 06:00,-8,,.1,0,88,997.2,,,,0
121,영월,2025-01-24 07:00,-8.2,,.2,0,89,997.6,,,,0
121,영월,2025-01-24 08:00,-8.2,,.2,0,89,997.9,0,,,0
121,영월,2025-01-24 09:00,-5.9,,.4,0,84,998.6,1,,,0
121,영월,2025-01-24 10:00,-2.4,,.9,160,69,998.7,1,,,0
121,영월,2025-01-24 11:00,1,,1,140,52,998.4,1,,,0
121,영월,2025-01-24 12:00,3.8,,1.5,160,40,997.6,1,,,0
121,영월,2025-01-24 13:00,6.4,,.7,90,35,996.6,1,,,0
121,영월,2025-01-24 14:00,8.6,,.6,160,35,995.6,1,,,0
121,영월,2025-01-24 15:00,8.3,,1.3,270,23,995,1,,,0
121,영월,2025-01-24 16:00,8.8,,.8,320,17,995,1,,,0
121,영월,2025-01-24 17:00,7.9,,1.1,270,16,995.1,1,,,0
121,영월,2025-01-24 18:00,3.9,,.4,0,32,995.5,.2,,,0
121,영월,2025-01-24 19:00,4,,2.2,90,48,996.8,,,,0
121,영월,2025-01-24 20:00,4.2,,.3,0,54,997.7,,,,0
121,영월,2025-01-24 21:00,3,,1.8,90,63,998.6,,,,0
121,영월,2025-01-24 22:00,2.4,,1.3,140,64,998.8,,,,0
121,영월,2025-01-24 23:00,.8,,0,0,70,998.9,,,,0
121,영월,2025-01-25 00:00,-1.2,,.2,0,77,998.9,,,,0
121,영월,2025-01-25 01:00,-2.7,,.4,0,79,998.8,,,,0
121,영월,2025-01-25 02:00,-3.1,,.2,0,81,999.3,,,,0
121,영월,2025-01-25 03:00,-3.4,,0,0,84,999.7,,,,0
121,영월,2025-01-25 04:00,-3.7,,.7,250,84,999.6,,,,0
121,영월,2025-01-25 05:00,-3.7,,.2,0,84,999.9,,,,9
121,영월,2025-01-25 06:00,-4.3,,.7,290,88,999.7,,,,0
121,영월,2025-01-25 07:00,-4.3,,.7,270,88,1000.5,,,,0
121,영월,2025-01-25 08:00,-4.7,,.8,320,89,1000.7,0,,,0
121,영월,2025-01-25 09:00,-1,,.6,50,76,1001,.9,,,0
121,영월,2025-01-25 10:00,4.5,,1.1,160,57,1001.1,1,,,0
121,영월,2025-01-25 11:00,6.6,,1.4,20,46,1001.5,.9,,,6
121,영월,2025-01-25 12:00,7.4,,2.6,90,44,1000.5,.9,,,0
121,영월,2025-01-25 13:00,7.8,,3.3,20,41,999.6,.9,,,6
121,영월,2025-01-25 14:00,8.3,,5.6,90,37,999,1,,,8
121,영월,2025-01-25 15:00,7,,1.9,50,42,998.7,.2,,,7
121,영월,2025-01-25 16:00,5.4,,2.1,20,47,998.9,.2,,,6
121,영월,2025-01-25 17:00,4.9,,3,70,45,999.1,.6,,,5
121,영월,2025-01-25 18:00,4,,4.1,50,52,999.7,0,,,0
121,영월,2025-01-25 19:00,2.9,,4.3,50,55,1000.4,,,,0
121,영월,2025-01-25 20:00,2.7,,3.9,70,57,1000.8,,,,0
121,영월,2025-01-25 21:00,2.6,,3.4,50,60,1001,,,,0
121,영월,2025-01-25 22:00,2.1,,1.3,140,63,1001.2,,,,0
121,영월,2025-01-25 23:00,2,,.7,180,62,1001.1,,,,8
121,영월,2025-01-26 00:00,1.4,,.9,290,64,1000.7,,,,9
121,영월,2025-01-26 01:00,1.1,,1.1,360,66,1000.9,,,,9
121,영월,2025-01-26 02:00,1.2,,.5,50,65,1001,,,,10
121,영월,2025-01-26 03:00,2,,.7,360,59,1000.8,,,,9
121,영월,2025-01-26 04:00,2,,1.9,360,55,1000.7,,,,9
121,영월,2025-01-26 05:00,1.5,,.9,290,56,1000.7,,,,10
121,영월,2025-01-26 06:00,.6,,.4,0,63,1001.2,,,,10
121,영월,2025-01-26 07:00,.5,,.3,0,64,1001.2,,,,10
121,영월,2025-01-26 08:00,1,,3.6,90,63,1000.1,0,,,9
121,영월,2025-01-26 09:00,3.6,0,2.6,110,51,999.9,.7,,,0
121,영월,2025-01-26 10:00,5.7,,3.4,90,45,999.4,1,,,7
121,영월,2025-01-26 11:00,7.1,,2.4,90,44,998.8,1,,,8
121,영월,2025-01-26 12:00,5.8,,3.2,20,43,997.5,1,,,7
121,영월,2025-01-26 13:00,5.1,,3.2,20,46,996.4,.6,,,9
121,영월,2025-01-26 14:00,5,,1.6,20,47,995.2,0,,,10
121,영월,2025-01-26 15:00,5,,1.7,270,47,995,0,,,10
121,영월,2025-01-26 16:00,5.4,,1.6,20,48,994.9,0,,,10
121,영월,2025-01-26 17:00,4.4,,1.4,70,55,994.1,0,,,10
121,영월,2025-01-26 18:00,3.8,,2.3,90,58,993.9,0,,,10
121,영월,2025-01-26 19:00,3.5,,1.2,70,59,993.8,,,,10
121,영월,2025-01-26 20:00,3.4,,1.1,70,60,993.8,,,,10
121,영월,2025-01-26 21:00,3,,1.6,70,62,993,,,,10
121,영월,2025-01-26 22:00,3,,.9,50,62,992.1,,,,10
121,영월,2025-01-26 23:00,2.6,,.8,90,65,991.7,,,,10
121,영월,2025-01-27 00:00,2,,.7,360,68,991.1,,,,10
121,영월,2025-01-27 01:00,1.3,,1.5,90,84,990,,,,10
121,영월,2025-01-27 02:00,1,,0,0,86,989.4,,,,10
121,영월,2025-01-27 03:00,.4,.1,.5,270,94,988.8,,,,10
121,영월,2025-01-27 04:00,.2,,.3,0,97,987.7,,,,10
121,영월,2025-01-27 05:00,.2,,0,0,98,986.9,,,,10
121,영월,2025-01-27 06:00,.2,.6,0,0,98,986.3,,,,6
121,영월,2025-01-27 07:00,.1,,0,0,98,986.1,,,,10
121,영월,2025-01-27 08:00,.2,,0,0,98,985.7,0,,,9
121,영월,2025-01-27 09:00,.4,1.1,0,0,98,985.4,0,,3.1,10
121,영월,2025-01-27 10:00,.3,,1,250,98,985.4,0,,3.7,10
121,영월,2025-01-27 11:00,.7,,4.6,270,83,985.7,0,,2.7,10
121,영월,2025-01-27 12:00,-.1,1.2,2,250,82,986.3,0,,2.3,10
121,영월,2025-01-27 13:00,-1.1,,3.4,270,81,985.4,0,,2,10
121,영월,2025-01-27 14:00,-1.3,,2.3,270,81,985,0,,1.4,10
121,영월,2025-01-27 15:00,-1.7,.5,3.6,250,69,984.8,0,,,10
121,영월,2025-01-27 16:00,-.8,,2,250,65,984.2,.8,,,7
121,영월,2025-01-27 17:00,-1.7,,2.1,250,66,983.8,.9,,,5
121,영월,2025-01-27 18:00,-1.9,0,1.6,270,70,983.8,0,,,7
121,영월,2025-01-27 19:00,-2.9,,1.7,270,90,984,,,,8
121,영월,2025-01-27 20:00,-2,,2.6,270,74,984.2,,,,10
121,영월,2025-01-27 21:00,-2.7,.9,3,270,85,984.7,,,,10
121,영월,2025-01-27 22:00,-2.8,,1.4,250,85,984.4,,,,9
121,영월,2025-01-27 23:00,-3,,1,270,85,984.5,,,,8
121,영월,2025-01-28 00:00,-3.9,.2,.7,270,82,984.1,,,,8
121,영월,2025-01-28 01:00,-3.1,,1.6,290,83,983.8,,,,9
121,영월,2025-01-28 02:00,-3.2,,1.3,270,79,983.6,,,,10
121,영월,2025-01-28 03:00,-3.4,.4,1.8,250,87,983.5,,,,10
121,영월,2025-01-28 04:00,-4.5,,1.9,250,79,983,,,,10
121,영월,2025-01-28 05:00,-3.9,,2.7,250,68,982.7,,,,10
121,영월,2025-01-28 06:00,-3.9,.1,1.9,250,71,982.4,,,,10
121,영월,2025-01-28 07:00,-4.2,,2.4,250,73,982.7,,,,10
121,영월,2025-01-28 08:00,-4.6,,1,250,85,982.9,0,,,10
121,영월,2025-01-28 09:00,-3.6,.6,1.7,270,86,983.2,0,,,10
121,영월,2025-01-28 10:00,-3.6,,2.2,270,87,983.4,0,,,10
121,영월,2025-01-28 11:00,-3.2,,2.1,270,84,983.4,0,,,10
121,영월,2025-01-28 12:00,-2.1,1.2,3.5,270,73,982.7,0,,,9
121,영월,2025-01-28 13:00,-2.6,,2.5,270,82,982.4,0,,,10
121,영월,2025-01-28 14:00,-2.6,,3.6,270,83,982.4,0,,,10
121,영월,2025-01-28 15:00,-2.4,.9,3.6,270,76,983.2,0,,,10
121,영월,2025-01-28 16:00,-2.7,,3.6,270,78,984.3,0,,,10
121,영월,2025-01-28 17:00,-2.8,,2.6,270,73,985.4,0,,,10
121,영월,2025-01-28 18:00,-3.1,0,1.1,270,70,986.3,0,,,10
121,영월,2025-01-28 19:00,-3.4,,2,290,72,987.1,,,,9
121,영월,2025-01-28 20:00,-4.7,,1.4,270,72,987.6,,,,10
121,영월,2025-01-28 21:00,-4.5,0,1.5,250,69,988.1,,,,9
121,영월,2025-01-28 22:00,-4.5,,2.4,250,66,988.5,,,,9
121,영월,2025-01-28 23:00,-4.6,,1.8,270,66,989.1,,,,9
121,영월,2025-01-29 00:00,-5.1,0,2.3,250,66,989.8,,,,9
121,영월,2025-01-29 01:00,-5.4,,2.3,270,66,990.3,,,,9
121,영월,2025-01-29 02:00,-5.6,,1.5,250,70,990.6,,,,9
121,영월,2025-01-29 03:00,-5.8,0,1.7,270,74,990.8,,,,9
121,영월,2025-01-29 04:00,-5.9,,1.6,270,74,990.7,,,,9
121,영월,2025-01-29 05:00,-5.9,,1.6,250,70,991,,,,9
121,영월,2025-01-29 06:00,-6,0,1.7,250,69,991,,,,9
121,영월,2025-01-29 07:00,-6.1,,1.5,250,70,991.6,,,,9
121,영월,2025-01-29 08:00,-6.4,,1.6,250,69,992.4,0,,,8
121,영월,2025-01-29 09:00,-5.8,,2.2,250,67,993.3,.2,,,7
121,영월,2025-01-29 10:00,-5.4,,2.4,270,62,993.5,1,,,7
121,영월,2025-01-29 11:00,-4.3,,2.6,250,57,993.7,.9,,,6
121,영월,2025-01-29 12:00,-3.7,,2.8,250,55,993.5,1,,,8
121,영월,2025-01-29 13:00,-2.8,,3.7,250,48,993,.9,,,8
121,영월,2025-01-29 14:00,-2.9,,3.8,250,46,992.5,1,,,8
121,영월,2025-01-29 15:00,-2.3,,3.8,250,43,992.5,1,,,5
121,영월,2025-01-29 16:00,-2.3,,3.3,250,43,992.7,1,,,6
121,영월,2025-01-29 17:00,-3,,2.2,250,46,992.9,1,,,6
121,영월,2025-01-29 18:00,-4.4,,1.8,250,49,993.7,.2,,,0
121,영월,2025-01-29 19:00,-4.9,,1.3,250,51,994.3,,,,0
121,영월,2025-01-29 20:00,-5.3,,1.2,250,51,994.4,,,,0
121,영월,2025-01-29 21:00,-5.7,,1.8,270,51,994.7,,,,0
121,영월,2025-01-29 22:00,-5.9,,1.5,270,54,995.2,,,,0
121,영월,2025-01-29 23:00,-6.3,,1.7,270,55,995.8,,,,0
121,영월,2025-01-30 00:00,-6.5,,1.6,270,52,995.9,,,,0
121,영월,2025-01-30 01:00,-6.4,,2.3,270,49,995.9,,,,0
121,영월,2025-01-30 02:00,-6.7,,1.4,320,50,996.3,,,,0
121,영월,2025-01-30 03:00,-6.2,,1.7,270,51,996.6,,,,9
121,영월,2025-01-30 04:00,-7.1,,1,320,57,996.3,,,,0
121,영월,2025-01-30 05:00,-8.2,,.3,0,63,996.4,,,,0
121,영월,2025-01-30 06:00,-8.7,,0,0,66,996.7,,,,10
121,영월,2025-01-30 07:00,-9.6,,.4,0,71,997.3,,,,0
121,영월,2025-01-30 08:00,-9.2,,.7,270,70,997.9,0,,,0
121,영월,2025-01-30 09:00,-6.9,,.4,0,57,998.4,.9,,,9
121,영월,2025-01-30 10:00,-4.8,,2,270,44,998.7,1,,,1
121,영월,2025-01-30 11:00,-3.6,,1.3,250,37,998.7,1,,,5
121,영월,2025-01-30 12:00,-2.2,,2.9,270,32,998,1,,,4
121,영월,2025-01-30 13:00,-.8,,2.2,250,28,997.5,1,,,5
121,영월,2025-01-30 14:00,.3,,1.9,270,30,996.9,1,,,4
121,영월,2025-01-30 15:00,.8,,2.1,250,35,996.8,1,,,5
121,영월,2025-01-30 16:00,.4,,2.5,250,37,997.2,1,,,5
121,영월,2025-01-30 17:00,-.5,,2,250,42,997.3,.8,,,6
121,영월,2025-01-30 18:00,-1,,2,250,48,997.7,0,,,7
121,영월,2025-01-30 19:00,-1.4,,1.6,250,52,998,,,,7
121,영월,2025-01-30 20:00,-1.9,,.7,340,55,998.3,,,,9
121,영월,2025-01-30 21:00,-2.5,,0,0,62,998.3,,,,9
121,영월,2025-01-30 22:00,-2.6,,.5,320,63,998.1,,,,9
121,영월,2025-01-30 23:00,-1.9,,1.3,290,60,998.6,,,,9
121,영월,2025-01-31 00:00,-2.6,,.5,360,62,997.9,,,,9
121,영월,2025-01-31 01:00,-2.7,,.2,0,65,997.6,,,,9
121,영월,2025-01-31 02:00,-3,,.6,270,68,997.6,,,,9
121,영월,2025-01-31 03:00,-2.9,,.3,0,68,998.1,,,,9
121,영월,2025-01-31 04:00,-2.9,,.1,0,71,997.9,,,,9
121,영월,2025-01-31 05:00,-2.9,,.1,0,73,997.2,,,,10
121,영월,2025-01-31 06:00,-3,0,0,0,77,997.6,,,,9
121,영월,2025-01-31 07:00,-3,,.3,0,78,998,,,,9
121,영월,2025-01-31 08:00,-2.9,,.2,0,82,998.4,0,,,9
121,영월,2025-01-31 09:00,-2.6,.2,.1,0,84,998.7,0,,,9
121,영월,2025-01-31 10:00,-2.2,,.3,0,79,998.7,0,,,9
121,영월,2025-01-31 11:00,-1.9,,.1,0,80,999,0,,,10
121,영월,2025-01-31 12:00,-1.6,0,.6,230,79,998.3,0,,,9
121,영월,2025-01-31 13:00,-.2,,.2,0,76,997.4,0,,,10
121,영월,2025-01-31 14:00,-.3,,.1,0,78,996.8,0,,,10
121,영월,2025-01-31 15:00,-.2,.1,.1,0,85,996.8,0,,,9
121,영월,2025-01-31 16:00,.2,,.2,0,85,996.1,0,,,9
121,영월,2025-01-31 17:00,.1,,.2,0,87,995.8,0,,,9
121,영월,2025-01-31 18:00,.1,.1,.2,0,88,995.8,0,,,10
121,영월,2025-01-31 19:00,.1,,.4,0,88,996.2,,,,10
121,영월,2025-01-31 20:00,0,,.2,0,90,996.6,,,,10
121,영월,2025-01-31 21:00,-.1,.2,.1,0,93,996.5,,,,10
121,영월,2025-01-31 22:00,-.2,,.9,340,95,996.4,,,,10
121,영월,2025-01-31 23:00,-.2,,0,0,97,996.2,,,,10
121,영월,2025-02-01 00:00,-.3,.7,.2,0,98,996,,,,10
121,영월,2025-02-01 01:00,-.2,,0,0,98,995.5,,,,10
121,영월,2025-02-01 02:00,-.2,,.6,140,98,995.3,,,,8
121,영월,2025-02-01 03:00,-.2,.2,.2,0,98,995.1,,,,9
121,영월,2025-02-01 04:00,-.2,,.4,0,98,995,,,,10
121,영월,2025-02-01 05:00,-.2,,0,0,98,994.7,,,,10
121,영월,2025-02-01 06:00,-.1,,0,0,98,994.4,,,,9
121,영월,2025-02-01 07:00,-.1,,.1,0,98,994.4,,,,10
121,영월,2025-02-01 08:00,0,,0,0,98,994.6,0,,,10
121,영월,2025-02-01 09:00,.4,,0,0,98,994.5,0,,,10
121,영월,2025-02-01 10:00,.7,,.1,0,93,993.9,0,,,10
121,영월,2025-02-01 11:00,1.5,,.2,0,89,993.5,0,,,10
121,영월,2025-02-01 12:00,2.6,,.7,250,82,992.2,0,,,9
121,영월,2025-02-01 13:00,4.6,,.2,0,78,991,0,,,9
121,영월,2025-02-01 14:00,5.3,,.6,200,68,990.2,.1,,,8
121,영월,2025-02-01 15:00,7.1,,.6,110,59,989.9,.8,,,9
121,영월,2025-02-01 16:00,6.8,,.4,0,56,989.8,1,,,6
121,영월,2025-02-01 17:00,6.3,,.6,230,58,990.3,1,,,0
121,영월,2025-02-01 18:00,3.6,,.8,70,70,990.5,.3,,,2
121,영월,2025-02-01 19:00,3,,.6,90,72,991,,,,0
121,영월,2025-02-01 20:00,2.4,,.7,140,73,991.3,,,,0
121,영월,2025-02-01 21:00,1.4,,0,0,79,991.3,,,,6
121,영월,2025-02-01 22:00,.2,,.1,0,83,991.1,,,,0
121,영월,2025-02-01 23:00,-1.6,,.6,320,89,991.1,,,,0
121,영월,2025-02-02 00:00,-2.1,,.8,290,92,991.3,,,,3
121,영월,2025-02-02 01:00,-2.6,,0,0,94,991.3,,,,0
121,영월,2025-02-02 02:00,-2.4,,.4,0,94,991.5,,,,0
121,영월,2025-02-02 03:00,-3.1,,.4,0,95,991.8,,,,4
121,영월,2025-02-02 04:00,-3.8,,0,0,95,991.9,,,,0
121,영월,2025-02-02 05:00,-4.1,,0,0,95,991.6,,,,4
121,영월,2025-02-02 06:00,-4.3,,.1,0,95,991.5,,,,6
121,영월,2025-02-02 07:00,-4.8,,0,0,95,991.2,,,,4
121,영월,2025-02-02 08:00,-5.4,,.2,0,93,991.4,0,,,4
121,영월,2025-02-02 09:00,-3.6,,.1,0,94,991,.5,,,6
121,영월,2025-02-02 10:00,-.6,,.8,140,86,990.4,1,,,4
121,영월,2025-02-02 11:00,.4,,.7,270,72,990.5,1,,,0
121,영월,2025-02-02 12:00,3.3,,.8,200,59,990.3,1,,,4
121,영월,2025-02-02 13:00,7.3,,1.3,110,50,988.1,1,,,2
121,영월,2025-02-02 14:00,6.3,,1.1,250,44,987.3,1,,,2
121,영월,2025-02-02 15:00,7.6,,.6,290,40,987.1,1,,,5
121,영월,2025-02-02 16:00,7.2,,2.1,270,42,987.1,1,,,6
121,영월,2025-02-02 17:00,6.3,,1.9,270,48,986.8,1,,,5
121,영월,2025-02-02 18:00,4.8,,1.2,270,57,987,.1,,,4
121,영월,2025-02-02 19:00,3.4,,.6,320,65,987.3,,,,6
121,영월,2025-02-02 20:00,1.7,,.2,0,73,987.3,,,,6
121,영월,2025-02-02 21:00,.4,,.3,0,77,987,,,,4
121,영월,2025-02-02 22:00,-1.2,,0,0,83,987,,,,6
121,영월,2025-02-02 23:00,-1.7,,.2,0,86,986.8,,,,3
121,영월,2025-02-03 00:00,-1.3,,2.1,270,79,987.6,,,,0
121,영월,2025-02-03 01:00,.2,,3.2,200,66,988,,,,7
121,영월,2025-02-03 02:00,-.5,,.9,290,82,988,,,,10
121,영월,2025-02-03 03:00,-.9,.4,1,320,92,987.6,,,,9
121,영월,2025-02-03 04:00,-.9,,.7,320,94,987.3,,,,10
121,영월,2025-02-03 05:00,-.7,,1.4,250,86,986.7,,,,10
121,영월,2025-02-03 06:00,-1.1,.1,2,250,72,986.6,,,,7
121,영월,2025-02-03 07:00,-2.2,,3.2,250,61,986.1,,,,0
121,영월,2025-02-03 08:00,-2.6,,1.9,270,60,987,0,,,6
121,영월,2025-02-03 09:00,-2.7,,3.3,250,59,987.9,.4,,,5
121,영월,2025-02-03 10:00,-2.4,,3.7,250,50,987.9,1,,,0
121,영월,2025-02-03 11:00,-2.3,,3.4,250,36,987.8,1,,,0
121,영월,2025-02-03 12:00,-1.8,,4.4,290,29,987.4,1,,,0
121,영월,2025-02-03 13:00,-1.9,,5.5,270,26,986.7,1,,,0
121,영월,2025-02-03 14:00,-1.8,,3.9,270,25,986.3,1,,,0
121,영월,2025-02-03 15:00,-1.6,,4.6,270,25,986.6,1,,,0
121,영월,2025-02-03 16:00,-2,,4.3,290,23,986.8,1,,,0
121,영월,2025-02-03 17:00,-2.4,,3.1,270,26,987.2,1,,,0
121,영월,2025-02-03 18:00,-3.4,,4.1,270,27,987.6,.4,,,0
121,영월,2025-02-03 19:00,-4.6,,2.5,270,29,988.3,,,,0
121,영월,2025-02-03 20:00,-5.1,,4.3,270,35,988.7,,,,0
121,영월,2025-02-03 21:00,-5.7,,2.8,270,39,989.2,,,,0
121,영월,2025-02-03 22:00,-6.1,,3.8,270,37,989.3,,,,0
121,영월,2025-02-03 23:00,-6.7,,2.5,270,43,989.3,,,,0
121,영월,2025-02-04 00:00,-7.5,,3.7,270,45,989.3,,,,0
121,영월,2025-02-04 01:00,-8.2,,2.6,290,47,989.4,,,,0
121,영월,2025-02-04 02:00,-9.1,,2.4,270,52,989.6,,,,0
121,영월,2025-02-04 03:00,-9.7,,3.1,270,54,989,,,,0
121,영월,2025-02-04 04:00,-10.2,,1.6,270,55,988.7,,,,0
121,영월,2025-02-04 05:00,-10.6,,1.1,290,56,988.6,,,,0
121,영월,2025-02-04 06:00,-11.1,,.8,270,59,988.3,,,,0
121,영월,2025-02-04 07:00,-11.7,,.8,290,62,988.2,,,,0
121,영월,2025-02-04 08:00,-11.4,,2.6,290,58,988.2,.1,,,0
121,영월,2025-02-04 09:00,-10.3,,1.6,250,50,988.4,1,,,0
121,영월,2025-02-04 10:00,-9.4,,2.9,250,45,988.3,1,,,0
121,영월,2025-02-04 11:00,-8.5,,3.3,270,41,988,1,,,0
121,영월,2025-02-04 12:00,-6.3,,3.7,250,38,987.2,1,,,0
121,영월,2025-02-04 13:00,-5.9,,4.3,230,34,986.3,1,,,0
121,영월,2025-02-04 14:00,-5.9,,4.7,250,32,985.4,1,,,0
121,영월,2025-02-04 15:00,-5.2,,3.9,270,30,985,1,,,0
121,영월,2025-02-04 16:00,-5.1,,2.7,320,29,985.3,1,,,0
121,영월,2025-02-04 17:00,-5.3,,2.4,270,32,985.5,1,,,0
121,영월,2025-02-04 18:00,-6.8,,2.3,270,41,985.8,.4,,,0
121,영월,2025-02-04 19:00,-8,,2.4,250,44,986.3,,,,0
121,영월,2025-02-04 20:00,-8.8,,1.6,250,51,986.7,,,,0
121,영월,2025-02-04 21:00,-9.2,,2.2,270,53,987.2,,,,0
121,영월,2025-02-04 22:00,-9.5,,2.4,250,59,987.6,,,,0
121,영월,2025-02-04 23:00,-9.9,,1.3,270,62,987.9,,,,0
121,영월,2025-02-05 00:00,-10.1,,1.2,250,63,987.8,,,,0
121,영월,2025-02-05 01:00,-10.3,,1.9,270,61,987.4,,,,0
121,영월,2025-02-05 02:00,-10.8,,1.3,270,62,987.5,,,,0
121,영월,2025-02-05 03:00,-11.9,,1,270,70,987.5,,,,0
121,영월,2025-02-05 04:00,-12.4,,.9,320,70,987.1,,,,0
121,영월,2025-02-05 05:00,-12.7,,1.4,290,72,987,,,,0
121,영월,2025-02-05 06:00,-13.4,,0,0,74,987,,,,0
121,영월,2025-02-05 07:00,-14.1,,.4,0,80,987.1,,,,0
121,영월,2025-02-05 08:00,-14,,.2,0,81,987.1,.1,,,0
121,영월,2025-02-05 09:00,-11.3,,.4,0,67,987.6,1,,,0
121,영월,2025-02-05 10:00,-9.7,,2.5,270,48,987.5,1,,,8
121,영월,2025-02-05 11:00,-7.7,,3.2,270,38,987.6,1,,,8
121,영월,2025-02-05 12:00,-5.6,,3.1,290,28,986.6,1,,,6
121,영월,2025-02-05 13:00,-5.4,,3.9,290,33,985.6,1,,,8
121,영월,2025-02-05 14:00,-5.5,,4.1,270,32,985.4,1,,,1
121,영월,2025-02-05 15:00,-5.1,,3.9,250,31,985,1,,,0
121,영월,2025-02-05 16:00,-4.7,,4.5,270,24,984.9,1,,,0
121,영월,2025-02-05 17:00,-4.9,,3.4,270,25,985.2,1,,,0
121,영월,2025-02-05 18:00,-5.5,,2.8,270,26,985.6,.4,,,0
121,영월,2025-02-05 19:00,-6.5,,2,270,29,986.4,,,,0
121,영월,2025-02-05 20:00,-7.2,,2.3,290,32,987.4,,,,0
121,영월,2025-02-05 21:00,-7.8,,1.3,270,35,988.3,,,,0
121,영월,2025-02-05 22:00,-8,,2.3,270,39,989.1,,,,0
121,영월,2025-02-05 23:00,-8.6,,1.5,270,42,989.6,,,,0
121,영월,2025-02-06 00:00,-9.2,,1.4,270,46,990.1,,,,0
121,영월,2025-02-06 01:00,-9.6,,1.3,270,46,990.3,,,,0
121,영월,2025-02-06 02:00,-10.3,,1,250,47,990.5,,,,0
121,영월,2025-02-06 03:00,-10.7,,1.2,270,45,990.7,,,,0
121,영월,2025-02-06 04:00,-12.2,,.2,0,53,990.3,,,,10
121,영월,2025-02-06 05:00,-12.5,,.9,320,53,990.4,,,,10
121,영월,2025-02-06 06:00,-13.5,,1.3,290,62,990.9,,,,10
121,영월,2025-02-06 07:00,-13.7,,.4,0,59,991.4,,,,10
121,영월,2025-02-06 08:00,-13.4,,.5,270,63,992.3,.2,,,10
121,영월,2025-02-06 09:00,-10.2,,.4,0,57,993,1,,,0
121,영월,2025-02-06 10:00,-7.1,,1,110,38,992.8,1,,,0
121,영월,2025-02-06 11:00,-6.9,,1.4,250,31,992,1,,,0
121,영월,2025-02-06 12:00,-4.4,,2.3,290,26,991.7,1,,,0
121,영월,2025-02-06 13:00,-2.9,,2.4,250,25,990.5,1,,,0
121,영월,2025-02-06 14:00,-1.8,,2.3,250,21,989,1,,,0
121,영월,2025-02-06 15:00,-2.3,,3.6,250,24,989.1,1,,,1
121,영월,2025-02-06 16:00,-1.9,,2.8,250,24,988.9,1,,,2
121,영월,2025-02-06 17:00,-2.6,,2.9,250,28,988.8,.9,,,6
121,영월,2025-02-06 18:00,-2.9,,3,270,38,989.2,0,,,10
121,영월,2025-02-06 19:00,-4.4,,.9,290,75,989.7,,,,10
121,영월,2025-02-06 20:00,-5.1,,.5,320,89,989.8,,,1.8,10
121,영월,2025-02-06 21:00,-5.4,.7,0,0,90,989.7,,,2.1,10
121,영월,2025-02-06 22:00,-6,,.1,0,91,989.8,,,2,9
121,영월,2025-02-06 23:00,-8.1,,.2,0,91,990.2,,,1.8,3
121,영월,2025-02-07 00:00,-7.8,,.3,0,91,990,,,1.6,0
121,영월,2025-02-07 01:00,-8.8,,0,0,91,989.2,,,1.4,0
121,영월,2025-02-07 02:00,-9.8,,.3,0,89,988.7,,,1.3,10
121,영월,2025-02-07 03:00,-9.9,,0,0,90,988.3,,,1.2,0
121,영월,2025-02-07 04:00,-10.5,,0,0,89,987.4,,,1.1,10
121,영월,2025-02-07 05:00,-11.3,,0,0,88,986.1,,,1,10
121,영월,2025-02-07 06:00,-10.1,0,.4,0,89,984.5,,,.9,10
121,영월,2025-02-07 07:00,-9.6,,.6,140,90,984,,,3.4,10
121,영월,2025-02-07 08:00,-9,,.1,0,90,982.8,0,,4.5,10
121,영월,2025-02-07 09:00,-7.4,2.7,1.6,290,88,984.8,0,,8.3,10
121,영월,2025-02-07 10:00,-7,,3.8,290,78,986.7,0,,7.8,10
121,영월,2025-02-07 11:00,-7.1,,4.8,270,56,987.3,.3,,7.2,9
121,영월,2025-02-07 12:00,-7,.1,3.5,270,40,986.6,.7,,6.6,8
121,영월,2025-02-07 13:00,-7.2,,5.4,320,36,986.6,.8,,5.5,8
121,영월,2025-02-07 14:00,-6.2,,5.1,270,26,986.2,.9,,4.4,8
121,영월,2025-02-07 15:00,-6.4,.1,4.6,270,25,986,1,,2.7,6
121,영월,2025-02-07 16:00,-7.3,,5.1,270,32,987,1,,2,3
121,영월,2025-02-07 17:00,-7.9,,6.1,270,34,988.2,1,,1.3,9
121,영월,2025-02-07 18:00,-8.8,,4.1,270,40,989.6,.4,,1.2,10
121,영월,2025-02-07 19:00,-10,,2.5,250,43,991.3,,,1.1,10
121,영월,2025-02-07 20:00,-10.4,,3.3,250,46,992.7,,,1.1,10
121,영월,2025-02-07 21:00,-10.8,,2,290,49,993.6,,,1.1,10
121,영월,2025-02-07 22:00,-11.2,,2.7,270,52,994.4,,,1,10
121,영월,2025-02-07 23:00,-11.7,,1.6,270,56,994.7,,,1,10
121,영월,2025-02-08 00:00,-12.3,,.7,250,58,995.4,,,1,10
121,영월,2025-02-08 01:00,-12.4,,1.9,250,64,995.9,,,1,10
121,영월,2025-02-08 02:00,-13.1,,.3,0,65,995.8,,,1,10
121,영월,2025-02-08 03:00,-13.7,,1.4,270,67,996.1,,,1,10
121,영월,2025-02-08 04:00,-13.8,,1.7,270,67,996,,,1,10
121,영월,2025-02-08 05:00,-15.3,,.6,270,73,996.2,,,1.1,10
121,영월,2025-02-08 06:00,-16,,.6,270,77,996.1,,,1.1,10
121,영월,2025-02-08 07:00,-16.6,,.2,0,80,996.6,,,1.1,10
121,영월,2025-02-08 08:00,-17.3,,.5,290,80,997.6,.2,,1.1,10
121,영월,2025-02-08 09:00,-14.1,,.1,0,71,998.3,1,,1.1,10
121,영월,2025-02-08 10:00,-11.2,,.8,160,57,998.8,1,,1.1,9
121,영월,2025-02-08 11:00,-9.6,,1.5,340,48,998.5,1,,1.1,0
121,영월,2025-02-08 12:00,-8.5,,1.5,320,47,998.2,1,,.9,0
121,영월,2025-02-08 13:00,-7.1,,1.4,230,43,997.3,1,,.2,0
121,영월,2025-02-08 14:00,-6.2,,1.9,250,41,996.6,1,,,0
121,영월,2025-02-08 15:00,-5.5,,2.4,250,40,996.1,1,,,0
121,영월,2025-02-08 16:00,-5.3,,1.7,250,39,996.3,1,,,0
121,영월,2025-02-08 17:00,-5.4,,2.3,250,40,996.7,1,,,0
121,영월,2025-02-08 18:00,-6.3,,1.4,250,44,996.9,.5,,,0
121,영월,2025-02-08 19:00,-7.1,,1.2,270,48,997.4,,,,0
121,영월,2025-02-08 20:00,-8.2,,.4,0,53,997.9,,,,0
121,영월,2025-02-08 21:00,-9.7,,0,0,61,998.4,,,,0
121,영월,2025-02-08 22:00,-10.9,,0,0,69,998.9,,,,0
121,영월,2025-02-08 23:00,-11.5,,0,0,74,999,,,,9
121,영월,2025-02-09 00:00,-12.1,,.2,0,78,998.6,,,,9
121,영월,2025-02-09 01:00,-13.2,,.9,270,81,998.5,,,,10
121,영월,2025-02-09 02:00,-13.6,,0,0,84,998.7,,,,10
121,영월,2025-02-09 03:00,-14.2,,.2,0,85,998.6,,,,10
121,영월,2025-02-09 04:00,-15.2,,.6,270,84,998.4,,,,10
121,영월,2025-02-09 05:00,-15.6,,.4,0,85,998.6,,,,10
121,영월,2025-02-09 06:00,-15.9,,.2,0,85,998.8,,,,10
121,영월,2025-02-09 07:00,-16.4,,.3,0,85,999.1,,,,10
121,영월,2025-02-09 08:00,-16,,0,0,84,999.5,.2,,,10
121,영월,2025-02-09 09:00,-13.9,,.4,0,81,999.5,1,,,9
121,영월,2025-02-09 10:00,-10.2,,.6,110,69,999.2,1,,,0
121,영월,2025-02-09 11:00,-5.8,,1.1,110,59,998.5,1,,,0
121,영월,2025-02-09 12:00,-5.4,,1.3,250,52,997.5,1,,,0
121,영월,2025-02-09 13:00,-4,,1.8,250,44,996.2,1,,,0
121,영월,2025-02-09 14:00,-2.2,,1.1,270,42,995.2,1,,,0
121,영월,2025-02-09 15:00,-1.2,,2.1,250,39,994.8,1,,,0
121,영월,2025-02-09 16:00,-1.1,,2.6,250,37,994.5,1,,,3
121,영월,2025-02-09 17:00,-1.8,,3.2,250,41,994.6,1,,,0
121,영월,2025-02-09 18:00,-2.7,,1.2,250,47,995.1,.5,,,0
121,영월,2025-02-09 19:00,-3.2,,.7,290,50,995.4,,,,0
121,영월,2025-02-09 20:00,-4.8,,.2,0,58,995.4,,,,0
121,영월,2025-02-09 21:00,-6.6,,0,0,66,995.8,,,,0
121,영월,2025-02-09 22:00,-7.2,,.2,0,69,996.1,,,,0
121,영월,2025-02-09 23:00,-8.1,,.1,0,76,996.2,,,,10
121,영월,2025-02-10 00:00,-8,,.2,0,78,996.3,,,,9
121,영월,2025-02-10 01:00,-7.2,,.5,320,78,996.3,,,,9
121,영월,2025-02-10 02:00,-8.6,,1,270,81,996.5,,,,0
121,영월,2025-02-10 03:00,-9.4,,0,0,84,996.7,,,,0
121,영월,2025-02-10 04:00,-10.7,,.6,290,86,996.7,,,,0
121,영월,2025-02-10 05:00,-11.2,,.1,0,87,996.8,,,,9
121,영월,2025-02-10 06:00,-11.6,,.1,0,88,996.7,,,,0
121,영월,2025-02-10 07:00,-12,,1,270,88,996.7,,,,0
121,영월,2025-02-10 08:00,-12,,.4,0,88,997,.2,,,0
121,영월,2025-02-10 09:00,-9.2,,.4,0,84,997.4,1,,,0
121,영월,2025-02-10 10:00,-5.1,,1,110,68,997.6,1,,,6
121,영월,2025-02-10 11:00,-3,,.9,110,58,997.7,1,,,5
121,영월,2025-02-10 12:00,-1.8,,1.8,340,47,997,1,,,8
121,영월,2025-02-10 13:00,-1.4,,1.6,250,48,996.1,.6,,,8
121,영월,2025-02-10 14:00,.2,,4.3,270,38,995.2,.7,,,8
121,영월,2025-02-10 15:00,.8,,4.8,270,39,995.1,.8,,,6
121,영월,2025-02-10 16:00,-.1,,2.8,270,38,994.8,.9,,,5
121,영월,2025-02-10 17:00,0,,3.2,270,37,995.1,.9,,,2
121,영월,2025-02-10 18:00,-1.1,,2.1,250,53,995.8,.6,,,0
121,영월,2025-02-10 19:00,-1.8,,1.8,250,64,996.8,0,,,0
121,영월,2025-02-10 20:00,-2.2,,.8,320,66,997.2,,,,0
121,영월,2025-02-10 21:00,-4.2,,1,90,75,997.9,,,,0
121,영월,2025-02-10 22:00,-4.8,,.1,0,77,998.2,,,,0
121,영월,2025-02-10 23:00,-6,,.5,110,82,998.6,,,,0
121,영월,2025-02-11 00:00,-6.9,,.7,320,84,999,,,,0
121,영월,2025-02-11 01:00,-7.8,,.1,0,89,999.1,,,,0
121,영월,2025-02-11 02:00,-8.3,,0,0,89,999.7,,,,0
121,영월,2025-02-11 03:00,-9.1,,0,0,90,1000.2,,,,0
121,영월,2025-02-11 04:00,-9.7,,0,0,90,1000.5,,,,0
121,영월,2025-02-11 05:00,-10.4,,.4,0,90,1000.8,,,,9
121,영월,2025-02-11 06:00,-11.1,,.2,0,88,1001.3,,,,9
121,영월,2025-02-11 07:00,-11.3,,.3,0,88,1002,,,,10
121,영월,2025-02-11 08:00,-11.2,,0,0,88,1002.6,.1,,,10
121,영월,2025-02-11 09:00,-8.7,,.4,0,87,1003,1,,,0
121,영월,2025-02-11 10:00,-5.9,,.4,0,77,1003.3,1,,,0
121,영월,2025-02-11 11:00,-2.8,,1,110,61,1002.9,1,,,0
121,영월,2025-02-11 12:00,-.3,,.7,20,50,1002.1,1,,,0
121,영월,2025-02-11 13:00,1.1,,1.2,250,26,1000.6,1,,,0
121,영월,2025-02-11 14:00,2.4,,1.6,320,28,999.7,1,,,0
121,영월,2025-02-11 15:00,3.3,,1,250,27,997.6,1,,,0
121,영월,2025-02-11 16:00,4.6,,.8,20,26,997.3,1,,,0
121,영월,2025-02-11 17:00,4.4,,.2,0,24,997,1,,,0
121,영월,2025-02-11 18:00,1.6,,.5,110,36,997.2,.6,,,0
121,영월,2025-02-11 19:00,-.4,,.5,140,48,997.6,0,,,6
121,영월,2025-02-11 20:00,-1.5,,.4,0,53,997.2,,,,8
121,영월,2025-02-11 21:00,-1.8,,.3,0,55,996.6,,,,10
121,영월,2025-02-11 22:00,-2.6,,.1,0,60,996.5,,,,10
121,영월,2025-02-11 23:00,-3.7,,0,0,67,995.2,,,,10
121,영월,2025-02-12 00:00,-4,,.5,320,70,994.9,,,,0
121,영월,2025-02-12 01:00,-5,,1.2,340,74,995.1,,,,10
121,영월,2025-02-12 02:00,-4.2,,.2,0,73,995.3,,,,10
121,영월,2025-02-12 03:00,-3.7,,.2,0,72,994.3,,,,10
121,영월,2025-02-12 04:00,-3.6,,.1,0,70,993.5,,,,10
121,영월,2025-02-12 05:00,-3.5,,.8,320,71,992.7,,,,10
121,영월,2025-02-12 06:00,-3.3,,.4,0,73,991.4,,,,10
121,영월,2025-02-12 07:00,-3,,.3,0,70,989.9,,,,10
121,영월,2025-02-12 08:00,-3.3,,.1,0,80,989.1,0,,,10
121,영월,2025-02-12 09:00,-2.7,.2,.2,0,84,988.4,0,,,10
121,영월,2025-02-12 10:00,-2.7,,.2,0,87,987.5,0,,.2,10
121,영월,2025-02-12 11:00,-2,,.2,0,89,986.4,0,,.5,9
121,영월,2025-02-12 12:00,-1.3,.8,.3,0,88,985.3,0,,.4,10
121,영월,2025-02-12 13:00,-.6,,.5,90,90,984.1,0,,.3,9
121,영월,2025-02-12 14:00,0,,.3,0,93,982.9,0,,.1,10
121,영월,2025-02-12 15:00,.2,.6,.3,0,95,982.1,0,,,10
121,영월,2025-02-12 16:00,.2,,.2,0,97,981.7,0,,,10
121,영월,2025-02-12 17:00,.5,,1.6,320,98,981.8,0,,,10
121,영월,2025-02-12 18:00,1.4,.4,1.5,290,96,981.9,0,,,10
121,영월,2025-02-12 19:00,2.3,,2.1,270,88,982.7,0,,,10
121,영월,2025-02-12 20:00,2.2,,2.7,270,76,983.8,,,,9
121,영월,2025-02-12 21:00,1.5,.4,2.7,270,61,984.9,,,,6
121,영월,2025-02-12 22:00,.5,,5.2,270,54,986.6,,,,0
121,영월,2025-02-12 23:00,-.5,,4.3,290,54,987.7,,,,0
121,영월,2025-02-13 00:00,-1.8,,3.6,270,57,989.2,,,,0
121,영월,2025-02-13 01:00,-2.6,,3.1,270,56,990.2,,,,0
121,영월,2025-02-13 02:00,-3.2,,3,270,54,991.3,,,,0
121,영월,2025-02-13 03:00,-4.3,,1.1,290,57,992.3,,,,0
121,영월,2025-02-13 04:00,-5.2,,1.1,250,59,992.5,,,,0
121,영월,2025-02-13 05:00,-5.1,,.8,270,54,993.1,,,,0
121,영월,2025-02-13 06:00,-7.7,,2,290,65,993.6,,,,0
121,영월,2025-02-13 07:00,-8,,0,0,67,994.3,,,,0
121,영월,2025-02-13 08:00,-8.5,,1.4,290,72,995,.2,,,0
121,영월,2025-02-13 09:00,-4.8,,.3,0,58,995.2,1,,,0
121,영월,2025-02-13 10:00,-2.4,,.7,290,40,995,1,,,0
121,영월,2025-02-13 11:00,-1,,1.4,250,37,994.5,1,,,0
121,영월,2025-02-13 12:00,.7,,2,250,30,993.8,1,,,0
121,영월,2025-02-13 13:00,2.7,,2.4,270,23,992.9,1,,,0
121,영월,2025-02-13 14:00,3,,4.1,250,20,992.2,1,,,0
121,영월,2025-02-13 15:00,3.1,,3.2,320,22,991.8,1,,,0
121,영월,2025-02-13 16:00,3,,3.7,270,30,991.8,1,,,0
121,영월,2025-02-13 17:00,3.2,,2.8,270,32,991.3,1,,,0
121,영월,2025-02-13 18:00,2.2,,1.7,270,36,991.5,.6,,,0
121,영월,2025-02-13 19:00,1.8,,1.8,270,37,992.1,0,,,0
121,영월,2025-02-13 20:00,1.7,,2.3,270,42,992.8,,,,0
121,영월,2025-02-13 21:00,.9,,1.6,270,53,993.4,,,,0
121,영월,2025-02-13 22:00,.6,,1.8,290,55,994,,,,0
121,영월,2025-02-13 23:00,.2,,1.5,290,56,994.3,,,,0
121,영월,2025-02-14 00:00,-1.4,,.1,0,60,994.2,,,,0
121,영월,2025-02-14 01:00,-2.8,,.1,0,69,994,,,,0
121,영월,2025-02-14 02:00,-3.8,,.4,0,74,994.4,,,,0
121,영월,2025-02-14 03:00,-4.8,,0,0,79,994.5,,,,0
121,영월,2025-02-14 04:00,-5.5,,0,0,81,994.2,,,,0
121,영월,2025-02-14 05:00,-6.1,,0,0,84,994.3,,,,0
121,영월,2025-02-14 06:00,-6.5,,.2,0,87,994.5,,,,0
121,영월,2025-02-14 07:00,-6.9,,.3,0,88,994.6,,,,0
121,영월,2025-02-14 08:00,-6.9,,0,0,89,994.9,.1,,,0
121,영월,2025-02-14 09:00,-3.5,,.6,70,79,994.9,1,,,0
121,영월,2025-02-14 10:00,.2,,1,110,63,995,1,,,0
121,영월,2025-02-14 11:00,3.2,,.8,110,55,994.4,1,,,0
121,영월,2025-02-14 12:00,3.2,,1.7,290,50,993.6,1,,,0
121,영월,2025-02-14 13:00,7.2,,1.6,140,39,992.5,1,,,0
121,영월,2025-02-14 14:00,7,,2.5,270,35,991.6,1,,,0
121,영월,2025-02-14 15:00,7.5,,2,290,32,991.1,1,,,0
121,영월,2025-02-14 16:00,7.5,,2.7,230,31,991,1,,,3
121,영월,2025-02-14 17:00,7.2,,2.2,250,31,991,1,,,0
121,영월,2025-02-14 18:00,6,,1.2,270,38,991.1,.4,,,0
121,영월,2025-02-14 19:00,4,,.6,290,45,991.5,0,,,7
121,영월,2025-02-14 20:00,2.5,,.2,0,52,991.9,,,,8
121,영월,2025-02-14 21:00,.5,,.2,0,63,992.1,,,,7
121,영월,2025-02-14 22:00,-.4,,0,0,68,992.3,,,,3
121,영월,2025-02-14 23:00,-1.6,,.1,0,74,992.6,,,,0
121,영월,2025-02-15 00:00,-2.3,,.1,0,78,992.5,,,,0
121,영월,2025-02-15 01:00,-3.1,,.3,0,82,992.5,,,,0
121,영월,2025-02-15 02:00,-4.1,,.1,0,86,992.5,,,,0
121,영월,2025-02-15 03:00,-4.5,,0,0,88,992,,,,0
121,영월,2025-02-15 04:00,-5.1,,0,0,90,991.6,,,,0
121,영월,2025-02-15 05:00,-5.7,,0,0,91,991.3,,,,0
121,영월,2025-02-15 06:00,-6,,.1,0,93,991.4,,,,0
121,영월,2025-02-15 07:00,-6.6,,.3,0,92,991.7,,,,0
121,영월,2025-02-15 08:00,-5.9,,.1,0,92,991.7,0,,,0
121,영월,2025-02-15 09:00,-3.5,,.1,0,88,991.6,1,,,8
121,영월,2025-02-15 10:00,-2.4,,.5,140,77,991.1,.4,,,10
121,영월,2025-02-15 11:00,-.5,,.6,340,67,989.8,.1,,,7
121,영월,2025-02-15 12:00,3.7,,.5,230,52,988.9,.8,,,7
121,영월,2025-02-15 13:00,5.1,,.8,340,41,987.8,.7,,,9
121,영월,2025-02-15 14:00,6.5,,1.5,340,34,987.1,.4,,,10
121,영월,2025-02-15 15:00,7,,1.6,270,20,986.6,.2,,,10
121,영월,2025-02-15 16:00,7.3,,1.1,270,24,986.2,0,,,9
121,영월,2025-02-15 17:00,7.1,,3.2,250,17,986.2,1,,,0
121,영월,2025-02-15 18:00,6,,2.5,250,24,986.3,.5,,,0
121,영월,2025-02-15 19:00,5,,1.5,230,34,987.2,0,,,6
121,영월,2025-02-15 20:00,3.8,,1.7,250,43,987.6,,,,6
121,영월,2025-02-15 21:00,.8,,.5,70,54,988.2,,,,7
121,영월,2025-02-15 22:00,.5,,0,0,55,988.1,,,,8
121,영월,2025-02-15 23:00,-.7,,0,0,62,988.7,,,,8
121,영월,2025-02-16 00:00,-1.1,,.3,0,65,989,,,,10
121,영월,2025-02-16 01:00,-1.6,,.1,0,70,989,,,,0
121,영월,2025-02-16 02:00,-2.5,,.5,50,75,988.5,,,,0
121,영월,2025-02-16 03:00,-3.2,,0,0,78,988.6,,,,0
121,영월,2025-02-16 04:00,-3.6,,.3,0,79,988.7,,,,0
121,영월,2025-02-16 05:00,-3.8,,.3,0,83,989.2,,,,9
121,영월,2025-02-16 06:00,-3.4,,0,0,83,988.9,,,,10
121,영월,2025-02-16 07:00,-3.6,,.1,0,83,988.8,,,,9
121,영월,2025-02-16 08:00,-4,,.1,0,84,988.9,.1,,,0
121,영월,2025-02-16 09:00,-1.2,,.7,110,74,988.9,1,,,0
121,영월,2025-02-16 10:00,.9,,.5,110,65,987.9,1,,,6
121,영월,2025-02-16 11:00,4.4,,.9,90,53,987.5,1,,,5
121,영월,2025-02-16 12:00,4.9,,.9,340,53,986.9,1,,,8
121,영월,2025-02-16 13:00,8,,.7,70,46,986,1,,,0
121,영월,2025-02-16 14:00,8.2,,2.8,250,39,985.1,1,,,0
121,영월,2025-02-16 15:00,8.7,,2.6,270,42,984.7,1,,,0
121,영월,2025-02-16 16:00,8.2,,3.6,230,48,984.9,1,,,0
121,영월,2025-02-16 17:00,7.9,,1.9,250,49,984.8,.9,,,0
121,영월,2025-02-16 18:00,6.9,,1.9,270,54,984.7,0,,,0
121,영월,2025-02-16 19:00,6.3,,1.3,270,58,985,0,,,5
121,영월,2025-02-16 20:00,6.1,,1.3,270,59,984.8,,,,0
121,영월,2025-02-16 21:00,5.8,,2.5,250,61,985.1,,,,0
121,영월,2025-02-16 22:00,4.9,,2.4,270,62,985.8,,,,8
121,영월,2025-02-16 23:00,4.3,,3,270,63,986.3,,,,10
121,영월,2025-02-17 00:00,2.9,.1,2.1,290,78,986.8,,,,6
121,영월,2025-02-17 01:00,2.6,,1.9,270,62,987.6,,,,0
121,영월,2025-02-17 02:00,1.6,,1.8,270,61,987.7,,,,0
121,영월,2025-02-17 03:00,.2,,1.6,250,61,988.2,,,,0
121,영월,2025-02-17 04:00,-.8,,1.7,270,53,989,,,,0
121,영월,2025-02-17 05:00,-1.6,,2.1,270,48,989.8,,,,0
121,영월,2025-02-17 06:00,-1.8,,1.9,290,37,991.1,,,,0
121,영월,2025-02-17 07:00,-2,,2.1,270,30,991.8,,,,0
121,영월,2025-02-17 08:00,-1.9,,2.1,290,27,992.6,.3,,,0
121,영월,2025-02-17 09:00,-.7,,1.6,230,25,993.4,1,,,0
121,영월,2025-02-17 10:00,-.4,,4.1,270,23,993.4,1,,,0
121,영월,2025-02-17 11:00,.2,,4.3,270,20,992.8,1,,,0
121,영월,2025-02-17 12:00,1.9,,4.2,290,20,992.7,1,,,0
121,영월,2025-02-17 13:00,2.1,,3.9,270,17,991.5,1,,,0
121,영월,2025-02-17 14:00,2.6,,4.6,270,15,991.5,1,,,0
121,영월,2025-02-17 15:00,2.8,,4.3,270,14,991.5,1,,,0
121,영월,2025-02-17 16:00,2.8,,3,290,15,991.8,1,,,0
121,영월,2025-02-17 17:00,2.5,,3.1,270,16,991.9,1,,,0
121,영월,2025-02-17 18:00,1.3,,3.5,290,19,992.1,.7,,,0
121,영월,2025-02-17 19:00,.8,,2.5,290,21,992.8,0,,,0
121,영월,2025-02-17 20:00,-.4,,3,270,27,993.1,,,,0
121,영월,2025-02-17 21:00,-1.2,,2.6,250,37,993.6,,,,0
121,영월,2025-02-17 22:00,-2,,1.8,290,41,993.7,,,,0
121,영월,2025-02-17 23:00,-2.4,,1.5,290,41,993.9,,,,4
121,영월,2025-02-18 00:00,-3.1,,1.4,270,43,993.9,,,,0
121,영월,2025-02-18 01:00,-3.9,,.7,320,47,994.1,,,,0
121,영월,2025-02-18 02:00,-5.6,,.6,110,56,994.4,,,,0
121,영월,2025-02-18 03:00,-4.7,,.7,290,52,994.8,,,,0
121,영월,2025-02-18 04:00,-5.6,,.4,0,57,994.9,,,,0
121,영월,2025-02-18 05:00,-6.1,,.7,340,60,995,,,,0
121,영월,2025-02-18 06:00,-7.8,,.8,290,68,995.1,,,,0
121,영월,2025-02-18 07:00,-7.2,,1.2,290,67,995.4,,,,0
121,영월,2025-02-18 08:00,-6.4,,1,290,64,995.9,.3,,,0
121,영월,2025-02-18 09:00,-4,,1.8,270,52,996,1,,,0
121,영월,2025-02-18 10:00,-3.2,,2.1,270,42,995.6,1,,,0
121,영월,2025-02-18 11:00,-2.3,,2.5,290,26,995.3,1,,,0
121,영월,2025-02-18 12:00,-.8,,2.6,270,24,994.6,1,,,0
121,영월,2025-02-18 13:00,.1,,2.7,290,20,993.8,1,,,0
121,영월,2025-02-18 14:00,.5,,4.7,270,19,993.4,1,,,0
121,영월,2025-02-18 15:00,.9,,4.6,290,18,992.9,1,,,0
121,영월,2025-02-18 16:00,1.3,,2.5,290,18,992.3,1,,,0
121,영월,2025-02-18 17:00,.6,,4.4,290,20,992.5,1,,,0
121,영월,2025-02-18 18:00,-.2,,4.7,270,17,993.1,.7,,,0
121,영월,2025-02-18 19:00,-.6,,1.5,270,23,993.8,0,,,0
121,영월,2025-02-18 20:00,-1.2,,1.2,250,27,994.3,,,,0
121,영월,2025-02-18 21:00,-1.8,,2.5,250,36,994.8,,,,0
121,영월,2025-02-18 22:00,-2.6,,1.7,270,37,995.1,,,,0
121,영월,2025-02-18 23:00,-4,,1.4,290,40,995.3,,,,0
121,영월,2025-02-19 00:00,-4.4,,1,270,44,995.7,,,,0
121,영월,2025-02-19 01:00,-5,,1.8,270,47,996.3,,,,0
121,영월,2025-02-19 02:00,-5.7,,1.1,320,49,996.6,,,,0
121,영월,2025-02-19 03:00,-6.4,,1,340,50,996.5,,,,0
121,영월,2025-02-19 04:00,-7,,1.2,320,53,996.8,,,,0
121,영월,2025-02-19 05:00,-8,,.6,290,59,996.8,,,,0
121,영월,2025-02-19 06:00,-8.9,,0,0,63,997.1,,,,0
121,영월,2025-02-19 07:00,-9.4,,0,0,69,997.4,,,,0
121,영월,2025-02-19 08:00,-8.6,,.1,0,68,998,.3,,,0
121,영월,2025-02-19 09:00,-5.3,,.8,70,59,998.2,1,,,0
121,영월,2025-02-19 10:00,-4.2,,1.3,250,44,998.3,1,,,0
121,영월,2025-02-19 11:00,-2.6,,1.8,270,38,997.9,1,,,0
121,영월,2025-02-19 12:00,-1.3,,2,250,32,997.1,1,,,0
121,영월,2025-02-19 13:00,.8,,2.8,250,28,996.1,1,,,0
121,영월,2025-02-19 14:00,1,,2.9,250,27,995.6,1,,,0
121,영월,2025-02-19 15:00,1.1,,3,250,25,995.6,1,,,0
121,영월,2025-02-19 16:00,1.5,,3.1,250,24,995.5,1,,,0
121,영월,2025-02-19 17:00,.9,,2.7,250,24,995.8,1,,,0
121,영월,2025-02-19 18:00,-.4,,2,250,29,996.2,.7,,,0
121,영월,2025-02-19 19:00,-1.2,,1.8,270,35,996.9,0,,,0
121,영월,2025-02-19 20:00,-2.1,,2.9,250,38,997.7,,,,0
121,영월,2025-02-19 21:00,-2.8,,1.9,270,40,998.5,,,,0
121,영월,2025-02-19 22:00,-3.4,,.6,250,42,998.8,,,,0
121,영월,2025-02-19 23:00,-4.3,,.9,290,46,998.7,,,,0
121,영월,2025-02-20 00:00,-5.4,,.5,320,49,999,,,,0
121,영월,2025-02-20 01:00,-6.6,,0,0,57,999.2,,,,0
121,영월,2025-02-20 02:00,-8.1,,.5,20,67,999.2,,,,0
121,영월,2025-02-20 03:00,-8.4,,.1,0,67,999.4,,,,0
121,영월,2025-02-20 04:00,-9.2,,0,0,70,999.3,,,,0
121,영월,2025-02-20 05:00,-9.8,,.1,0,73,999.6,,,,0
121,영월,2025-02-20 06:00,-10.3,,.2,0,76,999.9,,,,0
121,영월,2025-02-20 07:00,-10.9,,0,0,78,1000.3,,,,0
121,영월,2025-02-20 08:00,-10.4,,.1,0,80,1000.9,.3,,,0
121,영월,2025-02-20 09:00,-6.5,,.8,90,65,1001.1,1,,,0
121,영월,2025-02-20 10:00,-3.6,,.6,90,53,1000.9,1,,,0
121,영월,2025-02-20 11:00,-3.9,,1.2,290,38,1000.5,1,,,0
121,영월,2025-02-20 12:00,-2.2,,1.5,270,35,999.5,1,,,0
121,영월,2025-02-20 13:00,-.2,,2.1,340,27,998,1,,,0
121,영월,2025-02-20 14:00,.9,,3.5,250,24,997.1,1,,,0
121,영월,2025-02-20 15:00,1.5,,2.1,270,22,996.6,1,,,0
121,영월,2025-02-20 16:00,1.3,,3.3,230,23,996.8,1,,,0
121,영월,2025-02-20 17:00,1,,2.7,250,23,996.7,1,,,0
121,영월,2025-02-20 18:00,.1,,2.6,270,25,997,.7,,,0
121,영월,2025-02-20 19:00,-.8,,2.1,270,31,997.7,0,,,0
121,영월,2025-02-20 20:00,-1.9,,2.1,270,36,998.2,,,,0
121,영월,2025-02-20 21:00,-2.7,,1.5,270,42,998.7,,,,0
121,영월,2025-02-20 22:00,-3.3,,1.5,290,47,999,,,,0
121,영월,2025-02-20 23:00,-4,,.9,290,50,999.2,,,,0
121,영월,2025-02-21 00:00,-4.7,,.9,290,52,999.3,,,,0
121,영월,2025-02-21 01:00,-6.4,,.1,0,59,999.4,,,,0
121,영월,2025-02-21 02:00,-7.4,,0,0,64,999.6,,,,0
121,영월,2025-02-21 03:00,-8.2,,0,0,70,999.8,,,,0
121,영월,2025-02-21 04:00,-9,,.6,20,73,999.8,,,,0
121,영월,2025-02-21 05:00,-9.8,,0,0,76,1000,,,,0
121,영월,2025-02-21 06:00,-10.6,,.3,0,80,1000.5,,,,0
121,영월,2025-02-21 07:00,-10.9,,0,0,83,1000.7,,,,0
121,영월,2025-02-21 08:00,-10.5,,0,0,81,1001.3,.3,,,0
121,영월,2025-02-21 09:00,-6.1,,1,140,69,1001.5,1,,,0
121,영월,2025-02-21 10:00,-3.6,,1.2,90,51,1001.2,1,,,0
121,영월,2025-02-21 11:00,-2.1,,1,160,40,1000.6,1,,,0
121,영월,2025-02-21 12:00,-2.1,,1.3,320,34,999.8,1,,,0
121,영월,2025-02-21 13:00,-.3,,1.5,270,29,998.7,1,,,1
121,영월,2025-02-21 14:00,.8,,1.5,360,26,997.8,1,,,0
121,영월,2025-02-21 15:00,1.7,,3.2,270,23,997.7,1,,,0
121,영월,2025-02-21 16:00,1.2,,3.1,290,22,997.8,1,,,0
121,영월,2025-02-21 17:00,.9,,2.8,290,21,997.8,1,,,0
121,영월,2025-02-21 18:00,-.5,,2.3,250,29,998.1,.7,,,0
121,영월,2025-02-21 19:00,-1.1,,2.1,250,31,998.6,0,,,0
121,영월,2025-02-21 20:00,-1.9,,1.8,250,34,999.3,,,,0
121,영월,2025-02-21 21:00,-2.6,,1.6,250,40,999.9,,,,0
121,영월,2025-02-21 22:00,-2.9,,1.7,250,45,1000,,,,0
121,영월,2025-02-21 23:00,-3.5,,1.8,250,45,999.7,,,,0
121,영월,2025-02-22 00:00,-3.8,,1.2,270,42,999.8,,,,3
121,영월,2025-02-22 01:00,-4,,1.9,270,36,1000.4,,,,0
121,영월,2025-02-22 02:00,-4.5,,2.4,290,33,1000.8,,,,0
121,영월,2025-02-22 03:00,-5.5,,.9,290,37,1000.9,,,,0
121,영월,2025-02-22 04:00,-7,,1.6,270,45,1000.8,,,,0
121,영월,2025-02-22 05:00,-7.6,,.1,0,48,1000.9,,,,0
121,영월,2025-02-22 06:00,-8.5,,.4,0,57,1001.2,,,,0
121,영월,2025-02-22 07:00,-9.1,,.4,0,58,1001.6,,,,0
121,영월,2025-02-22 08:00,-8.1,,.4,0,60,1002.5,.3,,,0
121,영월,2025-02-22 09:00,-4.4,,.2,0,51,1003.2,1,,,0
121,영월,2025-02-22 10:00,-3.7,,1.4,290,42,1002.7,1,,,0
121,영월,2025-02-22 11:00,-1.8,,1.6,250,35,1002.3,1,,,0
121,영월,2025-02-22 12:00,.4,,1.5,20,32,1001.5,1,,,0
121,영월,2025-02-22 13:00,.5,,2,250,28,1000.5,1,,,0
121,영월,2025-02-22 14:00,1.6,,1.5,270,24,999.6,1,,,0
121,영월,2025-02-22 15:00,2.2,,2.5,250,25,999.5,1,,,0
121,영월,2025-02-22 16:00,2.5,,2.2,270,23,999.5,1,,,0
121,영월,2025-02-22 17:00,1.8,,2.4,250,23,999.2,1,,,0
121,영월,2025-02-22 18:00,.6,,1.8,250,27,999.4,.8,,,0
121,영월,2025-02-22 19:00,-.2,,2.4,250,28,1000,0,,,0
121,영월,2025-02-22 20:00,-.8,,1.7,250,34,1000.2,,,,0
121,영월,2025-02-22 21:00,-1.7,,1.3,270,40,1000.8,,,,0
121,영월,2025-02-22 22:00,-2.4,,1.3,270,43,1001.1,,,,0
121,영월,2025-02-22 23:00,-3,,1.4,270,46,1001.4,,,,0
121,영월,2025-02-23 00:00,-4,,.1,0,50,1001.3,,,,0
121,영월,2025-02-23 01:00,-5.4,,.6,180,59,1001.3,,,,0
121,영월,2025-02-23 02:00,-6.8,,.2,0,62,1001.3,,,,4
121,영월,2025-02-23 03:00,-7.3,,0,0,68,1001.2,,,,0
121,영월,2025-02-23 04:00,-8.2,,0,0,72,1001.1,,,,0
121,영월,2025-02-23 05:00,-8.4,,.3,0,76,1001.3,,,,0
121,영월,2025-02-23 06:00,-8.6,,0,0,70,1001.2,,,,0
121,영월,2025-02-23 07:00,-9.3,,0,0,72,1001.1,,,,0
121,영월,2025-02-23 08:00,-8.1,,.2,0,71,1001.4,.4,,,0
121,영월,2025-02-23 09:00,-5.5,,1.2,270,51,1001.4,1,,,0
121,영월,2025-02-23 10:00,-4.4,,2.5,270,40,1000.7,1,,,0
121,영월,2025-02-23 11:00,-2.9,,2.1,270,39,1000.2,1,,,6
121,영월,2025-02-23 12:00,-2.1,,2.4,270,26,999.1,1,,,4
121,영월,2025-02-23 13:00,-1.8,,3,270,26,998,1,,,4
121,영월,2025-02-23 14:00,-1,,2.3,290,25,997.3,1,,,4
121,영월,2025-02-23 15:00,.2,,3.6,250,22,996.7,1,,,4
121,영월,2025-02-23 16:00,-1.1,,3.2,270,27,996.8,1,,,6
121,영월,2025-02-23 17:00,-.9,,2,270,31,997.1,.9,,,7
121,영월,2025-02-23 18:00,-2.1,,2.6,270,35,997.6,.1,,,6
121,영월,2025-02-23 19:00,-2.9,,2.2,270,34,998.1,0,,,0
121,영월,2025-02-23 20:00,-3.5,,1.7,250,34,998.7,,,,0
121,영월,2025-02-23 21:00,-4.1,,1.5,250,42,999.2,,,,0
121,영월,2025-02-23 22:00,-4.6,,1.6,250,46,999.5,,,,0
121,영월,2025-02-23 23:00,-5.3,,1.5,270,49,999.7,,,,0
121,영월,2025-02-24 00:00,-5.9,,1.1,290,51,999.7,,,,0
121,영월,2025-02-24 01:00,-6.9,,.7,340,53,1000,,,,0
121,영월,2025-02-24 02:00,-7.3,,.6,290,56,1000.3,,,,0
121,영월,2025-02-24 03:00,-8.2,,.4,0,60,1000.3,,,,0
121,영월,2025-02-24 04:00,-9,,.3,0,64,1000.5,,,,0
121,영월,2025-02-24 05:00,-10,,.4,0,68,1000.7,,,,0
121,영월,2025-02-24 06:00,-10.5,,.3,0,71,1000.8,,,,0
121,영월,2025-02-24 07:00,-11.2,,.7,270,76,1001,,,,0
121,영월,2025-02-24 08:00,-10.5,,0,0,74,1001.6,.4,,,0
121,영월,2025-02-24 09:00,-7.1,,.2,0,65,1002.4,1,,,0
121,영월,2025-02-24 10:00,-4.1,,.9,70,46,1002.4,1,,,0
121,영월,2025-02-24 11:00,-2.2,,1.5,340,39,1002,1,,,0
121,영월,2025-02-24 12:00,-1.1,,1.2,320,33,1001.5,1,,,0
121,영월,2025-02-24 13:00,.3,,1.7,290,30,1000.4,1,,,0
121,영월,2025-02-24 14:00,2.5,,2.3,250,24,999.6,1,,,0
121,영월,2025-02-24 15:00,2.6,,2.4,290,22,999.1,1,,,0
121,영월,2025-02-24 16:00,3.3,,2.1,290,21,999.1,1,,,0
121,영월,2025-02-24 17:00,3,,2.8,290,20,999,1,,,0
121,영월,2025-02-24 18:00,1.9,,1.7,270,22,999.6,.8,,,0
121,영월,2025-02-24 19:00,.8,,1.2,270,27,1000.4,0,,,0
121,영월,2025-02-24 20:00,-.3,,1.2,270,33,1000.7,,,,0
121,영월,2025-02-24 21:00,-1.1,,1.3,270,40,1001.1,,,,0
121,영월,2025-02-24 22:00,-1.6,,1.6,290,43,1002.2,,,,0
121,영월,2025-02-24 23:00,-2.9,,.2,0,48,1001.8,,,,0
121,영월,2025-02-25 00:00,-4,,.1,0,53,1001.5,,,,0
121,영월,2025-02-25 01:00,-5.1,,.4,0,60,1001,,,,0
121,영월,2025-02-25 02:00,-6.1,,.6,270,65,1001,,,,0
121,영월,2025-02-25 03:00,-6.8,,0,0,67,1001.2,,,,0
121,영월,2025-02-25 04:00,-7.7,,.2,0,74,1001.2,,,,0
121,영월,2025-02-25 05:00,-8.2,,.2,0,75,1001.1,,,,10
121,영월,2025-02-25 06:00,-8.9,,.7,270,77,1001,,,,0
121,영월,2025-02-25 07:00,-9.9,,0,0,81,1000.3,,,,0
121,영월,2025-02-25 08:00,-8.8,,.1,0,80,1000.2,.4,,,0
121,영월,2025-02-25 09:00,-6,,.5,90,66,1001.3,1,,,0
121,영월,2025-02-25 10:00,-1.8,,1,110,53,1000.1,1,,,0
121,영월,2025-02-25 11:00,1.7,,.6,360,49,999.1,1,,,0
121,영월,2025-02-25 12:00,2.7,,1.2,250,42,997.4,1,,,0
121,영월,2025-02-25 13:00,4.3,,2.5,250,37,995.5,1,,,0
121,영월,2025-02-25 14:00,5,,3.3,250,29,994.7,1,,,1
121,영월,2025-02-25 15:00,6.1,,2.2,250,31,994.2,1,,,7
121,영월,2025-02-25 16:00,5.8,,2.9,250,31,993.7,1,,,0
121,영월,2025-02-25 17:00,5.6,,3,250,32,993.4,1,,,5
121,영월,2025-02-25 18:00,4,,2.5,270,44,993.6,.6,,,5
121,영월,2025-02-25 19:00,3.4,,3,270,50,994.2,0,,,0
121,영월,2025-02-25 20:00,3.3,,2.1,250,52,994.6,,,,9
121,영월,2025-02-25 21:00,3.1,,1.3,270,55,994.3,,,,9
121,영월,2025-02-25 22:00,3.1,,1.8,270,57,994.3,,,,9
121,영월,2025-02-25 23:00,3.1,,2.7,250,61,993.9,,,,9
121,영월,2025-02-26 00:00,3.1,,2.5,250,63,993.9,,,,9
121,영월,2025-02-26 01:00,2.8,,1.7,270,68,993.5,,,,9
121,영월,2025-02-26 02:00,3.2,,2.7,250,65,993.6,,,,9
121,영월,2025-02-26 03:00,3.1,0,2,270,66,993.4,,,,8
121,영월,2025-02-26 04:00,3,,2,250,65,993.5,,,,8
121,영월,2025-02-26 05:00,2.7,,1.7,250,64,993.6,,,,8
121,영월,2025-02-26 06:00,2.8,,2.4,250,64,993.6,,,,0
121,영월,2025-02-26 07:00,2.4,,1.8,250,66,993.9,,,,0
121,영월,2025-02-26 08:00,2.6,,1.3,250,67,994.5,0,,,0
121,영월,2025-02-26 09:00,3.4,,1.2,250,60,995.1,1,,,0
121,영월,2025-02-26 10:00,5.1,,1.5,270,52,995,1,,,0
121,영월,2025-02-26 11:00,5.8,,1.5,270,45,994.6,1,,,0
121,영월,2025-02-26 12:00,7.1,,2.7,230,38,994.2,1,,,0
121,영월,2025-02-26 13:00,7.6,,3.2,290,21,993.4,1,,,0
121,영월,2025-02-26 14:00,8.2,,3.5,270,23,992.7,1,,,0
121,영월,2025-02-26 15:00,8.6,,2.2,250,22,992.3,1,,,0
121,영월,2025-02-26 16:00,7.7,,5.6,250,13,992.3,1,,,0
121,영월,2025-02-26 17:00,7.3,,3.3,250,13,992.4,1,,,0
121,영월,2025-02-26 18:00,6.2,,3.8,290,17,992.7,.8,,,0
121,영월,2025-02-26 19:00,5.1,,1.7,270,18,993.4,0,,,0
121,영월,2025-02-26 20:00,4.2,,1.9,250,18,993.8,,,,0
121,영월,2025-02-26 21:00,3,,1.1,270,19,994.3,,,,0
121,영월,2025-02-26 22:00,2.2,,1.1,320,20,994.8,,,,0
121,영월,2025-02-26 23:00,0,,.1,0,28,995.4,,,,0
121,영월,2025-02-27 00:00,-1.5,,.8,290,34,995.5,,,,0
121,영월,2025-02-27 01:00,-2.9,,.6,230,44,995.8,,,,0
121,영월,2025-02-27 02:00,-3.7,,.1,0,47,995.8,,,,0
121,영월,2025-02-27 03:00,-4.7,,.2,0,52,995.4,,,,0
121,영월,2025-02-27 04:00,-5.1,,.5,360,61,995.1,,,,0
121,영월,2025-02-27 05:00,-6,,.5,270,60,995.4,,,,0
121,영월,2025-02-27 06:00,-6.6,,.3,0,62,995.7,,,,0
121,영월,2025-02-27 07:00,-7.1,,.1,0,64,996.3,,,,0
121,영월,2025-02-27 08:00,-5.9,,.1,0,67,996.8,.4,,,0
121,영월,2025-02-27 09:00,-2.8,,.6,70,56,997.7,1,,,0
121,영월,2025-02-27 10:00,1.3,,1.2,90,34,997.1,1,,,0
121,영월,2025-02-27 11:00,4.8,,.6,50,25,996.1,1,,,0
121,영월,2025-02-27 12:00,7.1,,.9,230,16,995.3,1,,,0
121,영월,2025-02-27 13:00,9.9,,.9,140,11,993.9,1,,,0
121,영월,2025-02-27 14:00,11.5,,2.1,290,9,992.6,1,,,0
121,영월,2025-02-27 15:00,11.9,,2.1,290,9,991.8,1,,,0
121,영월,2025-02-27 16:00,11.9,,2.3,230,9,990.8,1,,,0
121,영월,2025-02-27 17:00,11.6,,2.1,250,10,990.4,1,,,0
121,영월,2025-02-27 18:00,10.4,,1.2,290,12,990.3,.8,,,7
121,영월,2025-02-27 19:00,7.5,,.2,0,20,990.5,0,,,6
121,영월,2025-02-27 20:00,5.1,,0,0,26,990.6,,,,0
121,영월,2025-02-27 21:00,2.2,,.4,0,34,991,,,,3
121,영월,2025-02-27 22:00,1.4,,.1,0,39,991.4,,,,6
121,영월,2025-02-27 23:00,.3,,0,0,43,991.2,,,,6
121,영월,2025-02-28 00:00,-.6,,.1,0,49,991.5,,,,6
121,영월,2025-02-28 01:00,-1.4,,1.3,160,57,992.1,,,,7
121,영월,2025-02-28 02:00,-1.2,,1,320,56,992.1,,,,8
121,영월,2025-02-28 03:00,-1.2,,.1,0,56,991.6,,,,8
121,영월,2025-02-28 04:00,-1.3,,0,0,55,991.4,,,,0
121,영월,2025-02-28 05:00,-2.2,,.3,0,59,991.2,,,,0
121,영월,2025-02-28 06:00,-2.5,,.3,0,61,991.2,,,,0
121,영월,2025-02-28 07:00,-3.2,,.5,270,64,991.2,0,,,0
121,영월,2025-02-28 08:00,-2.3,,.1,0,65,991.7,.4,,,0
121,영월,2025-02-28 09:00,1.4,,.6,90,53,992.2,1,,,0
121,영월,2025-02-28 10:00,5.4,,1.1,140,39,992.2,1,,,0
121,영월,2025-02-28 11:00,10.4,,.9,90,27,992.4,1,,,0
121,영월,2025-02-28 12:00,11.6,,1.3,290,27,992.3,1,,,0
121,영월,2025-02-28 13:00,11.8,,1.9,250,29,991.8,1,,,0
121,영월,2025-02-28 14:00,11.8,,2.7,270,33,991.1,1,,,0
121,영월,2025-02-28 15:00,12.9,,2.9,230,35,990.8,1,,,0
121,영월,2025-02-28 16:00,12.7,,2.2,290,36,990.9,1,,,0
121,영월,2025-02-28 17:00,12.7,,1.4,250,37,990.7,1,,,0
121,영월,2025-02-28 18:00,11.3,,1.8,250,41,990.8,.8,,,0
121,영월,2025-02-28 19:00,9,,.1,0,48,991.8,0,,,0
121,영월,2025-02-28 20:00,5.9,,.2,0,60,992.1,,,,0
121,영월,2025-02-28 21:00,4.6,,.3,0,65,992.3,,,,0
121,영월,2025-02-28 22:00,3,,.1,0,72,992.7,,,,0
121,영월,2025-02-28 23:00,1.7,,.2,0,78,993.3,,,,0
121,영월,2025-03-01 00:00,.6,,0,0,82,993.3,,,,0
