瘤痢,瘤痢疙,老矫,扁柯(∑C),碍荐樊(mm),浅加(m/s),浅氢(16规困),嚼档(%),泅瘤扁拘(hPa),老炼(hr),老荤(MJ/m2),利汲(cm),傈款樊(10盒困)
192,柳林,2025-01-01 01:00,-4.9,,0,0,65,1019.6,,,,0
192,柳林,2025-01-01 02:00,-5.5,,0,0,67,1019.7,,,,0
192,柳林,2025-01-01 03:00,-6.2,,0,0,70,1020,,,,0
192,柳林,2025-01-01 04:00,-6.6,,0,0,74,1019.9,,,,0
192,柳林,2025-01-01 05:00,-7,,0,0,77,1019.8,,,,0
192,柳林,2025-01-01 06:00,-7.3,,0,0,79,1020.1,,,,0
192,柳林,2025-01-01 07:00,-7.5,,0,0,80,1020.7,,,,0
192,柳林,2025-01-01 08:00,-7.3,,0,0,83,1020.9,0,.01,,0
192,柳林,2025-01-01 09:00,-3.6,,0,0,75,1021,.8,.53,,0
192,柳林,2025-01-01 10:00,.6,,0,0,60,1021,1,1.24,,0
192,柳林,2025-01-01 11:00,4.1,,.3,0,46,1020.9,1,1.56,,0
192,柳林,2025-01-01 12:00,6.5,,.2,0,38,1020,1,1.93,,0
192,柳林,2025-01-01 13:00,8.5,,.6,290,29,1019,1,2.03,,0
192,柳林,2025-01-01 14:00,8.7,,1.4,200,25,1018.2,1,1.92,,0
192,柳林,2025-01-01 15:00,9.4,,1.1,140,27,1018,1,1.58,,0
192,柳林,2025-01-01 16:00,9.1,,.6,180,30,1017.8,1,1.05,,0
192,柳林,2025-01-01 17:00,7,,.2,0,43,1017.9,.7,.37,,0
192,柳林,2025-01-01 18:00,4,,.1,0,57,1017.9,0,.01,,0
192,柳林,2025-01-01 19:00,2.2,,0,0,65,1018.8,,,,0
192,柳林,2025-01-01 20:00,.5,,0,0,69,1019.3,,,,0
192,柳林,2025-01-01 21:00,-1.3,,0,0,75,1019.5,,,,0
192,柳林,2025-01-01 22:00,-1.9,,0,0,78,1019.7,,,,0
192,柳林,2025-01-01 23:00,-2,,0,0,81,1020,,,,0
192,柳林,2025-01-02 00:00,-2.6,,0,0,86,1020,,,,0
192,柳林,2025-01-02 01:00,-3.2,,0,0,89,1020.2,,,,0
192,柳林,2025-01-02 02:00,-3.5,,0,0,88,1020.5,,,,0
192,柳林,2025-01-02 03:00,-4.1,,0,0,89,1020.8,,,,0
192,柳林,2025-01-02 04:00,-4.5,,0,0,89,1020.6,,,,0
192,柳林,2025-01-02 05:00,-5.1,,0,0,89,1020.5,,,,0
192,柳林,2025-01-02 06:00,-5.5,,0,0,89,1020.5,,,,0
192,柳林,2025-01-02 07:00,-5.7,,0,0,90,1020.9,,,,0
192,柳林,2025-01-02 08:00,-5.6,,0,0,89,1020.9,0,.01,,0
192,柳林,2025-01-02 09:00,-3.1,,0,0,86,1021.5,.7,.39,,0
192,柳林,2025-01-02 10:00,1.4,,0,0,79,1021.9,1,1.01,,0
192,柳林,2025-01-02 11:00,5,,0,0,61,1021.2,1,1.5,,0
192,柳林,2025-01-02 12:00,7.3,,.5,270,47,1020.2,1,1.8,,0
192,柳林,2025-01-02 13:00,8.8,,.6,270,39,1018.9,1,1.91,,0
192,柳林,2025-01-02 14:00,10.2,,.4,0,28,1018.2,1,1.82,,0
192,柳林,2025-01-02 15:00,11,,.9,290,22,1018.1,1,1.52,,0
192,柳林,2025-01-02 16:00,10.5,,.8,230,28,1018.2,1,.98,,0
192,柳林,2025-01-02 17:00,7.5,,0,0,38,1018.5,.7,.33,,0
192,柳林,2025-01-02 18:00,3.8,,.3,0,55,1019.1,0,.02,,0
192,柳林,2025-01-02 19:00,2.2,,0,0,57,1019.5,,,,0
192,柳林,2025-01-02 20:00,.4,,0,0,64,1019.9,,,,6
192,柳林,2025-01-02 21:00,-.2,,0,0,66,1019.8,,,,8
192,柳林,2025-01-02 22:00,-.1,,0,0,64,1020.2,,,,8
192,柳林,2025-01-02 23:00,-.4,,0,0,64,1020.7,,,,8
192,柳林,2025-01-03 00:00,-1.6,,0,0,67,1020.8,,,,6
192,柳林,2025-01-03 01:00,-1.8,,0,0,66,1020.5,,,,6
192,柳林,2025-01-03 02:00,-1,,0,0,63,1020.6,,,,8
192,柳林,2025-01-03 03:00,1.5,,.5,360,36,1020.9,,,,3
192,柳林,2025-01-03 04:00,-.7,,0,0,40,1020.7,,,,6
192,柳林,2025-01-03 05:00,-2.1,,0,0,49,1020.7,,,,7
192,柳林,2025-01-03 06:00,-.9,,.2,0,51,1020.8,,,,0
192,柳林,2025-01-03 07:00,.8,,1.1,360,48,1021.6,,,,0
192,柳林,2025-01-03 08:00,.1,,.5,360,51,1021.9,0,.01,,0
192,柳林,2025-01-03 09:00,1.7,,1.2,360,45,1022.7,.8,.38,,0
192,柳林,2025-01-03 10:00,2.4,,3.1,360,34,1023.7,1,1.07,,0
192,柳林,2025-01-03 11:00,3,,3.5,360,20,1023.6,1,1.65,,1
192,柳林,2025-01-03 12:00,4,,2.8,360,17,1023,1,2.02,,0
192,柳林,2025-01-03 13:00,4.5,,3.1,340,19,1022.2,1,2.09,,0
192,柳林,2025-01-03 14:00,5.3,,2.7,360,18,1021.9,1,2,,0
192,柳林,2025-01-03 15:00,6,,.7,290,18,1021.7,1,1.66,,0
192,柳林,2025-01-03 16:00,5.6,,.6,320,20,1021.5,1,1.13,,0
192,柳林,2025-01-03 17:00,4.6,,.8,320,26,1022.1,.7,.42,,0
192,柳林,2025-01-03 18:00,3,,.8,360,29,1022.3,0,.02,,0
192,柳林,2025-01-03 19:00,.5,,0,0,38,1022.9,,,,0
192,柳林,2025-01-03 20:00,-.9,,.4,0,45,1023,,,,0
192,柳林,2025-01-03 21:00,-2.1,,.1,0,51,1023.1,,,,0
192,柳林,2025-01-03 22:00,-2.5,,0,0,54,1023.1,,,,8
192,柳林,2025-01-03 23:00,-1.9,,0,0,54,1022.9,,,,8
192,柳林,2025-01-04 00:00,-2.3,,0,0,58,1023,,,,8
192,柳林,2025-01-04 01:00,-2.1,,0,0,56,1022.8,,,,8
192,柳林,2025-01-04 02:00,-3.5,,0,0,64,1023.1,,,,0
192,柳林,2025-01-04 03:00,-4.5,,0,0,69,1023.1,,,,0
192,柳林,2025-01-04 04:00,-5,,0,0,72,1022.8,,,,0
192,柳林,2025-01-04 05:00,-5.6,,0,0,75,1022.9,,,,0
192,柳林,2025-01-04 06:00,-6.1,,0,0,78,1023.5,,,,0
192,柳林,2025-01-04 07:00,-6.6,,0,0,80,1023.8,,,,0
192,柳林,2025-01-04 08:00,-6.7,,0,0,82,1023.9,0,.01,,0
192,柳林,2025-01-04 09:00,-3.3,,0,0,76,1024.2,.8,.47,,0
192,柳林,2025-01-04 10:00,1.1,,0,0,61,1024.6,1,1.15,,0
192,柳林,2025-01-04 11:00,3.7,,.5,250,42,1024.2,1,1.61,,0
192,柳林,2025-01-04 12:00,5,,.8,250,36,1023.6,1,1.94,,0
192,柳林,2025-01-04 13:00,6.4,,.6,200,34,1022.8,1,2.04,,0
192,柳林,2025-01-04 14:00,7,,1,250,32,1022.5,1,1.93,,0
192,柳林,2025-01-04 15:00,7.5,,.5,180,33,1022.3,1,1.6,,0
192,柳林,2025-01-04 16:00,7.5,,.6,230,34,1022.2,1,1.08,,0
192,柳林,2025-01-04 17:00,6.1,,.7,230,38,1022.4,.7,.41,,0
192,柳林,2025-01-04 18:00,2.5,,0,0,53,1022.9,0,.01,,0
192,柳林,2025-01-04 19:00,.6,,.2,0,58,1023.4,,,,0
192,柳林,2025-01-04 20:00,-1.3,,0,0,66,1023.5,,,,0
192,柳林,2025-01-04 21:00,-2.5,,0,0,68,1023.4,,,,0
192,柳林,2025-01-04 22:00,-3,,0,0,71,1023.1,,,,0
192,柳林,2025-01-04 23:00,-3.8,,0,0,74,1022.8,,,,0
192,柳林,2025-01-05 00:00,-4.3,,0,0,77,1022.9,,,,0
192,柳林,2025-01-05 01:00,-5,,0,0,79,1022,,,,3
192,柳林,2025-01-05 02:00,-4.9,,0,0,80,1022.3,,,,6
192,柳林,2025-01-05 03:00,-4.7,,.1,0,80,1022.2,,,,8
192,柳林,2025-01-05 04:00,-5,,0,0,81,1021.4,,,,6
192,柳林,2025-01-05 05:00,-4.5,,0,0,81,1021.4,,,,10
192,柳林,2025-01-05 06:00,-3.6,,0,0,79,1021.6,,,,10
192,柳林,2025-01-05 07:00,-2.8,,.1,0,76,1022.4,,,,10
192,柳林,2025-01-05 08:00,-2.5,,0,0,75,1022.1,0,0,,10
192,柳林,2025-01-05 09:00,-1.6,,0,0,75,1021.9,0,.12,,10
192,柳林,2025-01-05 10:00,.4,,0,0,72,1021.4,0,.39,,8
192,柳林,2025-01-05 11:00,2.2,,0,0,57,1020.9,0,.78,,8
192,柳林,2025-01-05 12:00,2.7,,0,0,57,1020,0,.47,,10
192,柳林,2025-01-05 13:00,3.3,,.1,0,56,1019,0,.37,,10
192,柳林,2025-01-05 14:00,3.5,,0,0,59,1018.2,0,.25,,10
192,柳林,2025-01-05 15:00,3,0,0,0,74,1017.4,0,.1,,10
192,柳林,2025-01-05 16:00,3.5,,0,0,71,1017.1,0,.15,,10
192,柳林,2025-01-05 17:00,2.8,,0,0,75,1016.9,0,.1,,10
192,柳林,2025-01-05 18:00,2.5,0,0,0,80,1016.9,0,.01,,10
192,柳林,2025-01-05 19:00,2,,0,0,81,1016.9,,,,9
192,柳林,2025-01-05 20:00,1.8,,0,0,83,1016.6,,,,9
192,柳林,2025-01-05 21:00,1.2,0,0,0,86,1016.6,,,,7
192,柳林,2025-01-05 22:00,.6,,0,0,88,1016.3,,,,9
192,柳林,2025-01-05 23:00,-.8,,0,0,88,1015.8,,,,0
192,柳林,2025-01-06 00:00,-1.8,0,0,0,92,1015.2,,,,0
192,柳林,2025-01-06 01:00,-2.3,,0,0,92,1014.8,,,,0
192,柳林,2025-01-06 02:00,-2.9,,0,0,92,1014.5,,,,0
192,柳林,2025-01-06 03:00,-3.3,,0,0,93,1014.3,,,,0
192,柳林,2025-01-06 04:00,-3.3,,0,0,92,1013.7,,,,0
192,柳林,2025-01-06 05:00,-3.4,,0,0,92,1013,,,,0
192,柳林,2025-01-06 06:00,-3.3,,0,0,92,1013,,,,3
192,柳林,2025-01-06 07:00,-3.5,,0,0,92,1012.9,,,,0
192,柳林,2025-01-06 08:00,-2.3,,0,0,92,1013.1,0,.01,,9
192,柳林,2025-01-06 09:00,-1.8,,0,0,91,1013,0,.12,,2
192,柳林,2025-01-06 10:00,1,,0,0,90,1013.2,1,.59,,0
192,柳林,2025-01-06 11:00,3.8,,0,0,81,1012.9,1,1.18,,1
192,柳林,2025-01-06 12:00,6.8,,.1,0,70,1011.5,1,1.52,,2
192,柳林,2025-01-06 13:00,6.6,,.6,270,71,1010.8,.3,.83,,9
192,柳林,2025-01-06 14:00,7.3,,.9,320,60,1010.7,.4,.9,,6
192,柳林,2025-01-06 15:00,7.1,0,2.1,290,42,1010.7,.5,.9,,5
192,柳林,2025-01-06 16:00,6.5,,1.8,340,47,1011.6,.8,.91,,5
192,柳林,2025-01-06 17:00,5.3,,1.2,340,47,1012.2,.6,.34,,0
192,柳林,2025-01-06 18:00,3.7,,1.9,340,47,1013.3,0,.03,,0
192,柳林,2025-01-06 19:00,3,,1.2,340,49,1014,,,,0
192,柳林,2025-01-06 20:00,2.9,,2.7,340,47,1014.3,,,,0
192,柳林,2025-01-06 21:00,2.4,,1.8,320,45,1015,,,,0
192,柳林,2025-01-06 22:00,1.8,,1.1,320,46,1015.4,,,,0
192,柳林,2025-01-06 23:00,.8,,.9,360,42,1015.6,,,,0
192,柳林,2025-01-07 00:00,.8,,1.1,360,44,1015.7,,,,6
192,柳林,2025-01-07 01:00,.5,,.5,360,50,1015.2,,,,9
192,柳林,2025-01-07 02:00,-.3,,0,0,53,1015.1,,,,2
192,柳林,2025-01-07 03:00,-1.6,,0,0,59,1015.2,,,,3
192,柳林,2025-01-07 04:00,-2.6,,.2,0,65,1015.2,,,,6
192,柳林,2025-01-07 05:00,-2.7,,0,0,66,1015.1,,,,8
192,柳林,2025-01-07 06:00,-.3,,1.2,360,48,1015.3,,,,6
192,柳林,2025-01-07 07:00,-.7,,1.2,360,48,1015.9,,,,0
192,柳林,2025-01-07 08:00,-.8,,.9,360,46,1016.5,0,.01,,0
192,柳林,2025-01-07 09:00,-.5,,.2,0,48,1016.6,.8,.38,,0
192,柳林,2025-01-07 10:00,1.2,,.1,0,41,1016.5,1,1.03,,0
192,柳林,2025-01-07 11:00,2.2,,.5,180,39,1016,1,1.56,,0
192,柳林,2025-01-07 12:00,3.2,,.2,0,36,1014.9,.8,1.73,,7
192,柳林,2025-01-07 13:00,4,,.8,250,34,1013.8,.7,1.44,,7
192,柳林,2025-01-07 14:00,4.3,,3.1,250,43,1013.4,.7,1.34,,9
192,柳林,2025-01-07 15:00,3.7,,3.4,250,49,1013.4,1,1.66,,7
192,柳林,2025-01-07 16:00,4.1,,2.4,250,50,1014,1,1.16,,7
192,柳林,2025-01-07 17:00,2.6,,2.3,270,56,1015.1,.7,.42,,6
192,柳林,2025-01-07 18:00,1.3,,.5,320,60,1015.7,0,.03,,0
192,柳林,2025-01-07 19:00,-.7,,.2,0,67,1016,,,,0
192,柳林,2025-01-07 20:00,-2,,0,0,69,1016.1,,,,0
192,柳林,2025-01-07 21:00,-2.8,,0,0,74,1016.2,,,,0
192,柳林,2025-01-07 22:00,-3,,.2,0,75,1016.1,,,,0
192,柳林,2025-01-07 23:00,-2.9,,.1,0,74,1016.7,,,,6
192,柳林,2025-01-08 00:00,-2.4,,0,0,72,1017.4,,,,8
192,柳林,2025-01-08 01:00,-3.7,,0,0,81,1016.8,,,,0
192,柳林,2025-01-08 02:00,-4.6,,0,0,84,1016.9,,,,0
192,柳林,2025-01-08 03:00,-5,,.1,0,86,1016.7,,,,0
192,柳林,2025-01-08 04:00,-4.6,,.1,0,86,1016.8,,,,6
192,柳林,2025-01-08 05:00,-3.8,,0,0,83,1017,,,,8
192,柳林,2025-01-08 06:00,-3.2,0,0,0,84,1017.6,,,,8
192,柳林,2025-01-08 07:00,-3.8,,0,0,89,1018.1,,,.4,0
192,柳林,2025-01-08 08:00,-4.5,,0,0,91,1018.5,0,.01,.4,0
192,柳林,2025-01-08 09:00,-2.7,.1,0,0,88,1018.6,.8,.36,.5,0
192,柳林,2025-01-08 10:00,.6,,.1,0,80,1018.7,1,1.21,.4,0
192,柳林,2025-01-08 11:00,3.4,,.1,0,65,1018,1,1.61,,0
192,柳林,2025-01-08 12:00,5.3,,3.9,250,44,1016.9,1,1.9,,0
192,柳林,2025-01-08 13:00,6.2,,3.4,250,42,1016,1,1.99,,2
192,柳林,2025-01-08 14:00,6.9,,5,250,40,1014.9,1,1.99,,3
192,柳林,2025-01-08 15:00,7.1,,3.3,270,40,1014.5,1,1.84,,8
192,柳林,2025-01-08 16:00,6.3,,2.8,270,45,1014.3,.3,.68,,9
192,柳林,2025-01-08 17:00,6,,2.3,270,45,1014.3,.5,.37,,7
192,柳林,2025-01-08 18:00,5,,2.4,250,52,1014.6,0,.03,,5
192,柳林,2025-01-08 19:00,4.6,,3.3,250,54,1014.8,,,,5
192,柳林,2025-01-08 20:00,2.2,,.8,340,70,1015.7,,,,0
192,柳林,2025-01-08 21:00,1.2,,0,0,66,1016.5,,,,6
192,柳林,2025-01-08 22:00,1.1,,2.7,340,49,1017.1,,,,6
192,柳林,2025-01-08 23:00,.2,,2.2,340,50,1017.6,,,,6
192,柳林,2025-01-09 00:00,-.5,,.8,340,52,1017.3,,,,6
192,柳林,2025-01-09 01:00,-.9,,.1,0,52,1017.2,,,,6
192,柳林,2025-01-09 02:00,-1.4,,.2,0,58,1017.4,,,,6
192,柳林,2025-01-09 03:00,-1.4,,.7,360,54,1017.7,,,,6
192,柳林,2025-01-09 04:00,-1.5,,2.5,340,49,1018.3,,,,8
192,柳林,2025-01-09 05:00,-2.5,,2.9,340,49,1019.2,,,,6
192,柳林,2025-01-09 06:00,-3.5,,3.3,340,50,1020.1,,,,6
192,柳林,2025-01-09 07:00,-5.5,,.2,0,38,1020.7,,,,0
192,柳林,2025-01-09 08:00,-5.6,,.2,0,38,1021,0,.01,,0
192,柳林,2025-01-09 09:00,-4.5,,0,0,36,1021.5,.8,.4,,0
192,柳林,2025-01-09 10:00,-3.2,,0,0,35,1021.3,1,1,,5
192,柳林,2025-01-09 11:00,-2.9,,.5,70,34,1020.7,.7,1.12,,8
192,柳林,2025-01-09 12:00,-2.5,,1.5,360,38,1020.1,.2,1.06,,8
192,柳林,2025-01-09 13:00,-2.1,,.8,50,41,1019,.6,1.47,,8
192,柳林,2025-01-09 14:00,-.2,,1.8,290,34,1018.1,1,1.9,,5
192,柳林,2025-01-09 15:00,-1.8,,2.2,340,36,1018.6,.7,1.15,,8
192,柳林,2025-01-09 16:00,-2.2,,1.7,360,36,1019,.9,1.02,,5
192,柳林,2025-01-09 17:00,-4,,2.1,340,38,1019.8,.5,.36,,2
192,柳林,2025-01-09 18:00,-5,,1.7,340,42,1020.2,0,.03,,3
192,柳林,2025-01-09 19:00,-5.1,,4.3,340,43,1020.9,,,,6
192,柳林,2025-01-09 20:00,-5.6,,3.4,340,38,1021.7,,,,0
192,柳林,2025-01-09 21:00,-7.1,,.7,20,39,1023.1,,,,0
192,柳林,2025-01-09 22:00,-7.6,,1.5,360,39,1023.8,,,,0
192,柳林,2025-01-09 23:00,-8.2,,1.1,20,38,1024.5,,,,0
192,柳林,2025-01-10 00:00,-8.7,,.6,20,40,1025.1,,,,0
192,柳林,2025-01-10 01:00,-9.2,,.2,0,43,1025.9,,,,0
192,柳林,2025-01-10 02:00,-10.4,,0,0,49,1026.5,,,,0
192,柳林,2025-01-10 03:00,-11.3,,0,0,55,1026.9,,,,0
192,柳林,2025-01-10 04:00,-11.3,,0,0,57,1026.9,,,,0
192,柳林,2025-01-10 05:00,-12.2,,0,0,61,1026.7,,,,0
192,柳林,2025-01-10 06:00,-11.9,,0,0,63,1027.1,,,,0
192,柳林,2025-01-10 07:00,-12.1,,0,0,63,1027.6,,,,0
192,柳林,2025-01-10 08:00,-12.4,,0,0,65,1028,0,.01,,0
192,柳林,2025-01-10 09:00,-9.5,,.2,0,55,1028.4,.8,.41,,0
192,柳林,2025-01-10 10:00,-6.7,,.2,0,46,1029.2,1,1.09,,0
192,柳林,2025-01-10 11:00,-4.6,,.5,70,41,1028.7,1,1.65,,0
192,柳林,2025-01-10 12:00,-2.7,,.3,0,39,1027.8,1,2,,0
192,柳林,2025-01-10 13:00,-.1,,.5,250,32,1026.4,1,2.15,,0
192,柳林,2025-01-10 14:00,1.1,,2.1,360,29,1025.8,1,2.06,,0
192,柳林,2025-01-10 15:00,1.4,,2.1,360,29,1025.7,1,1.74,,0
192,柳林,2025-01-10 16:00,1.2,,2,360,31,1026.1,1,1.2,,0
192,柳林,2025-01-10 17:00,.1,,2.3,340,32,1026.6,.8,.51,,0
192,柳林,2025-01-10 18:00,-1,,.7,360,38,1027.1,0,.03,,0
192,柳林,2025-01-10 19:00,-2.2,,0,0,43,1027.1,,,,0
192,柳林,2025-01-10 20:00,-3,,0,0,46,1027.3,,,,0
192,柳林,2025-01-10 21:00,-4.8,,0,0,53,1027.9,,,,0
192,柳林,2025-01-10 22:00,-5.4,,0,0,58,1028,,,,3
192,柳林,2025-01-10 23:00,-5.9,,0,0,61,1028.1,,,,6
192,柳林,2025-01-11 00:00,-6.6,,0,0,64,1027.8,,,,0
192,柳林,2025-01-11 01:00,-7.5,,0,0,70,1027.4,,,,0
192,柳林,2025-01-11 02:00,-8,,0,0,74,1027.3,,,,0
192,柳林,2025-01-11 03:00,-8.2,,.2,0,76,1027.1,,,,0
192,柳林,2025-01-11 04:00,-8.7,,.1,0,79,1026.7,,,,0
192,柳林,2025-01-11 05:00,-9.5,,0,0,80,1026.8,,,,0
192,柳林,2025-01-11 06:00,-10.2,,0,0,81,1026.9,,,,0
192,柳林,2025-01-11 07:00,-10,,0,0,83,1027,,,,0
192,柳林,2025-01-11 08:00,-10.3,,0,0,83,1027.4,0,.01,,0
192,柳林,2025-01-11 09:00,-7,,.1,0,75,1027.9,.8,.62,,0
192,柳林,2025-01-11 10:00,-3.7,,0,0,64,1028.1,1,1.49,,0
192,柳林,2025-01-11 11:00,-1,,.2,0,53,1027.4,1,1.8,,0
192,柳林,2025-01-11 12:00,1.2,,.2,0,48,1025.9,1,1.96,,0
192,柳林,2025-01-11 13:00,2.5,,.3,0,43,1024.6,1,2.09,,0
192,柳林,2025-01-11 14:00,3.3,,.9,320,39,1023.3,1,1.94,,5
192,柳林,2025-01-11 15:00,3.7,,.3,0,40,1023.1,1,1.26,,7
192,柳林,2025-01-11 16:00,3.4,,.4,0,40,1023,.2,.63,,9
192,柳林,2025-01-11 17:00,2.1,,1.2,360,42,1023.1,0,.27,,9
192,柳林,2025-01-11 18:00,1.2,,.7,360,46,1023,0,.03,,9
192,柳林,2025-01-11 19:00,-.8,,0,0,53,1022.7,,,,8
192,柳林,2025-01-11 20:00,-1.5,,0,0,58,1022.8,,,,8
192,柳林,2025-01-11 21:00,-2.6,,0,0,63,1023,,,,0
192,柳林,2025-01-11 22:00,-3.6,,0,0,67,1023.1,,,,0
192,柳林,2025-01-11 23:00,-4.8,,0,0,70,1022.8,,,,0
192,柳林,2025-01-12 00:00,-5.7,,0,0,74,1022.5,,,,0
192,柳林,2025-01-12 01:00,-6.4,,0,0,76,1021.6,,,,0
192,柳林,2025-01-12 02:00,-7.2,,0,0,80,1021.6,,,,0
192,柳林,2025-01-12 03:00,-7.6,,0,0,83,1021.4,,,,0
192,柳林,2025-01-12 04:00,-7.9,,0,0,84,1021.1,,,,0
192,柳林,2025-01-12 05:00,-8.6,,0,0,86,1020.9,,,,0
192,柳林,2025-01-12 06:00,-8.7,,0,0,88,1020.7,,,,0
192,柳林,2025-01-12 07:00,-9,,0,0,86,1021.1,,,,0
192,柳林,2025-01-12 08:00,-9.4,,0,0,86,1021.1,0,.01,,0
192,柳林,2025-01-12 09:00,-5.7,,0,0,84,1021.3,.8,.51,,0
192,柳林,2025-01-12 10:00,-1.1,,0,0,72,1021.4,1,1.09,,0
192,柳林,2025-01-12 11:00,1.4,,.5,250,45,1020.9,1,1.87,,1
192,柳林,2025-01-12 12:00,2.7,,1.5,270,41,1019.9,1,1.92,,4
192,柳林,2025-01-12 13:00,4,,3.2,340,37,1018.8,1,2.02,,4
192,柳林,2025-01-12 14:00,4.3,,3.5,320,37,1018.3,1,1.89,,3
192,柳林,2025-01-12 15:00,4.5,,3,340,37,1018.3,1,1.76,,2
192,柳林,2025-01-12 16:00,4.3,,1.5,320,38,1018.6,1,1.18,,1
192,柳林,2025-01-12 17:00,3.5,,2.1,340,35,1019.1,.9,.48,,0
192,柳林,2025-01-12 18:00,2.4,,.7,360,38,1019.8,0,.03,,0
192,柳林,2025-01-12 19:00,-1,,.2,0,49,1020.5,,,,0
192,柳林,2025-01-12 20:00,-2.7,,0,0,55,1021.3,,,,0
192,柳林,2025-01-12 21:00,-3.5,,0,0,60,1021.4,,,,0
192,柳林,2025-01-12 22:00,-4.4,,0,0,64,1022,,,,0
192,柳林,2025-01-12 23:00,-4.6,,.1,0,69,1022.4,,,,0
192,柳林,2025-01-13 00:00,-6.1,,.1,0,74,1022.6,,,,0
192,柳林,2025-01-13 01:00,-6,,0,0,75,1022.8,,,,0
192,柳林,2025-01-13 02:00,-6.5,,0,0,77,1022.3,,,,0
192,柳林,2025-01-13 03:00,-7.5,,0,0,79,1022.3,,,,0
192,柳林,2025-01-13 04:00,-7.8,,0,0,80,1022.6,,,,0
192,柳林,2025-01-13 05:00,-7.8,,0,0,83,1022.8,,,,0
192,柳林,2025-01-13 06:00,-8.2,,0,0,85,1023.1,,,,0
192,柳林,2025-01-13 07:00,-8.2,,.1,0,85,1023.6,,,,0
192,柳林,2025-01-13 08:00,-8.5,,0,0,86,1023.8,0,.01,,0
192,柳林,2025-01-13 09:00,-5.5,,0,0,81,1024.6,.8,.52,,0
192,柳林,2025-01-13 10:00,-1.4,,0,0,74,1025.1,1,1.25,,0
192,柳林,2025-01-13 11:00,2,,.3,0,56,1025,1,1.89,,0
192,柳林,2025-01-13 12:00,4.1,,.9,230,46,1024.2,1,1.95,,0
192,柳林,2025-01-13 13:00,5.6,,.6,250,41,1022.8,1,2.11,,0
192,柳林,2025-01-13 14:00,6.1,,.5,250,39,1021.9,1,2,,0
192,柳林,2025-01-13 15:00,6.7,,.6,270,38,1021.7,1,1.64,,0
192,柳林,2025-01-13 16:00,7,,.6,250,37,1021.3,1,1.1,,0
192,柳林,2025-01-13 17:00,5.8,,.7,340,37,1021.8,.9,.48,,0
192,柳林,2025-01-13 18:00,2,,0,0,51,1022,0,.03,,0
192,柳林,2025-01-13 19:00,-.7,,0,0,58,1022.1,,,,0
192,柳林,2025-01-13 20:00,-2.7,,.1,0,64,1022.6,,,,0
192,柳林,2025-01-13 21:00,-3,,0,0,66,1023,,,,0
192,柳林,2025-01-13 22:00,-3.6,,0,0,69,1023.5,,,,0
192,柳林,2025-01-13 23:00,-4.3,,0,0,72,1023.9,,,,0
192,柳林,2025-01-14 00:00,-4.8,,0,0,75,1023.5,,,,0
192,柳林,2025-01-14 01:00,-5.5,,0,0,77,1023.7,,,,0
192,柳林,2025-01-14 02:00,-4.5,,0,0,77,1023.8,,,,10
192,柳林,2025-01-14 03:00,-3.5,,0,0,75,1023.8,,,,10
192,柳林,2025-01-14 04:00,-2.8,,0,0,73,1022.9,,,,9
192,柳林,2025-01-14 05:00,-2.8,,0,0,73,1022.5,,,,10
192,柳林,2025-01-14 06:00,-3.5,,0,0,75,1022.4,,,,9
192,柳林,2025-01-14 07:00,-3.8,,0,0,77,1022.3,,,,0
192,柳林,2025-01-14 08:00,-4.5,,0,0,81,1022.4,0,.01,,0
192,柳林,2025-01-14 09:00,-1.8,,0,0,74,1022.7,.7,.36,,5
192,柳林,2025-01-14 10:00,1.1,,0,0,67,1022.7,1,.88,,1
192,柳林,2025-01-14 11:00,3.8,,.1,0,64,1022.1,1,1.38,,1
192,柳林,2025-01-14 12:00,7.9,,.2,0,54,1021.2,1,1.75,,0
192,柳林,2025-01-14 13:00,10.8,,.8,70,42,1019.7,1,1.86,,0
192,柳林,2025-01-14 14:00,12.1,,.6,250,35,1019,1,1.85,,0
192,柳林,2025-01-14 15:00,11.6,,3.8,250,29,1018.8,1,1.56,,0
192,柳林,2025-01-14 16:00,11,,3.8,250,32,1018.7,1,1.06,,0
192,柳林,2025-01-14 17:00,10,,2.9,250,34,1018.9,.9,.45,,0
192,柳林,2025-01-14 18:00,8.7,,1,270,39,1019.3,0,.05,,0
192,柳林,2025-01-14 19:00,7.8,,.8,270,42,1019.9,,,,6
192,柳林,2025-01-14 20:00,2.8,,0,0,54,1020.1,,,,0
192,柳林,2025-01-14 21:00,1.2,,0,0,63,1020.3,,,,0
192,柳林,2025-01-14 22:00,.1,,.1,0,66,1021.1,,,,3
192,柳林,2025-01-14 23:00,.3,,.3,0,68,1021.6,,,,0
192,柳林,2025-01-15 00:00,-1.2,,0,0,71,1021.6,,,,0
192,柳林,2025-01-15 01:00,2.5,,1,360,54,1021.2,,,,0
192,柳林,2025-01-15 02:00,3.3,,1.2,340,49,1021.6,,,,8
192,柳林,2025-01-15 03:00,2.4,,.6,360,52,1021.7,,,,0
192,柳林,2025-01-15 04:00,1.2,,.5,20,55,1021.5,,,,0
192,柳林,2025-01-15 05:00,1.3,,1.3,340,53,1021.6,,,,0
192,柳林,2025-01-15 06:00,1.1,,1.2,360,46,1022.3,,,,0
192,柳林,2025-01-15 07:00,.4,,1.1,360,41,1023.1,,,,0
192,柳林,2025-01-15 08:00,-1,,.4,0,42,1024,0,.01,,0
192,柳林,2025-01-15 09:00,.5,,1.3,360,33,1024.8,.8,.41,,0
192,柳林,2025-01-15 10:00,1.3,,1.9,360,29,1025.3,1,1.1,,0
192,柳林,2025-01-15 11:00,1.7,,3.2,360,27,1025.2,1,1.67,,0
192,柳林,2025-01-15 12:00,2.5,,2.9,20,27,1024,1,2.04,,0
192,柳林,2025-01-15 13:00,3.7,,1.7,340,26,1022.8,1,2.18,,0
192,柳林,2025-01-15 14:00,4.3,,1.7,340,27,1022.1,1,2.12,,0
192,柳林,2025-01-15 15:00,3.7,,3.3,360,26,1022.2,1,1.77,,0
192,柳林,2025-01-15 16:00,3.2,,3,360,27,1022.6,1,1.24,,0
192,柳林,2025-01-15 17:00,2,,.2,0,30,1022.9,.9,.57,,0
192,柳林,2025-01-15 18:00,.8,,.9,360,34,1023.4,0,.04,,0
192,柳林,2025-01-15 19:00,.1,,1,340,37,1024.1,,,,0
192,柳林,2025-01-15 20:00,-.6,,.5,20,39,1024.5,,,,0
192,柳林,2025-01-15 21:00,-1.2,,.4,0,40,1024.6,,,,0
192,柳林,2025-01-15 22:00,-3.3,,0,0,48,1024.7,,,,0
192,柳林,2025-01-15 23:00,-3.9,,0,0,53,1025.1,,,,0
192,柳林,2025-01-16 00:00,-4.6,,0,0,56,1024.8,,,,0
192,柳林,2025-01-16 01:00,-5.2,,0,0,64,1024.5,,,,0
192,柳林,2025-01-16 02:00,-6,,0,0,68,1024.4,,,,0
192,柳林,2025-01-16 03:00,-6.1,,0,0,69,1024.3,,,,0
192,柳林,2025-01-16 04:00,-5.7,,.1,0,73,1023.9,,,,0
192,柳林,2025-01-16 05:00,-7,,0,0,78,1023.6,,,,0
192,柳林,2025-01-16 06:00,-7.4,,0,0,81,1023.4,,,,0
192,柳林,2025-01-16 07:00,-7.7,,0,0,83,1023.3,,,,0
192,柳林,2025-01-16 08:00,-7.7,,0,0,82,1023.3,0,.01,,0
192,柳林,2025-01-16 09:00,-4.7,,0,0,75,1023.5,.8,.61,,0
192,柳林,2025-01-16 10:00,-.7,,.1,0,59,1023.6,1,1.33,,0
192,柳林,2025-01-16 11:00,1.9,,.3,0,49,1022.8,1,1.68,,0
192,柳林,2025-01-16 12:00,3.7,,.6,290,42,1021.4,1,2.01,,0
192,柳林,2025-01-16 13:00,4.8,,.6,250,38,1020,1,2.17,,0
192,柳林,2025-01-16 14:00,5.6,,.1,0,39,1019.1,1,2.06,,0
192,柳林,2025-01-16 15:00,6.8,,.7,270,36,1018.6,1,1.73,,0
192,柳林,2025-01-16 16:00,7.1,,.2,0,36,1018.7,1,1.22,,0
192,柳林,2025-01-16 17:00,5.8,,.3,0,41,1019.1,.9,.56,,0
192,柳林,2025-01-16 18:00,2.4,,0,0,53,1019.7,0,.03,,0
192,柳林,2025-01-16 19:00,0,,0,0,61,1020.2,,,,0
192,柳林,2025-01-16 20:00,-1.8,,0,0,67,1020.7,,,,0
192,柳林,2025-01-16 21:00,-2.6,,0,0,70,1021.2,,,,0
192,柳林,2025-01-16 22:00,-3.3,,0,0,72,1021.4,,,,0
192,柳林,2025-01-16 23:00,-4.2,,0,0,74,1021.7,,,,0
192,柳林,2025-01-17 00:00,-4.7,,0,0,78,1022.1,,,,0
192,柳林,2025-01-17 01:00,-5,,0,0,80,1022.1,,,,0
192,柳林,2025-01-17 02:00,-5.2,,0,0,85,1022.3,,,,0
192,柳林,2025-01-17 03:00,-5.9,,0,0,85,1022.3,,,,0
192,柳林,2025-01-17 04:00,-6.2,,0,0,86,1022.4,,,,0
192,柳林,2025-01-17 05:00,-6.6,,0,0,87,1022.6,,,,0
192,柳林,2025-01-17 06:00,-6.9,,0,0,87,1022.9,,,,0
192,柳林,2025-01-17 07:00,-7,,0,0,89,1023.5,,,,0
192,柳林,2025-01-17 08:00,-7.1,,0,0,87,1024,0,.01,,0
192,柳林,2025-01-17 09:00,-4.5,,0,0,83,1024.3,.8,.49,,0
192,柳林,2025-01-17 10:00,-.2,,0,0,75,1024.5,1,1.05,,0
192,柳林,2025-01-17 11:00,2.8,,.1,0,63,1024.2,1,1.81,,0
192,柳林,2025-01-17 12:00,5.4,,.3,0,48,1023.4,1,1.93,,0
192,柳林,2025-01-17 13:00,6,,.5,290,44,1022.2,1,2.11,,0
192,柳林,2025-01-17 14:00,7.4,,.7,290,39,1021.4,1,2.05,,0
192,柳林,2025-01-17 15:00,7.9,,.5,320,36,1021,1,1.72,,0
192,柳林,2025-01-17 16:00,8,,.3,0,36,1021.2,1,1.17,,0
192,柳林,2025-01-17 17:00,7,,.2,0,39,1021.4,1,.52,,0
192,柳林,2025-01-17 18:00,4.7,,.7,230,46,1021.9,0,.04,,0
192,柳林,2025-01-17 19:00,1.6,,0,0,58,1022.6,,,,0
192,柳林,2025-01-17 20:00,-.7,,0,0,67,1023,,,,0
192,柳林,2025-01-17 21:00,-2,,0,0,72,1023,,,,0
192,柳林,2025-01-17 22:00,-2.5,,0,0,75,1023.3,,,,0
192,柳林,2025-01-17 23:00,-3.3,,0,0,76,1023.3,,,,0
192,柳林,2025-01-18 00:00,-3.8,,0,0,79,1023.5,,,,0
192,柳林,2025-01-18 01:00,-4.5,,0,0,80,1023,,,,0
192,柳林,2025-01-18 02:00,-5.2,,0,0,82,1023.1,,,,0
192,柳林,2025-01-18 03:00,-5.7,,0,0,84,1023.1,,,,0
192,柳林,2025-01-18 04:00,-5.7,,0,0,85,1022.5,,,,0
192,柳林,2025-01-18 05:00,-6.5,,0,0,86,1022.3,,,,0
192,柳林,2025-01-18 06:00,-7.3,,0,0,87,1022.7,,,,0
192,柳林,2025-01-18 07:00,-6.9,,0,0,86,1023,,,,0
192,柳林,2025-01-18 08:00,-7.2,,0,0,88,1023.2,0,.01,,0
192,柳林,2025-01-18 09:00,-4.1,,0,0,81,1023.4,.8,.57,,0
192,柳林,2025-01-18 10:00,-.3,,0,0,72,1023.4,1,1.18,,0
192,柳林,2025-01-18 11:00,2.5,,.3,0,56,1022.6,1,1.82,,3
192,柳林,2025-01-18 12:00,5.8,,.2,0,44,1021.7,1,1.96,,5
192,柳林,2025-01-18 13:00,8.1,,.4,0,36,1020.5,1,2.06,,7
192,柳林,2025-01-18 14:00,9.3,,.4,0,31,1019.3,1,1.84,,5
192,柳林,2025-01-18 15:00,9.7,,1,180,31,1018.6,1,1.33,,6
192,柳林,2025-01-18 16:00,9.1,,.3,0,34,1018,.7,.72,,9
192,柳林,2025-01-18 17:00,8.1,,.5,230,35,1018.1,0,.36,,7
192,柳林,2025-01-18 18:00,6.9,,.2,0,41,1018.5,0,.03,,9
192,柳林,2025-01-18 19:00,4,,0,0,53,1018.7,,,,8
192,柳林,2025-01-18 20:00,3,,0,0,65,1018.7,,,,9
192,柳林,2025-01-18 21:00,1.4,,0,0,64,1018.2,,,,8
192,柳林,2025-01-18 22:00,-.1,,0,0,73,1018.2,,,,6
192,柳林,2025-01-18 23:00,-1.4,,0,0,76,1017.9,,,,0
192,柳林,2025-01-19 00:00,-2.5,,0,0,80,1017.6,,,,0
192,柳林,2025-01-19 01:00,-3.5,,0,0,82,1017.5,,,,0
192,柳林,2025-01-19 02:00,-4.1,,0,0,84,1016.9,,,,0
192,柳林,2025-01-19 03:00,-5,,0,0,85,1016.7,,,,0
192,柳林,2025-01-19 04:00,-5.6,,0,0,86,1016.4,,,,0
192,柳林,2025-01-19 05:00,-6.2,,0,0,87,1016.3,,,,0
192,柳林,2025-01-19 06:00,-6.9,,0,0,86,1016.4,,,,0
192,柳林,2025-01-19 07:00,-7.4,,0,0,86,1016.4,,,,0
192,柳林,2025-01-19 08:00,-7.6,,0,0,87,1016.4,0,.01,,0
192,柳林,2025-01-19 09:00,-3.8,,0,0,78,1016.2,.8,.66,,5
192,柳林,2025-01-19 10:00,.3,,0,0,64,1016.1,1,1.26,,4
192,柳林,2025-01-19 11:00,3.4,,.2,0,52,1015.7,1,1.81,,4
192,柳林,2025-01-19 12:00,6.5,,.4,0,40,1014.3,1,2.03,,4
192,柳林,2025-01-19 13:00,8.7,,.2,0,31,1012.9,1,2.03,,6
192,柳林,2025-01-19 14:00,9.9,,.2,0,20,1012,1,1.67,,7
192,柳林,2025-01-19 15:00,10.8,,.1,0,20,1011.5,1,1.46,,6
192,柳林,2025-01-19 16:00,11,,.2,0,20,1011.4,1,1.07,,7
192,柳林,2025-01-19 17:00,9.6,,.6,140,24,1011.4,1,.59,,4
192,柳林,2025-01-19 18:00,6.6,,.2,0,38,1011.7,0,.05,,4
192,柳林,2025-01-19 19:00,4.1,,.8,320,57,1012.4,,,,0
192,柳林,2025-01-19 20:00,.9,,0,0,52,1012.7,,,,0
192,柳林,2025-01-19 21:00,-.9,,0,0,59,1013.3,,,,0
192,柳林,2025-01-19 22:00,-1.8,,0,0,64,1013.2,,,,0
192,柳林,2025-01-19 23:00,-2.5,,0,0,68,1013.4,,,,0
192,柳林,2025-01-20 00:00,-3.3,,0,0,71,1013.4,,,,0
192,柳林,2025-01-20 01:00,-3.9,,0,0,74,1013.2,,,,0
192,柳林,2025-01-20 02:00,-4.2,,0,0,77,1013.2,,,,0
192,柳林,2025-01-20 03:00,-5,,0,0,79,1013.3,,,,0
192,柳林,2025-01-20 04:00,-5.3,,0,0,83,1012.8,,,,0
192,柳林,2025-01-20 05:00,-5.6,,0,0,85,1012.7,,,,0
192,柳林,2025-01-20 06:00,-6,,0,0,87,1012.8,,,,0
192,柳林,2025-01-20 07:00,-6.4,,0,0,87,1013.2,,,,0
192,柳林,2025-01-20 08:00,-5.9,,0,0,88,1013.7,0,.01,,0
192,柳林,2025-01-20 09:00,-3.4,,0,0,86,1014.1,.8,.43,,0
192,柳林,2025-01-20 10:00,.5,,0,0,78,1014.1,1,1,,0
192,柳林,2025-01-20 11:00,3.6,,0,0,66,1013.8,1,1.5,,0
192,柳林,2025-01-20 12:00,7,,0,0,55,1012.8,1,1.79,,0
192,柳林,2025-01-20 13:00,8.6,,.9,270,47,1011.9,1,1.94,,0
192,柳林,2025-01-20 14:00,9.7,,.5,320,42,1011.2,1,1.87,,1
192,柳林,2025-01-20 15:00,10.5,,.5,340,40,1010.7,1,1.66,,5
192,柳林,2025-01-20 16:00,10.1,,.3,0,42,1011,1,1.16,,0
192,柳林,2025-01-20 17:00,9.1,,.2,0,43,1011.3,1,.58,,0
192,柳林,2025-01-20 18:00,6.4,,.3,0,59,1012.3,0,.05,,0
192,柳林,2025-01-20 19:00,2.9,,0,0,66,1013.1,,,,0
192,柳林,2025-01-20 20:00,1.5,,.1,0,70,1013.8,,,,0
192,柳林,2025-01-20 21:00,-.3,,0,0,74,1014.3,,,,0
192,柳林,2025-01-20 22:00,-1.3,,0,0,78,1014.9,,,,0
192,柳林,2025-01-20 23:00,-2.1,,0,0,80,1015.4,,,,0
192,柳林,2025-01-21 00:00,-2.6,,0,0,81,1015.6,,,,0
192,柳林,2025-01-21 01:00,-3.3,,0,0,83,1015.8,,,,0
192,柳林,2025-01-21 02:00,-3.8,,0,0,84,1016.3,,,,0
192,柳林,2025-01-21 03:00,-3.9,,0,0,86,1016.7,,,,0
192,柳林,2025-01-21 04:00,-4.6,,0,0,87,1016.7,,,,0
192,柳林,2025-01-21 05:00,-5.1,,0,0,87,1017.1,,,,0
192,柳林,2025-01-21 06:00,-5.6,,0,0,88,1017.4,,,,0
192,柳林,2025-01-21 07:00,-5.7,,0,0,89,1018.2,,,,0
192,柳林,2025-01-21 08:00,-5.9,,0,0,89,1018.6,0,.01,,0
192,柳林,2025-01-21 09:00,-3.1,,0,0,87,1018.9,.8,.43,,0
192,柳林,2025-01-21 10:00,1.3,,0,0,78,1019.6,1,1.05,,0
192,柳林,2025-01-21 11:00,4.4,,.1,0,60,1019.3,1,1.57,,0
192,柳林,2025-01-21 12:00,6.4,,.5,270,51,1018.8,1,1.91,,0
192,柳林,2025-01-21 13:00,8.3,,.5,270,42,1017.9,1,2.05,,0
192,柳林,2025-01-21 14:00,9.6,,.3,0,33,1017.3,1,2.02,,0
192,柳林,2025-01-21 15:00,10.8,,.4,0,29,1016.9,1,1.67,,0
192,柳林,2025-01-21 16:00,11.1,,.5,270,30,1017,1,1.14,,0
192,柳林,2025-01-21 17:00,10,,1.1,230,36,1017.2,1,.49,,0
192,柳林,2025-01-21 18:00,6.3,,.3,0,48,1017.9,0,.05,,0
192,柳林,2025-01-21 19:00,3.2,,0,0,60,1018.7,,,,0
192,柳林,2025-01-21 20:00,.9,,0,0,64,1019.3,,,,0
192,柳林,2025-01-21 21:00,-.5,,0,0,72,1020,,,,0
192,柳林,2025-01-21 22:00,-1.4,,0,0,75,1019.9,,,,0
192,柳林,2025-01-21 23:00,-2.3,,0,0,77,1020.2,,,,0
192,柳林,2025-01-22 00:00,-2.8,,0,0,79,1020.3,,,,0
192,柳林,2025-01-22 01:00,-3.6,,0,0,81,1020.4,,,,0
192,柳林,2025-01-22 02:00,-4,,0,0,81,1020.7,,,,0
192,柳林,2025-01-22 03:00,-4.5,,0,0,82,1020.9,,,,0
192,柳林,2025-01-22 04:00,-5,,0,0,83,1021.2,,,,4
192,柳林,2025-01-22 05:00,-5.4,,0,0,85,1021.4,,,,4
192,柳林,2025-01-22 06:00,-5.5,,0,0,85,1021.6,,,,0
192,柳林,2025-01-22 07:00,-5.8,,0,0,86,1021.9,,,,0
192,柳林,2025-01-22 08:00,-5.7,,0,0,87,1022.2,0,.02,,0
192,柳林,2025-01-22 09:00,-3.3,,0,0,80,1022.8,.9,.43,,4
192,柳林,2025-01-22 10:00,.6,,0,0,74,1023.1,1,1.05,,5
192,柳林,2025-01-22 11:00,4.4,,0,0,56,1022.7,1,1.51,,2
192,柳林,2025-01-22 12:00,6.9,,.1,0,44,1021.4,1,1.74,,7
192,柳林,2025-01-22 13:00,8.7,,.5,270,36,1020.6,1,1.69,,6
192,柳林,2025-01-22 14:00,10.1,,.3,0,30,1019.5,1,1.54,,6
192,柳林,2025-01-22 15:00,10.5,,0,0,30,1019.4,.8,1.1,,8
192,柳林,2025-01-22 16:00,10.3,,.8,160,32,1019.3,.4,.72,,9
192,柳林,2025-01-22 17:00,9.3,,.1,0,37,1019.6,0,.22,,8
192,柳林,2025-01-22 18:00,8.1,,.3,0,43,1019.4,0,.04,,9
192,柳林,2025-01-22 19:00,7.7,,.1,0,46,1019.8,,,,8
192,柳林,2025-01-22 20:00,5.1,,.1,0,62,1020,,,,8
192,柳林,2025-01-22 21:00,3.4,,0,0,68,1020.1,,,,8
192,柳林,2025-01-22 22:00,2.4,,.1,0,74,1020.6,,,,8
192,柳林,2025-01-22 23:00,.9,,0,0,77,1020.7,,,,6
192,柳林,2025-01-23 00:00,-.7,,0,0,80,1020.7,,,,0
192,柳林,2025-01-23 01:00,-1.2,,0,0,79,1020.8,,,,6
192,柳林,2025-01-23 02:00,-1.9,,0,0,83,1020.7,,,,0
192,柳林,2025-01-23 03:00,-2,,0,0,83,1020.8,,,,4
192,柳林,2025-01-23 04:00,-2.3,,0,0,83,1020.5,,,,7
192,柳林,2025-01-23 05:00,-3,,0,0,86,1020.4,,,,0
192,柳林,2025-01-23 06:00,-3.3,,0,0,88,1020.4,,,,0
192,柳林,2025-01-23 07:00,-3.8,,0,0,88,1021.2,,,,0
192,柳林,2025-01-23 08:00,-3.6,,0,0,90,1021.8,0,.02,,0
192,柳林,2025-01-23 09:00,-1,,0,0,85,1022.3,.7,.42,,0
192,柳林,2025-01-23 10:00,2,,0,0,81,1022.5,1,.95,,0
192,柳林,2025-01-23 11:00,5.5,,0,0,63,1022.3,1,1.41,,0
192,柳林,2025-01-23 12:00,8.6,,.7,140,44,1021.1,1,1.78,,0
192,柳林,2025-01-23 13:00,10,,.6,70,38,1019.8,1,1.9,,0
192,柳林,2025-01-23 14:00,11.4,,.6,180,33,1018.9,1,1.85,,0
192,柳林,2025-01-23 15:00,12,,.3,0,27,1018.4,1,1.58,,0
192,柳林,2025-01-23 16:00,12.4,,0,0,27,1018.4,1,1.04,,0
192,柳林,2025-01-23 17:00,10.2,,0,0,35,1018.2,1,.49,,0
192,柳林,2025-01-23 18:00,6.4,,0,0,48,1018.8,.1,.05,,0
192,柳林,2025-01-23 19:00,3.7,,0,0,57,1019.2,,,,0
192,柳林,2025-01-23 20:00,1.6,,0,0,64,1019.8,,,,0
192,柳林,2025-01-23 21:00,0,,0,0,67,1020.2,,,,0
192,柳林,2025-01-23 22:00,-.9,,0,0,70,1020.8,,,,6
192,柳林,2025-01-23 23:00,-1.7,,0,0,72,1021.6,,,,8
192,柳林,2025-01-24 00:00,-2.3,,0,0,74,1022,,,,6
192,柳林,2025-01-24 01:00,-2.4,,0,0,74,1022,,,,8
192,柳林,2025-01-24 02:00,-2.9,,0,0,75,1021.9,,,,8
192,柳林,2025-01-24 03:00,-3.3,,0,0,77,1021.9,,,,8
192,柳林,2025-01-24 04:00,-3.5,,0,0,76,1021.4,,,,6
192,柳林,2025-01-24 05:00,-4.5,,0,0,79,1021.2,,,,0
192,柳林,2025-01-24 06:00,-4.9,,0,0,80,1021.2,,,,0
192,柳林,2025-01-24 07:00,-5.4,,0,0,81,1021.5,,,,0
192,柳林,2025-01-24 08:00,-5.1,,0,0,80,1022.1,0,.02,,0
192,柳林,2025-01-24 09:00,-1.8,,0,0,68,1022.8,.9,.49,,0
192,柳林,2025-01-24 10:00,2.5,,0,0,57,1023.2,1,1.11,,0
192,柳林,2025-01-24 11:00,5.2,,.4,0,45,1023.1,1,1.61,,0
192,柳林,2025-01-24 12:00,8.9,,1.1,90,34,1022.1,1,1.98,,0
192,柳林,2025-01-24 13:00,10.6,,.9,90,31,1021,1,2.12,,0
192,柳林,2025-01-24 14:00,11.5,,.7,90,29,1020.1,1,2.01,,0
192,柳林,2025-01-24 15:00,12.4,,.3,0,25,1019.6,1,1.7,,0
192,柳林,2025-01-24 16:00,11.8,,1.1,110,27,1019.6,1,1.06,,0
192,柳林,2025-01-24 17:00,10.6,,0,0,32,1019.5,1,.54,,0
192,柳林,2025-01-24 18:00,6.8,,0,0,40,1020.3,.1,.06,,5
192,柳林,2025-01-24 19:00,4.1,,.1,0,54,1021.1,,,,0
192,柳林,2025-01-24 20:00,2.3,,0,0,62,1022,,,,0
192,柳林,2025-01-24 21:00,.8,,0,0,65,1022.4,,,,0
192,柳林,2025-01-24 22:00,-.6,,0,0,64,1022.8,,,,0
192,柳林,2025-01-24 23:00,-1.3,,0,0,69,1022.9,,,,0
192,柳林,2025-01-25 00:00,-2,,0,0,74,1023,,,,0
192,柳林,2025-01-25 01:00,-2.5,,0,0,76,1023.2,,,,0
192,柳林,2025-01-25 02:00,-3,,0,0,78,1023.6,,,,0
192,柳林,2025-01-25 03:00,-3.3,,0,0,79,1023.9,,,,0
192,柳林,2025-01-25 04:00,-3.6,,0,0,81,1023.7,,,,0
192,柳林,2025-01-25 05:00,-4,,0,0,83,1023.8,,,,0
192,柳林,2025-01-25 06:00,-4.2,,0,0,85,1024.3,,,,0
192,柳林,2025-01-25 07:00,-4.5,,0,0,87,1024.6,,,,0
192,柳林,2025-01-25 08:00,-4.4,,0,0,89,1025.1,0,.02,,0
192,柳林,2025-01-25 09:00,.3,,0,0,82,1025.2,.9,.7,,0
192,柳林,2025-01-25 10:00,6.7,,1.1,20,62,1025.6,.9,1.1,,6
192,柳林,2025-01-25 11:00,7.8,,1.7,20,57,1025.8,.6,1.53,,7
192,柳林,2025-01-25 12:00,7.5,,1.4,360,57,1025.3,0,.78,,9
192,柳林,2025-01-25 13:00,8.5,,1.1,360,54,1024.2,.1,1.02,,8
192,柳林,2025-01-25 14:00,8.1,,1,360,54,1023.6,.1,.77,,9
192,柳林,2025-01-25 15:00,9.4,,.7,360,50,1023,.3,.95,,7
192,柳林,2025-01-25 16:00,8.6,,1.3,70,48,1022.9,.3,.7,,9
192,柳林,2025-01-25 17:00,8.5,,.9,70,47,1023.2,0,.26,,8
192,柳林,2025-01-25 18:00,7.5,,.4,0,48,1023.9,0,.03,,9
192,柳林,2025-01-25 19:00,7.1,,1.3,70,51,1024.6,,,,9
192,柳林,2025-01-25 20:00,6,,1.2,70,54,1025.3,,,,7
192,柳林,2025-01-25 21:00,5.3,,.1,0,57,1025.6,,,,7
192,柳林,2025-01-25 22:00,4.4,,.2,0,59,1025.9,,,,6
192,柳林,2025-01-25 23:00,3.3,,0,0,64,1026.1,,,,7
192,柳林,2025-01-26 00:00,1.7,,0,0,70,1026.1,,,,7
192,柳林,2025-01-26 01:00,.5,,0,0,76,1026.1,,,,7
192,柳林,2025-01-26 02:00,.2,,0,0,78,1026.3,,,,9
192,柳林,2025-01-26 03:00,1.2,,0,0,74,1026.1,,,,10
192,柳林,2025-01-26 04:00,1.1,,0,0,75,1025.8,,,,10
192,柳林,2025-01-26 05:00,1.7,,.7,50,71,1025.3,,,,9
192,柳林,2025-01-26 06:00,2.7,,.6,20,59,1025,,,,0
192,柳林,2025-01-26 07:00,2,,.4,0,62,1025,,,,0
192,柳林,2025-01-26 08:00,2.2,,.8,360,65,1024.9,0,.03,,0
192,柳林,2025-01-26 09:00,4.4,,.7,360,58,1024.6,1,.52,,6
192,柳林,2025-01-26 10:00,5.9,,1,360,53,1024.7,.9,.88,,9
192,柳林,2025-01-26 11:00,7.1,,1.1,50,46,1024.3,.9,1.43,,7
192,柳林,2025-01-26 12:00,8,,1.2,110,44,1022.9,1,1.67,,8
192,柳林,2025-01-26 13:00,7.8,,1,50,43,1021.6,.3,1.15,,10
192,柳林,2025-01-26 14:00,7.6,,1.1,90,46,1020.6,0,.65,,10
192,柳林,2025-01-26 15:00,7.9,,.4,0,45,1020.1,0,.71,,10
192,柳林,2025-01-26 16:00,8.1,,.7,360,43,1020.1,0,.5,,10
192,柳林,2025-01-26 17:00,7.4,,.6,20,45,1019.6,0,.26,,10
192,柳林,2025-01-26 18:00,6.6,,0,0,48,1019.4,0,.04,,10
192,柳林,2025-01-26 19:00,5.3,,0,0,55,1019.4,,,,9
192,柳林,2025-01-26 20:00,4,,0,0,60,1018.9,,,,9
192,柳林,2025-01-26 21:00,3.5,,0,0,62,1018.4,,,,10
192,柳林,2025-01-26 22:00,3.7,,0,0,68,1017.9,,,,10
192,柳林,2025-01-26 23:00,4,,.4,0,69,1017.7,,,,10
192,柳林,2025-01-27 00:00,3.4,0,0,0,73,1017.1,,,,10
192,柳林,2025-01-27 01:00,2.7,,0,0,87,1016.3,,,,10
192,柳林,2025-01-27 02:00,2.5,,0,0,89,1015.7,,,,10
192,柳林,2025-01-27 03:00,2.3,.3,0,0,91,1014.6,,,,10
192,柳林,2025-01-27 04:00,2.2,,0,0,92,1013.8,,,,10
192,柳林,2025-01-27 05:00,2.2,,.1,0,92,1013.4,,,,10
192,柳林,2025-01-27 06:00,1.7,1.4,0,0,93,1013.3,,,,10
192,柳林,2025-01-27 07:00,1.6,,0,0,94,1013.2,,,,10
192,柳林,2025-01-27 08:00,1.6,,0,0,95,1013.1,0,.01,,9
192,柳林,2025-01-27 09:00,2.2,.5,0,0,94,1012.8,0,.22,,9
192,柳林,2025-01-27 10:00,2.8,,0,0,92,1012.8,0,.28,,8
192,柳林,2025-01-27 11:00,3,,.2,0,89,1012.8,0,.45,,8
192,柳林,2025-01-27 12:00,4.8,0,.5,270,77,1012.3,.1,.65,,7
192,柳林,2025-01-27 13:00,6,,2.8,270,51,1011.1,.8,2.05,,5
192,柳林,2025-01-27 14:00,5.2,,4.1,250,43,1010.8,1,2.31,,0
192,柳林,2025-01-27 15:00,3.5,,4,270,43,1011,.9,1.71,,2
192,柳林,2025-01-27 16:00,2.7,,3.7,250,50,1011.3,1,1.11,,2
192,柳林,2025-01-27 17:00,1.7,,3.8,250,49,1011.7,.9,.57,,3
192,柳林,2025-01-27 18:00,.7,,2.4,250,50,1012.6,.2,.11,,4
192,柳林,2025-01-27 19:00,0,,2.7,230,50,1013.2,,,,2
192,柳林,2025-01-27 20:00,0,,2.4,250,55,1013.6,,,,3
192,柳林,2025-01-27 21:00,0,,2.5,250,57,1013.8,,,,2
192,柳林,2025-01-27 22:00,-.4,,2,230,59,1013.6,,,,3
192,柳林,2025-01-27 23:00,-.3,,2.6,250,61,1013.7,,,,6
192,柳林,2025-01-28 00:00,-.2,,2.9,230,62,1013.7,,,,8
192,柳林,2025-01-28 01:00,0,,3.3,250,57,1013.5,,,,8
192,柳林,2025-01-28 02:00,-.9,,2,230,65,1013.5,,,,3
192,柳林,2025-01-28 03:00,-1.6,,1.6,230,73,1013.6,,,,0
192,柳林,2025-01-28 04:00,-1.5,,1.2,250,62,1013.5,,,,0
192,柳林,2025-01-28 05:00,-1.4,,2.1,230,64,1013.3,,,,0
192,柳林,2025-01-28 06:00,-1.3,,2.1,230,62,1013.2,,,,0
192,柳林,2025-01-28 07:00,-1.4,,1.9,250,64,1013.9,,,,0
192,柳林,2025-01-28 08:00,-1.3,,1.6,230,61,1014.1,0,.03,,0
192,柳林,2025-01-28 09:00,0,,2.6,250,57,1014.6,1,.5,,5
192,柳林,2025-01-28 10:00,1,,3,250,55,1014.8,1,1.23,,4
192,柳林,2025-01-28 11:00,1.4,,2.8,250,52,1014.7,.7,1.39,,6
192,柳林,2025-01-28 12:00,1.8,,3.8,270,48,1014.1,.6,1.5,,7
192,柳林,2025-01-28 13:00,2.6,,3.1,250,49,1013.5,.8,1.75,,7
192,柳林,2025-01-28 14:00,2.2,,5,250,47,1012.9,.9,1.63,,6
192,柳林,2025-01-28 15:00,2.4,,4.1,230,48,1012.8,.8,.81,,6
192,柳林,2025-01-28 16:00,2.2,,4.4,250,49,1013,.5,.6,,7
192,柳林,2025-01-28 17:00,1,,5,250,59,1013.6,.1,.22,,8
192,柳林,2025-01-28 18:00,.6,,3,250,61,1013.9,0,.07,,7
192,柳林,2025-01-28 19:00,.5,,2.5,250,57,1014.6,,,,6
192,柳林,2025-01-28 20:00,.1,,.8,270,55,1015.1,,,,6
192,柳林,2025-01-28 21:00,-.2,,.3,0,58,1015.7,,,,6
192,柳林,2025-01-28 22:00,-2.3,,0,0,68,1016.2,,,,5
192,柳林,2025-01-28 23:00,-3.5,,.1,0,74,1016.7,,,,0
192,柳林,2025-01-29 00:00,-3.8,,.1,0,74,1017.2,,,,0
192,柳林,2025-01-29 01:00,-1.5,,.9,200,62,1017.5,,,,0
192,柳林,2025-01-29 02:00,-1.3,,.2,0,58,1017.8,,,,6
192,柳林,2025-01-29 03:00,-.9,,1.2,230,60,1018,,,,5
192,柳林,2025-01-29 04:00,-1.2,,.9,230,60,1017.6,,,,2
192,柳林,2025-01-29 05:00,-4.1,,.1,0,73,1017.7,,,,0
192,柳林,2025-01-29 06:00,-4.9,,0,0,77,1018.2,,,,0
192,柳林,2025-01-29 07:00,-5.6,,0,0,81,1018.5,,,,0
192,柳林,2025-01-29 08:00,-6,,0,0,82,1019.6,0,.02,,0
192,柳林,2025-01-29 09:00,-2.6,,0,0,70,1020.3,1,.61,,0
192,柳林,2025-01-29 10:00,1.7,,.2,0,51,1020.9,1,1.26,,2
192,柳林,2025-01-29 11:00,2.9,,.2,0,42,1020.9,1,1.71,,4
192,柳林,2025-01-29 12:00,2.7,,1.1,50,39,1020.5,.9,1.69,,4
192,柳林,2025-01-29 13:00,4.3,,2.5,290,33,1020,.8,1.94,,5
192,柳林,2025-01-29 14:00,4.2,,2.2,320,36,1019.5,1,2.5,,5
192,柳林,2025-01-29 15:00,3.5,,2.4,340,38,1019.7,1,2.09,,5
192,柳林,2025-01-29 16:00,2.5,,2.3,360,44,1020.2,1,1.55,,4
192,柳林,2025-01-29 17:00,1.3,,2.8,340,39,1020.7,1,.76,,2
192,柳林,2025-01-29 18:00,.2,,1.3,360,40,1021.2,.2,.11,,0
192,柳林,2025-01-29 19:00,-.5,,.2,0,43,1021.6,,,,0
192,柳林,2025-01-29 20:00,-1.1,,.2,0,42,1022.2,,,,0
192,柳林,2025-01-29 21:00,-2.3,,.1,0,48,1022.8,,,,0
192,柳林,2025-01-29 22:00,-3.5,,0,0,51,1023,,,,0
192,柳林,2025-01-29 23:00,-2.8,,.4,0,50,1023.1,,,,0
192,柳林,2025-01-30 00:00,-4.5,,0,0,56,1023.3,,,,0
192,柳林,2025-01-30 01:00,-5.6,,0,0,61,1023.7,,,,0
192,柳林,2025-01-30 02:00,-6.1,,0,0,65,1024,,,,0
192,柳林,2025-01-30 03:00,-7.1,,0,0,69,1024,,,,0
192,柳林,2025-01-30 04:00,-7.4,,0,0,73,1024.2,,,,0
192,柳林,2025-01-30 05:00,-8,,0,0,75,1024.4,,,,0
192,柳林,2025-01-30 06:00,-8,,0,0,76,1024.7,,,,0
192,柳林,2025-01-30 07:00,-8.2,,0,0,77,1025.3,,,,0
192,柳林,2025-01-30 08:00,-8.2,,0,0,79,1025.6,0,.02,,0
192,柳林,2025-01-30 09:00,-4.5,,0,0,69,1025.9,1,.54,,1
192,柳林,2025-01-30 10:00,-1.4,,0,0,61,1026.3,1,1.24,,5
192,柳林,2025-01-30 11:00,1.7,,.1,0,54,1025.9,1,1.71,,4
192,柳林,2025-01-30 12:00,3.5,,.5,320,50,1025.1,1,2.07,,5
192,柳林,2025-01-30 13:00,5.4,,.3,0,46,1023.9,1,2.29,,4
192,柳林,2025-01-30 14:00,6.5,,2.1,140,46,1023.5,1,2.12,,4
192,柳林,2025-01-30 15:00,7.1,,.6,230,44,1023,1,1.92,,4
192,柳林,2025-01-30 16:00,6.9,,.8,180,42,1023,1,1.31,,2
192,柳林,2025-01-30 17:00,6.5,,0,0,43,1022.7,1,.72,,0
192,柳林,2025-01-30 18:00,4.1,,0,0,46,1023.3,.3,.12,,0
192,柳林,2025-01-30 19:00,1.2,,0,0,57,1024,,,,0
192,柳林,2025-01-30 20:00,-.9,,0,0,66,1024.2,,,,0
192,柳林,2025-01-30 21:00,-1.8,,0,0,71,1024.9,,,,0
192,柳林,2025-01-30 22:00,-2.9,,0,0,75,1024.9,,,,0
192,柳林,2025-01-30 23:00,-3.4,,0,0,77,1024.7,,,,0
192,柳林,2025-01-31 00:00,-3.8,,0,0,79,1024.8,,,,0
192,柳林,2025-01-31 01:00,-4.5,,0,0,81,1024.6,,,,0
192,柳林,2025-01-31 02:00,-5,,0,0,83,1024.4,,,,0
192,柳林,2025-01-31 03:00,-5.5,,0,0,84,1024.4,,,,0
192,柳林,2025-01-31 04:00,-6,,0,0,86,1024.2,,,,0
192,柳林,2025-01-31 05:00,-6,,0,0,87,1024.4,,,,0
192,柳林,2025-01-31 06:00,-6.2,,0,0,86,1024.3,,,,0
192,柳林,2025-01-31 07:00,-6.5,,0,0,87,1024.9,,,,0
192,柳林,2025-01-31 08:00,-6.1,,0,0,87,1025.5,0,.03,,0
192,柳林,2025-01-31 09:00,-3.1,,0,0,82,1025.8,.9,.52,,6
192,柳林,2025-01-31 10:00,-.4,,.1,0,76,1026.1,.9,.87,,7
192,柳林,2025-01-31 11:00,2,,0,0,64,1025.9,.5,1.07,,9
192,柳林,2025-01-31 12:00,3.3,,.5,290,65,1025.2,0,.8,,9
192,柳林,2025-01-31 13:00,5.2,,.4,0,55,1023.9,.1,1.37,,9
192,柳林,2025-01-31 14:00,5.2,,.6,290,58,1022.9,0,.85,,9
192,柳林,2025-01-31 15:00,5.5,,.1,0,52,1022.3,0,.33,,10
192,柳林,2025-01-31 16:00,5.5,,0,0,54,1022,0,.26,,9
192,柳林,2025-01-31 17:00,5.1,,.1,0,58,1021.9,0,.13,,9
192,柳林,2025-01-31 18:00,4.9,0,0,0,61,1022.1,0,.02,,10
192,柳林,2025-01-31 19:00,4.1,,0,0,66,1022.3,,,,10
192,柳林,2025-01-31 20:00,3.2,,0,0,80,1022.3,,,,10
192,柳林,2025-01-31 21:00,3.5,.1,.3,0,83,1022.5,,,,10
192,柳林,2025-01-31 22:00,2.9,,0,0,84,1022.3,,,,10
192,柳林,2025-01-31 23:00,2.2,,0,0,90,1021.9,,,,8
192,柳林,2025-02-01 00:00,2,.1,0,0,92,1021.5,,,,8
192,柳林,2025-02-01 01:00,2.2,,0,0,92,1021,,,,8
192,柳林,2025-02-01 02:00,3,,.1,0,91,1020.4,,,,9
192,柳林,2025-02-01 03:00,3,.2,.1,0,91,1020.3,,,,10
192,柳林,2025-02-01 04:00,2.7,,0,0,94,1020,,,,10
192,柳林,2025-02-01 05:00,2.6,,.1,0,94,1020,,,,10
192,柳林,2025-02-01 06:00,2.4,1.9,0,0,95,1019.5,,,,10
192,柳林,2025-02-01 07:00,2.6,,0,0,95,1019.1,,,,10
192,柳林,2025-02-01 08:00,3,,0,0,96,1019,0,0,,10
192,柳林,2025-02-01 09:00,3.2,2.6,0,0,96,1018.8,0,.04,,10
192,柳林,2025-02-01 10:00,3.5,,0,0,96,1018.4,0,.07,,10
192,柳林,2025-02-01 11:00,4,,.5,360,95,1017.8,0,.14,,10
192,柳林,2025-02-01 12:00,3.9,5.6,.6,360,94,1016.9,0,.17,,10
192,柳林,2025-02-01 13:00,3.7,,.7,360,92,1016,0,.22,,10
192,柳林,2025-02-01 14:00,3.9,,.5,360,92,1015.4,0,.22,,10
192,柳林,2025-02-01 15:00,4.4,4.8,.4,0,92,1014.8,0,.34,,10
192,柳林,2025-02-01 16:00,4.9,,.8,360,90,1014.9,0,.42,,10
192,柳林,2025-02-01 17:00,5,,.4,0,90,1015.4,0,.19,,10
192,柳林,2025-02-01 18:00,5,.1,.4,0,87,1016.2,0,.06,,9
192,柳林,2025-02-01 19:00,4.6,,.3,0,87,1016,,,,6
192,柳林,2025-02-01 20:00,4.4,,.2,0,86,1015.5,,,,9
192,柳林,2025-02-01 21:00,3.2,,.1,0,90,1015.7,,,,10
192,柳林,2025-02-01 22:00,3.8,,.1,0,88,1014.9,,,,10
192,柳林,2025-02-01 23:00,4,,.1,0,87,1015.2,,,,10
192,柳林,2025-02-02 00:00,2.6,,0,0,90,1016,,,,10
192,柳林,2025-02-02 01:00,3.1,,.3,0,93,1016.3,,,,9
192,柳林,2025-02-02 02:00,.9,,0,0,94,1016.8,,,,9
192,柳林,2025-02-02 03:00,.6,,0,0,95,1016.8,,,,9
192,柳林,2025-02-02 04:00,.2,,0,0,95,1015.9,,,,8
192,柳林,2025-02-02 05:00,-.7,,0,0,95,1015.7,,,,8
192,柳林,2025-02-02 06:00,-1.2,,0,0,96,1015.4,,,,9
192,柳林,2025-02-02 07:00,-1.4,,0,0,96,1015.2,,,,9
192,柳林,2025-02-02 08:00,-1,,0,0,96,1015.1,0,.02,,9
192,柳林,2025-02-02 09:00,-.2,,0,0,96,1014.6,0,.25,,9
192,柳林,2025-02-02 10:00,2.5,,.3,0,95,1014.5,.2,.72,,9
192,柳林,2025-02-02 11:00,4.3,,.2,0,84,1015.3,0,.91,,9
192,柳林,2025-02-02 12:00,5.9,,.3,0,77,1014.8,.4,1.24,,8
192,柳林,2025-02-02 13:00,8.8,,.5,110,57,1013.8,1,2.33,,0
192,柳林,2025-02-02 14:00,9.9,,.6,290,53,1012.9,1,2.16,,5
192,柳林,2025-02-02 15:00,9.5,,.4,0,45,1012.2,.8,1.27,,8
192,柳林,2025-02-02 16:00,10.1,,.2,0,55,1012.1,.7,1.19,,6
192,柳林,2025-02-02 17:00,9.2,,.4,0,58,1012,1,.67,,3
192,柳林,2025-02-02 18:00,6.3,,0,0,74,1012.2,.3,.1,,8
192,柳林,2025-02-02 19:00,4.9,,.1,0,79,1012.4,,,,8
192,柳林,2025-02-02 20:00,2.9,,0,0,87,1012.4,,,,7
192,柳林,2025-02-02 21:00,1.9,,0,0,90,1012,,,,9
192,柳林,2025-02-02 22:00,1.5,,0,0,91,1012.8,,,,9
192,柳林,2025-02-02 23:00,.6,,0,0,92,1013.1,,,,6
192,柳林,2025-02-03 00:00,.2,,.1,0,94,1013.4,,,,0
192,柳林,2025-02-03 01:00,-.5,,0,0,92,1013.2,,,,8
192,柳林,2025-02-03 02:00,-1,,0,0,93,1013.3,,,,3
192,柳林,2025-02-03 03:00,-1.6,,0,0,93,1013.3,,,,8
192,柳林,2025-02-03 04:00,-1.9,,0,0,93,1013.3,,,,7
192,柳林,2025-02-03 05:00,-1.7,,.1,0,93,1013.3,,,,6
192,柳林,2025-02-03 06:00,-2.5,,0,0,93,1012.5,,,,2
192,柳林,2025-02-03 07:00,-2.5,,0,0,93,1012.6,,,,3
192,柳林,2025-02-03 08:00,1.3,,1.3,340,69,1013.3,0,.03,,0
192,柳林,2025-02-03 09:00,2,,2.5,340,39,1014.5,.7,.41,,3
192,柳林,2025-02-03 10:00,2.9,,3,360,31,1014.3,1,1.21,,2
192,柳林,2025-02-03 11:00,3.3,,2.4,340,29,1014.7,1,1.8,,0
192,柳林,2025-02-03 12:00,3.8,,3.3,340,23,1014,1,2.25,,0
192,柳林,2025-02-03 13:00,3.5,,3.8,320,28,1013.2,1,2.48,,0
192,柳林,2025-02-03 14:00,3.7,,3.2,340,27,1013.1,1,2.45,,0
192,柳林,2025-02-03 15:00,2.9,,4.7,320,31,1012.7,1,2.13,,0
192,柳林,2025-02-03 16:00,2,,3.5,340,29,1013.7,1,1.58,,0
192,柳林,2025-02-03 17:00,1.2,,3.2,340,26,1014.8,1,.88,,0
192,柳林,2025-02-03 18:00,0,,2.5,320,31,1015.8,.4,.17,,0
192,柳林,2025-02-03 19:00,-.7,,2.3,320,36,1016.6,,,,1
192,柳林,2025-02-03 20:00,-1.2,,1.8,320,41,1016.4,,,,0
192,柳林,2025-02-03 21:00,-1.6,,2.8,360,40,1016.4,,,,0
192,柳林,2025-02-03 22:00,-2.1,,2.2,360,41,1016.6,,,,0
192,柳林,2025-02-03 23:00,-2.6,,1.7,340,43,1016.5,,,,0
192,柳林,2025-02-04 00:00,-3.1,,1.6,360,45,1016.4,,,,0
192,柳林,2025-02-04 01:00,-3.3,,2.1,340,46,1016,,,,3
192,柳林,2025-02-04 02:00,-3.6,,.6,360,48,1015.8,,,,6
192,柳林,2025-02-04 03:00,-3.8,,.6,360,51,1015.5,,,,2
192,柳林,2025-02-04 04:00,-4.7,,.2,0,53,1014.9,,,,0
192,柳林,2025-02-04 05:00,-4.1,,1.7,360,47,1014.7,,,,0
192,柳林,2025-02-04 06:00,-4.5,,1.8,340,47,1014.5,,,,0
192,柳林,2025-02-04 07:00,-4.9,,1.5,340,45,1014.6,,,,0
192,柳林,2025-02-04 08:00,-4.9,,2.3,340,45,1015.1,.1,.03,,0
192,柳林,2025-02-04 09:00,-3.7,,4,320,37,1015.1,1,.61,,0
192,柳林,2025-02-04 10:00,-2.9,,4.3,320,35,1015.1,1,1.35,,0
192,柳林,2025-02-04 11:00,-1.7,,3.5,320,32,1015,1,1.96,,0
192,柳林,2025-02-04 12:00,-1,,3.4,320,31,1014.6,1,2.38,,1
192,柳林,2025-02-04 13:00,-.7,,4,340,32,1013.7,1,2.56,,2
192,柳林,2025-02-04 14:00,-.2,,4.1,360,30,1012.6,1,2.48,,2
192,柳林,2025-02-04 15:00,-.2,,3.6,340,28,1012.2,1,2.16,,0
192,柳林,2025-02-04 16:00,-.5,,4.1,340,29,1012.4,1,1.61,,0
192,柳林,2025-02-04 17:00,-1.5,,3.4,340,33,1012.8,1,.92,,0
192,柳林,2025-02-04 18:00,-2.8,,3.3,340,35,1013.3,.4,.18,,0
192,柳林,2025-02-04 19:00,-3.5,,2.5,340,37,1013.7,,,,0
192,柳林,2025-02-04 20:00,-3.7,,.9,340,38,1014.3,,,,0
192,柳林,2025-02-04 21:00,-5.4,,.2,0,50,1014.6,,,,0
192,柳林,2025-02-04 22:00,-5.7,,.5,360,50,1014.9,,,,0
192,柳林,2025-02-04 23:00,-7,,0,0,57,1015.2,,,,0
192,柳林,2025-02-05 00:00,-7.7,,0,0,63,1015.1,,,,0
192,柳林,2025-02-05 01:00,-8.4,,0,0,66,1015,,,,0
192,柳林,2025-02-05 02:00,-7.9,,.1,0,69,1014.7,,,,0
192,柳林,2025-02-05 03:00,-7.9,,0,0,71,1014.6,,,,9
192,柳林,2025-02-05 04:00,-7.1,,0,0,68,1014,,,,6
192,柳林,2025-02-05 05:00,-7.1,,0,0,70,1013.7,,,,6
192,柳林,2025-02-05 06:00,-8.1,,0,0,72,1013.6,,,,6
192,柳林,2025-02-05 07:00,-8.2,,0,0,76,1014,,,,3
192,柳林,2025-02-05 08:00,-8.3,,0,0,78,1014.6,.1,.03,,0
192,柳林,2025-02-05 09:00,-4.8,,0,0,55,1015.2,1,.63,,0
192,柳林,2025-02-05 10:00,-3,,.4,0,48,1015.2,1,1.32,,0
192,柳林,2025-02-05 11:00,-1.8,,.9,320,43,1014.9,1,1.91,,0
192,柳林,2025-02-05 12:00,-.3,,.8,360,41,1013.6,1,2.35,,3
192,柳林,2025-02-05 13:00,.5,,.4,0,38,1012.4,.7,1.96,,7
192,柳林,2025-02-05 14:00,1.9,,1.1,290,37,1011.1,.8,1.92,,8
192,柳林,2025-02-05 15:00,2.1,,4.9,270,34,1011.2,1,2.12,,5
192,柳林,2025-02-05 16:00,2.4,,3.6,270,33,1011.2,1,1.75,,2
192,柳林,2025-02-05 17:00,1.2,,3,290,33,1011.6,1,1.01,,2
192,柳林,2025-02-05 18:00,-1,,2.5,340,37,1013.1,.4,.17,,0
192,柳林,2025-02-05 19:00,-1.8,,2.2,340,36,1014,0,0,,0
192,柳林,2025-02-05 20:00,-2.6,,1.8,360,37,1014.6,,,,0
192,柳林,2025-02-05 21:00,-3.6,,.6,20,40,1015.7,,,,0
192,柳林,2025-02-05 22:00,-4.1,,1.2,340,45,1016.6,,,,0
192,柳林,2025-02-05 23:00,-3.8,,2.5,340,42,1017,,,,0
192,柳林,2025-02-06 00:00,-5.1,,.3,0,48,1017.5,,,,0
192,柳林,2025-02-06 01:00,-6.7,,0,0,56,1017.8,,,,0
192,柳林,2025-02-06 02:00,-7.4,,0,0,61,1017.9,,,,0
192,柳林,2025-02-06 03:00,-8,,0,0,67,1018.2,,,,0
192,柳林,2025-02-06 04:00,-8.4,,0,0,69,1017.8,,,,0
192,柳林,2025-02-06 05:00,-9,,0,0,70,1018,,,,0
192,柳林,2025-02-06 06:00,-10,,0,0,76,1018.4,,,,0
192,柳林,2025-02-06 07:00,-10.4,,0,0,78,1019.1,,,,0
192,柳林,2025-02-06 08:00,-9.9,,0,0,80,1019.8,.1,.04,,0
192,柳林,2025-02-06 09:00,-5.5,,0,0,69,1020.7,1,.78,,0
192,柳林,2025-02-06 10:00,-2.7,,0,0,58,1020.5,1,1.4,,0
192,柳林,2025-02-06 11:00,-1.8,,.3,0,52,1020.8,.8,1.53,,8
192,柳林,2025-02-06 12:00,-.2,,.4,0,43,1020,.5,1.59,,7
192,柳林,2025-02-06 13:00,.5,,.4,0,38,1018.5,.5,1.75,,8
192,柳林,2025-02-06 14:00,2.4,,1.3,340,27,1017.3,.9,1.89,,7
192,柳林,2025-02-06 15:00,3,,1.6,340,18,1016.8,1,2.16,,5
192,柳林,2025-02-06 16:00,3.2,,1,340,18,1016.7,1,1.55,,1
192,柳林,2025-02-06 17:00,2.2,,.6,160,19,1016.7,.9,.76,,8
192,柳林,2025-02-06 18:00,1.4,,.9,270,25,1017,0,.14,,9
192,柳林,2025-02-06 19:00,.5,,1,250,28,1017.3,0,0,,9
192,柳林,2025-02-06 20:00,-1.3,,0,0,38,1017.9,,,,10
192,柳林,2025-02-06 21:00,-.3,,1.4,250,35,1017.6,,,,9
192,柳林,2025-02-06 22:00,-.5,,.9,250,37,1017.8,,,,8
192,柳林,2025-02-06 23:00,-.7,,1,230,37,1017.8,,,,7
192,柳林,2025-02-07 00:00,-2.4,,.3,0,44,1017.6,,,,2
192,柳林,2025-02-07 01:00,-4,,0,0,53,1017.2,,,,0
192,柳林,2025-02-07 02:00,-2.3,,.9,200,52,1016.7,,,,8
192,柳林,2025-02-07 03:00,-4.2,,0,0,61,1015.9,,,,8
192,柳林,2025-02-07 04:00,-2.1,,1,230,75,1015.2,,,,6
192,柳林,2025-02-07 05:00,-1.9,,1,230,75,1014.3,,,,0
192,柳林,2025-02-07 06:00,-2.5,,.8,250,80,1013.8,,,,0
192,柳林,2025-02-07 07:00,-2.4,,1.9,200,82,1013.3,,,,0
192,柳林,2025-02-07 08:00,-.9,,1.5,270,78,1012.9,0,.05,,0
192,柳林,2025-02-07 09:00,.1,0,2.5,230,78,1012.6,.6,.42,,3
192,柳林,2025-02-07 10:00,1.9,,2,230,61,1012.4,.9,1.12,,8
192,柳林,2025-02-07 11:00,1,,5.1,270,38,1013,.4,.94,,8
192,柳林,2025-02-07 12:00,-1,,5.4,340,36,1013.9,.7,1.74,,8
192,柳林,2025-02-07 13:00,-1.4,,3.6,320,38,1014.1,.7,1.85,,8
192,柳林,2025-02-07 14:00,-2.7,,3.8,320,45,1014.7,.4,1.3,,8
192,柳林,2025-02-07 15:00,-2.8,,4,320,38,1015.1,.7,1.43,,8
192,柳林,2025-02-07 16:00,-3.2,,4.1,340,37,1016.1,1,1.32,,7
192,柳林,2025-02-07 17:00,-3.3,,2.8,340,36,1017,1,.93,,5
192,柳林,2025-02-07 18:00,-4.7,,4.8,340,34,1018.3,.4,.21,,2
192,柳林,2025-02-07 19:00,-5.6,,3.4,340,35,1019.3,0,0,,0
192,柳林,2025-02-07 20:00,-5.8,,3.8,360,33,1020.4,,,,0
192,柳林,2025-02-07 21:00,-6.4,,1.6,20,33,1021.3,,,,0
192,柳林,2025-02-07 22:00,-6.4,,1.9,360,36,1021.5,,,,0
192,柳林,2025-02-07 23:00,-6.8,,1.3,360,36,1021.6,,,,0
192,柳林,2025-02-08 00:00,-7.7,,.2,0,43,1021.4,,,,0
192,柳林,2025-02-08 01:00,-7.2,,.2,0,45,1021.3,,,,0
192,柳林,2025-02-08 02:00,-6.5,,.6,20,44,1021.3,,,,0
192,柳林,2025-02-08 03:00,-7.2,,.1,0,46,1021.4,,,,0
192,柳林,2025-02-08 04:00,-7.5,,.1,0,48,1021.4,,,,0
192,柳林,2025-02-08 05:00,-6.7,,.5,20,45,1021.7,,,,0
192,柳林,2025-02-08 06:00,-8.1,,.6,110,52,1022.4,,,,0
192,柳林,2025-02-08 07:00,-8.4,,.1,0,51,1022.5,,,,0
192,柳林,2025-02-08 08:00,-7.7,,.4,0,48,1023,.1,.04,,0
192,柳林,2025-02-08 09:00,-4.8,,.7,110,39,1023.9,1,.7,,0
192,柳林,2025-02-08 10:00,-2.6,,2.9,20,32,1023.8,1,1.45,,0
192,柳林,2025-02-08 11:00,-.8,,2.8,340,30,1023.8,1,2.05,,0
192,柳林,2025-02-08 12:00,-.3,,3.5,340,30,1023.5,1,2.48,,0
192,柳林,2025-02-08 13:00,1,,2.1,340,27,1022.7,1,2.65,,0
192,柳林,2025-02-08 14:00,1.7,,2.6,340,26,1021.8,1,2.55,,0
192,柳林,2025-02-08 15:00,1.2,,3.7,340,27,1021.5,1,2.22,,0
192,柳林,2025-02-08 16:00,1,,3.2,360,29,1022.2,1,1.67,,0
192,柳林,2025-02-08 17:00,.3,,2.6,360,33,1022.6,1,.99,,0
192,柳林,2025-02-08 18:00,-1.2,,2.1,340,37,1022.4,.5,.22,,0
192,柳林,2025-02-08 19:00,-1.8,,2.1,340,39,1023.8,0,0,,0
192,柳林,2025-02-08 20:00,-2.8,,.3,0,42,1024,,,,0
192,柳林,2025-02-08 21:00,-3.5,,.4,0,44,1024.2,,,,0
192,柳林,2025-02-08 22:00,-4.8,,0,0,50,1024.4,,,,0
192,柳林,2025-02-08 23:00,-5.7,,0,0,56,1024.5,,,,0
192,柳林,2025-02-09 00:00,-7.2,,.2,0,60,1024.2,,,,0
192,柳林,2025-02-09 01:00,-7.6,,.1,0,62,1024.2,,,,0
192,柳林,2025-02-09 02:00,-8.5,,0,0,66,1024.1,,,,0
192,柳林,2025-02-09 03:00,-9.3,,.1,0,71,1024.4,,,,0
192,柳林,2025-02-09 04:00,-9.9,,0,0,76,1024.1,,,,0
192,柳林,2025-02-09 05:00,-10.3,,0,0,79,1024.2,,,,0
192,柳林,2025-02-09 06:00,-10.9,,0,0,81,1024.5,,,,0
192,柳林,2025-02-09 07:00,-11.3,,0,0,82,1024.3,,,,0
192,柳林,2025-02-09 08:00,-10.7,,0,0,84,1024.4,.1,.06,,0
192,柳林,2025-02-09 09:00,-5.9,,0,0,73,1024.4,1,.97,,0
192,柳林,2025-02-09 10:00,-2.9,,.2,0,56,1024.2,1,1.77,,0
192,柳林,2025-02-09 11:00,-.7,,.6,230,46,1023.6,1,2.08,,0
192,柳林,2025-02-09 12:00,2.1,,1.1,270,38,1022.6,1,2.44,,0
192,柳林,2025-02-09 13:00,3.7,,1.8,270,31,1021.7,1,2.61,,0
192,柳林,2025-02-09 14:00,4.4,,.5,270,29,1020.8,1,2.52,,0
192,柳林,2025-02-09 15:00,4.8,,2.6,340,28,1020.2,1,2.19,,0
192,柳林,2025-02-09 16:00,4.3,,2.5,340,32,1020.1,1,1.64,,2
192,柳林,2025-02-09 17:00,3,,2.3,340,35,1020.4,1,.97,,0
192,柳林,2025-02-09 18:00,.8,,1.9,340,40,1021.2,.5,.24,,0
192,柳林,2025-02-09 19:00,-.3,,1,20,43,1021.6,0,0,,0
192,柳林,2025-02-09 20:00,-1.9,,0,0,49,1022,,,,0
192,柳林,2025-02-09 21:00,-3.3,,0,0,53,1022.4,,,,0
192,柳林,2025-02-09 22:00,-4,,0,0,56,1022.9,,,,0
192,柳林,2025-02-09 23:00,-4.6,,0,0,62,1022.7,,,,0
192,柳林,2025-02-10 00:00,-5,,0,0,64,1022.8,,,,0
192,柳林,2025-02-10 01:00,-6.3,,0,0,67,1022.8,,,,0
192,柳林,2025-02-10 02:00,-7.3,,0,0,72,1023.4,,,,0
192,柳林,2025-02-10 03:00,-7.9,,0,0,75,1023.3,,,,0
192,柳林,2025-02-10 04:00,-8.2,,0,0,78,1023.1,,,,0
192,柳林,2025-02-10 05:00,-8.5,,0,0,82,1023.3,,,,0
192,柳林,2025-02-10 06:00,-8.9,,0,0,83,1023.2,,,,0
192,柳林,2025-02-10 07:00,-9.4,,0,0,84,1023.6,,,,0
192,柳林,2025-02-10 08:00,-8.8,,0,0,84,1024,.2,.08,,0
192,柳林,2025-02-10 09:00,-3.9,,0,0,75,1024.3,1,.94,,0
192,柳林,2025-02-10 10:00,-.5,,.2,0,47,1024.4,1,1.76,,1
192,柳林,2025-02-10 11:00,1.2,,1,250,38,1024.1,1,2,,0
192,柳林,2025-02-10 12:00,2.9,,1,270,36,1023.7,1,2.38,,0
192,柳林,2025-02-10 13:00,4.1,,.9,230,34,1022.3,1,2.57,,2
192,柳林,2025-02-10 14:00,5,,1.4,290,33,1021.5,1,2.49,,0
192,柳林,2025-02-10 15:00,5.7,,.6,270,31,1021,1,2.16,,0
192,柳林,2025-02-10 16:00,4.7,,2.4,360,33,1021.3,1,1.6,,0
192,柳林,2025-02-10 17:00,4,,2.2,340,34,1021.4,1,.96,,0
192,柳林,2025-02-10 18:00,2.2,,.3,0,40,1022.2,.6,.24,,0
192,柳林,2025-02-10 19:00,1.5,,.7,320,44,1022.9,0,0,,0
192,柳林,2025-02-10 20:00,.5,,.3,0,46,1023.7,,,,0
192,柳林,2025-02-10 21:00,-2,,0,0,56,1024.4,,,,0
192,柳林,2025-02-10 22:00,-3,,0,0,61,1024.8,,,,0
192,柳林,2025-02-10 23:00,-4,,0,0,64,1025.3,,,,0
192,柳林,2025-02-11 00:00,-5.2,,0,0,69,1025.4,,,,0
192,柳林,2025-02-11 01:00,-5.7,,0,0,74,1025.7,,,,0
192,柳林,2025-02-11 02:00,-6.5,,0,0,77,1025.8,,,,0
192,柳林,2025-02-11 03:00,-7.2,,0,0,80,1026.2,,,,0
192,柳林,2025-02-11 04:00,-7.3,,0,0,81,1026.4,,,,0
192,柳林,2025-02-11 05:00,-7.8,,0,0,83,1026.6,,,,0
192,柳林,2025-02-11 06:00,-8.7,,0,0,84,1027.1,,,,0
192,柳林,2025-02-11 07:00,-8.7,,0,0,85,1027.7,,,,0
192,柳林,2025-02-11 08:00,-7.9,,.1,0,85,1028.5,.1,.08,,0
192,柳林,2025-02-11 09:00,-4.1,,0,0,72,1028.6,1,.84,,0
192,柳林,2025-02-11 10:00,-.8,,.1,0,61,1028.3,1,1.67,,0
192,柳林,2025-02-11 11:00,2.6,,.8,230,45,1028.1,1,2.12,,0
192,柳林,2025-02-11 12:00,5.3,,1.6,90,31,1027.4,1,2.37,,0
192,柳林,2025-02-11 13:00,6.8,,.5,20,29,1026.3,1,2.53,,0
192,柳林,2025-02-11 14:00,8.1,,.8,340,23,1024.7,1,2.44,,0
192,柳林,2025-02-11 15:00,9.1,,.8,340,20,1023.5,1,2.1,,0
192,柳林,2025-02-11 16:00,8.2,,2.6,180,23,1023.1,1,1.57,,0
192,柳林,2025-02-11 17:00,7.6,,.7,200,22,1022.9,1,.9,,0
192,柳林,2025-02-11 18:00,5.8,,.3,0,26,1023.6,.6,.23,,0
192,柳林,2025-02-11 19:00,3.2,,.3,0,35,1023.7,0,.01,,0
192,柳林,2025-02-11 20:00,-.4,,0,0,48,1023.6,,,,0
192,柳林,2025-02-11 21:00,-1.8,,0,0,54,1023.4,,,,0
192,柳林,2025-02-11 22:00,-2.5,,0,0,57,1022.9,,,,8
192,柳林,2025-02-11 23:00,-1,,.9,270,60,1022.6,,,,6
192,柳林,2025-02-12 00:00,-1.3,,0,0,61,1021.5,,,,10
192,柳林,2025-02-12 01:00,-.4,,0,0,62,1021.8,,,,10
192,柳林,2025-02-12 02:00,-.5,,0,0,58,1020.6,,,,10
192,柳林,2025-02-12 03:00,.3,0,.1,0,62,1020.4,,,,10
192,柳林,2025-02-12 04:00,-1.8,,.4,0,86,1019.9,,,.9,10
192,柳林,2025-02-12 05:00,-1.5,,0,0,91,1018.4,,,3.2,10
192,柳林,2025-02-12 06:00,-1.3,4.6,0,0,92,1017.2,,,3.9,10
192,柳林,2025-02-12 07:00,-.5,,.1,0,93,1016.4,,,2.7,10
192,柳林,2025-02-12 08:00,-.1,,.1,0,93,1015.2,0,.01,1.5,10
192,柳林,2025-02-12 09:00,-.2,7.6,0,0,94,1014.5,0,.04,.8,10
192,柳林,2025-02-12 10:00,.2,,0,0,95,1013.3,0,.1,.6,9
192,柳林,2025-02-12 11:00,.6,,0,0,95,1012.4,0,.11,.6,9
192,柳林,2025-02-12 12:00,.8,2,.2,0,95,1011.2,0,.18,.5,9
192,柳林,2025-02-12 13:00,1.1,,0,0,95,1010.1,0,.26,.5,9
192,柳林,2025-02-12 14:00,1.3,,0,0,95,1008.4,0,.24,.5,9
192,柳林,2025-02-12 15:00,1.8,.1,0,0,94,1007.7,0,.46,.4,10
192,柳林,2025-02-12 16:00,2.5,,0,0,93,1007.6,0,.44,.4,9
192,柳林,2025-02-12 17:00,2.6,,.1,0,93,1008.4,0,.39,.4,10
192,柳林,2025-02-12 18:00,2.4,,.2,0,94,1009,0,.07,.2,10
192,柳林,2025-02-12 19:00,2,,0,0,95,1010.3,0,0,.2,10
192,柳林,2025-02-12 20:00,.9,,0,0,95,1010.5,,,.4,10
192,柳林,2025-02-12 21:00,1.3,,.1,0,96,1012,,,.2,10
192,柳林,2025-02-12 22:00,2.7,,1.8,340,71,1013.2,,,.3,0
192,柳林,2025-02-12 23:00,2.7,,1.9,340,43,1014.2,,,.4,0
192,柳林,2025-02-13 00:00,2,,2.6,340,36,1015.8,,,.2,0
192,柳林,2025-02-13 01:00,1.5,,2.6,340,35,1016.4,,,.2,0
192,柳林,2025-02-13 02:00,-.4,,.7,50,43,1017.6,,,.2,0
192,柳林,2025-02-13 03:00,-.5,,1.2,70,42,1018.9,,,.2,0
192,柳林,2025-02-13 04:00,-1,,1.1,70,40,1019.6,,,.2,0
192,柳林,2025-02-13 05:00,-1.3,,1.8,360,35,1020.3,,,.1,0
192,柳林,2025-02-13 06:00,-1.2,,2.9,340,33,1020.7,,,.2,0
192,柳林,2025-02-13 07:00,-1.9,,.8,20,34,1021.3,,,.2,0
192,柳林,2025-02-13 08:00,-1.7,,.7,50,34,1022,.2,.07,.2,0
192,柳林,2025-02-13 09:00,.3,,.5,20,31,1022.1,1,.76,.2,0
192,柳林,2025-02-13 10:00,1.7,,2,320,28,1022.5,1,1.49,.1,0
192,柳林,2025-02-13 11:00,3.4,,1.9,340,25,1022.1,1,2.11,,0
192,柳林,2025-02-13 12:00,3.9,,1.7,250,25,1021.1,1,2.52,,0
192,柳林,2025-02-13 13:00,5.6,,1.8,270,24,1020.3,1,2.69,,0
192,柳林,2025-02-13 14:00,6.5,,1.5,270,23,1019.1,1,2.61,,0
192,柳林,2025-02-13 15:00,7.5,,.6,250,24,1018.3,1,2.27,,0
192,柳林,2025-02-13 16:00,8.1,,.6,230,22,1018,1,1.72,,0
192,柳林,2025-02-13 17:00,7.5,,.1,0,22,1018,1,1.02,,0
192,柳林,2025-02-13 18:00,4.1,,.2,0,39,1018.4,.7,.27,,0
192,柳林,2025-02-13 19:00,1.1,,0,0,51,1018.9,0,0,,0
192,柳林,2025-02-13 20:00,-.9,,0,0,66,1019.4,,,,0
192,柳林,2025-02-13 21:00,-2,,0,0,72,1020.1,,,,0
192,柳林,2025-02-13 22:00,-2.9,,0,0,76,1020.2,,,,0
192,柳林,2025-02-13 23:00,-3.5,,0,0,79,1020.5,,,,0
192,柳林,2025-02-14 00:00,-3.2,,.1,0,82,1020.7,,,,0
192,柳林,2025-02-14 01:00,-4.4,,0,0,86,1020.6,,,,0
192,柳林,2025-02-14 02:00,-4.2,,.5,250,87,1021,,,,0
192,柳林,2025-02-14 03:00,-5.5,,0,0,88,1021,,,,0
192,柳林,2025-02-14 04:00,-6,,0,0,88,1020.5,,,,0
192,柳林,2025-02-14 05:00,-6.2,,0,0,89,1020.9,,,,0
192,柳林,2025-02-14 06:00,-6.2,,0,0,89,1021,,,,0
192,柳林,2025-02-14 07:00,-7.1,,0,0,88,1020.8,,,,0
192,柳林,2025-02-14 08:00,-6.1,,0,0,89,1021.2,.2,.1,,0
192,柳林,2025-02-14 09:00,-1.8,,.1,0,83,1021.6,1,.86,,0
192,柳林,2025-02-14 10:00,1.3,,0,0,69,1021.3,1,1.65,,0
192,柳林,2025-02-14 11:00,4.8,,.2,0,47,1020.4,1,2.09,,0
192,柳林,2025-02-14 12:00,7.3,,.7,290,34,1019.8,1,2.5,,0
192,柳林,2025-02-14 13:00,9.8,,.4,0,24,1018.5,1,2.67,,0
192,柳林,2025-02-14 14:00,10.5,,.9,200,21,1017.5,1,2.57,,0
192,柳林,2025-02-14 15:00,10.8,,1.3,200,22,1017.1,1,2.25,,0
192,柳林,2025-02-14 16:00,11,,1,200,22,1016.7,1,1.67,,0
192,柳林,2025-02-14 17:00,10.3,,1.1,200,25,1016.3,1,.98,,0
192,柳林,2025-02-14 18:00,6.3,,0,0,42,1016.6,.6,.21,,0
192,柳林,2025-02-14 19:00,4.1,,0,0,50,1016.9,0,0,,0
192,柳林,2025-02-14 20:00,1.5,,0,0,63,1017.4,,,,0
192,柳林,2025-02-14 21:00,-.3,,0,0,70,1017.8,,,,0
192,柳林,2025-02-14 22:00,-1.4,,0,0,78,1017.9,,,,0
192,柳林,2025-02-14 23:00,-2.3,,0,0,79,1017.8,,,,0
192,柳林,2025-02-15 00:00,-3,,0,0,81,1017.5,,,,6
192,柳林,2025-02-15 01:00,-3.5,,0,0,81,1018,,,,0
192,柳林,2025-02-15 02:00,-3.8,,0,0,82,1017.6,,,,0
192,柳林,2025-02-15 03:00,-4.4,,0,0,85,1017.2,,,,0
192,柳林,2025-02-15 04:00,-4.9,,0,0,86,1016.8,,,,0
192,柳林,2025-02-15 05:00,-5.2,,0,0,87,1016.7,,,,0
192,柳林,2025-02-15 06:00,-5.5,,0,0,87,1016.6,,,,0
192,柳林,2025-02-15 07:00,-5.6,,0,0,88,1016.7,,,,0
192,柳林,2025-02-15 08:00,-3.8,,0,0,84,1017.1,0,.07,,8
192,柳林,2025-02-15 09:00,-1.4,,0,0,80,1016.9,0,.35,,9
192,柳林,2025-02-15 10:00,1.1,,0,0,68,1016.8,0,.52,,9
192,柳林,2025-02-15 11:00,2.2,,0,0,63,1016.4,0,.53,,10
192,柳林,2025-02-15 12:00,3.2,,.1,0,60,1015.9,0,.46,,10
192,柳林,2025-02-15 13:00,4.7,,0,0,57,1014.5,0,.52,,10
192,柳林,2025-02-15 14:00,5.5,,.2,0,53,1013.8,.1,.93,,10
192,柳林,2025-02-15 15:00,6,,0,0,55,1012.8,0,.25,,10
192,柳林,2025-02-15 16:00,5.1,,.1,0,57,1013.4,0,.3,,10
192,柳林,2025-02-15 17:00,5.5,,0,0,59,1012.9,0,.23,,10
192,柳林,2025-02-15 18:00,4.8,,0,0,62,1012.8,0,.07,,10
192,柳林,2025-02-15 19:00,4.1,,.1,0,66,1013.1,0,0,,10
192,柳林,2025-02-15 20:00,2.7,,0,0,75,1013.3,,,,9
192,柳林,2025-02-15 21:00,1.5,,0,0,78,1013.7,,,,10
192,柳林,2025-02-15 22:00,.7,,0,0,81,1014.3,,,,9
192,柳林,2025-02-15 23:00,.3,,0,0,82,1014.7,,,,10
192,柳林,2025-02-16 00:00,-1.1,,0,0,86,1014.4,,,,0
192,柳林,2025-02-16 01:00,-1.8,,0,0,88,1014.2,,,,10
192,柳林,2025-02-16 02:00,-2.7,,0,0,90,1014.1,,,,0
192,柳林,2025-02-16 03:00,-3,,0,0,90,1014,,,,10
192,柳林,2025-02-16 04:00,-3.5,,0,0,91,1013.2,,,,0
192,柳林,2025-02-16 05:00,-4,,0,0,91,1013.6,,,,0
192,柳林,2025-02-16 06:00,-4.6,,0,0,91,1013.8,,,,0
192,柳林,2025-02-16 07:00,-4.9,,0,0,91,1014,,,,0
192,柳林,2025-02-16 08:00,-4.2,,0,0,91,1014,.2,.09,,0
192,柳林,2025-02-16 09:00,-.3,,.1,0,88,1013.9,1,.75,,0
192,柳林,2025-02-16 10:00,3.7,,0,0,74,1013.7,1,1.51,,2
192,柳林,2025-02-16 11:00,7.8,,.4,0,54,1013.9,1,2.09,,5
192,柳林,2025-02-16 12:00,10.1,,.4,0,45,1013,1,2.26,,5
192,柳林,2025-02-16 13:00,11.5,,.8,320,42,1011.9,.8,2.19,,5
192,柳林,2025-02-16 14:00,13.1,,.2,0,38,1010.8,1,2.53,,0
192,柳林,2025-02-16 15:00,13.5,,1.2,230,39,1010.4,1,2.15,,0
192,柳林,2025-02-16 16:00,13.6,,.7,140,38,1010,1,1.53,,0
192,柳林,2025-02-16 17:00,13.2,,.3,0,34,1010.2,1,.83,,0
192,柳林,2025-02-16 18:00,11.5,,1.3,250,38,1010.4,.6,.23,,0
192,柳林,2025-02-16 19:00,7.1,,0,0,52,1011.5,0,0,,0
192,柳林,2025-02-16 20:00,4.8,,.1,0,63,1011.7,,,,0
192,柳林,2025-02-16 21:00,2.2,,.1,0,73,1012.6,,,,0
192,柳林,2025-02-16 22:00,1.2,,0,0,75,1013,,,,0
192,柳林,2025-02-16 23:00,.3,,0,0,79,1013.4,,,,0
192,柳林,2025-02-17 00:00,0,,.1,0,80,1013.8,,,,0
192,柳林,2025-02-17 01:00,4.4,,1.8,320,53,1014.6,,,,0
192,柳林,2025-02-17 02:00,4.3,,1,340,51,1014.8,,,,0
192,柳林,2025-02-17 03:00,4.4,,3,340,38,1014.9,,,,0
192,柳林,2025-02-17 04:00,2.6,,.8,50,42,1015.5,,,,0
192,柳林,2025-02-17 05:00,2.2,,1.2,360,34,1016.9,,,,0
192,柳林,2025-02-17 06:00,1.5,,2.3,360,33,1017.6,,,,0
192,柳林,2025-02-17 07:00,1,,2.2,360,26,1018.5,,,,0
192,柳林,2025-02-17 08:00,1.2,,2.6,360,24,1019.8,.3,.09,,0
192,柳林,2025-02-17 09:00,2.5,,2.1,20,22,1020.8,1,.82,,0
192,柳林,2025-02-17 10:00,3.5,,3.1,360,22,1020.6,1,1.57,,0
192,柳林,2025-02-17 11:00,4.5,,3.1,360,21,1020.2,1,2.17,,0
192,柳林,2025-02-17 12:00,5.9,,3.4,320,21,1019.5,1,2.48,,0
192,柳林,2025-02-17 13:00,7,,2.3,320,20,1018.6,1,2.74,,1
192,柳林,2025-02-17 14:00,7.8,,2.3,320,20,1019,1,2.65,,0
192,柳林,2025-02-17 15:00,7.5,,3.3,340,21,1018.5,1,2.26,,0
192,柳林,2025-02-17 16:00,7.2,,3.2,340,24,1017.8,1,1.77,,0
192,柳林,2025-02-17 17:00,6.1,,3.4,340,22,1017.8,1,1.08,,0
192,柳林,2025-02-17 18:00,4,,3.1,360,23,1018.3,.7,.3,,1
192,柳林,2025-02-17 19:00,3,,2.3,340,25,1019.2,0,.01,,6
192,柳林,2025-02-17 20:00,2.2,,.6,360,28,1019.7,,,,8
192,柳林,2025-02-17 21:00,1.1,,.8,360,34,1020.1,,,,8
192,柳林,2025-02-17 22:00,.8,,2,360,40,1020.6,,,,8
192,柳林,2025-02-17 23:00,.4,,3.5,340,41,1020.7,,,,8
192,柳林,2025-02-18 00:00,-.3,,3.1,360,39,1020.7,,,,7
192,柳林,2025-02-18 01:00,-1.2,,1.4,360,41,1021,,,,6
192,柳林,2025-02-18 02:00,-1.3,,1.5,360,40,1021.4,,,,10
192,柳林,2025-02-18 03:00,-1.3,,1.6,340,42,1021.6,,,,10
192,柳林,2025-02-18 04:00,-1.9,,.7,50,43,1021.4,,,,8
192,柳林,2025-02-18 05:00,-1.8,,3.1,340,43,1021.5,,,,8
192,柳林,2025-02-18 06:00,-2.2,,3,360,42,1022.2,,,,8
192,柳林,2025-02-18 07:00,-2.8,,1.4,20,43,1022.5,,,,0
192,柳林,2025-02-18 08:00,-2.3,,1.4,20,39,1023,.2,.1,,0
192,柳林,2025-02-18 09:00,-.5,,1.5,70,37,1022.9,1,.82,,0
192,柳林,2025-02-18 10:00,1.3,,2,360,28,1022.5,1,1.56,,0
192,柳林,2025-02-18 11:00,2.2,,3,360,23,1022.2,1,2.18,,0
192,柳林,2025-02-18 12:00,3.5,,3.2,360,22,1021.3,1,2.6,,0
192,柳林,2025-02-18 13:00,4.1,,2.7,340,17,1020.4,1,2.78,,0
192,柳林,2025-02-18 14:00,5,,2.5,340,20,1019.8,1,2.72,,0
192,柳林,2025-02-18 15:00,5.5,,2.7,360,19,1019.4,1,2.36,,0
192,柳林,2025-02-18 16:00,4.8,,3.5,340,22,1019.8,1,1.82,,0
192,柳林,2025-02-18 17:00,4.3,,2.8,340,25,1019.8,1,1.09,,0
192,柳林,2025-02-18 18:00,2.9,,3,360,31,1020,.9,.32,,0
192,柳林,2025-02-18 19:00,1.8,,2.2,340,33,1021.1,0,0,,0
192,柳林,2025-02-18 20:00,1.6,,2.4,320,31,1021.6,,,,0
192,柳林,2025-02-18 21:00,-.6,,1,360,35,1022,,,,0
192,柳林,2025-02-18 22:00,-1.3,,.9,20,34,1022,,,,0
192,柳林,2025-02-18 23:00,-2.8,,.4,0,40,1022.2,,,,0
192,柳林,2025-02-19 00:00,-2.8,,0,0,39,1022.6,,,,0
192,柳林,2025-02-19 01:00,-4.2,,0,0,47,1022.3,,,,0
192,柳林,2025-02-19 02:00,-4.4,,0,0,53,1022.6,,,,0
192,柳林,2025-02-19 03:00,-5.5,,.2,0,60,1022.4,,,,0
192,柳林,2025-02-19 04:00,-2.9,,1.1,20,40,1022.3,,,,0
192,柳林,2025-02-19 05:00,-2.8,,.6,50,38,1022.5,,,,0
192,柳林,2025-02-19 06:00,-4.5,,.2,0,45,1023,,,,0
192,柳林,2025-02-19 07:00,-5.7,,0,0,54,1023.5,,,,0
192,柳林,2025-02-19 08:00,-4.7,,0,0,60,1024.1,.2,.1,,0
192,柳林,2025-02-19 09:00,-1.5,,0,0,50,1024.6,1,.82,,0
192,柳林,2025-02-19 10:00,.5,,.8,270,39,1024.9,1,1.56,,0
192,柳林,2025-02-19 11:00,2.1,,1.1,270,31,1024.4,1,2.19,,0
192,柳林,2025-02-19 12:00,3.5,,1.1,230,25,1023.7,1,2.59,,0
192,柳林,2025-02-19 13:00,5.1,,2.4,320,23,1022.6,1,2.76,,0
192,柳林,2025-02-19 14:00,5.6,,2.1,320,21,1021.9,1,2.69,,0
192,柳林,2025-02-19 15:00,6,,2.4,360,21,1021.8,1,2.37,,0
192,柳林,2025-02-19 16:00,5.4,,2.7,340,26,1021.7,1,1.79,,0
192,柳林,2025-02-19 17:00,4.6,,2,360,28,1022,1,1.09,,0
192,柳林,2025-02-19 18:00,3,,.8,360,30,1022.6,.9,.32,,0
192,柳林,2025-02-19 19:00,2.2,,1.6,340,33,1023.5,0,.01,,0
192,柳林,2025-02-19 20:00,1.3,,2.2,360,31,1023.9,,,,0
192,柳林,2025-02-19 21:00,0,,.4,0,33,1024.7,,,,0
192,柳林,2025-02-19 22:00,-.6,,1.3,360,36,1025,,,,3
192,柳林,2025-02-19 23:00,-.9,,2.4,340,38,1025.3,,,,8
192,柳林,2025-02-20 00:00,-1.5,,1,360,38,1025.5,,,,8
192,柳林,2025-02-20 01:00,-1.4,,1.9,340,37,1025.6,,,,8
192,柳林,2025-02-20 02:00,-1.8,,.4,0,37,1025.7,,,,9
192,柳林,2025-02-20 03:00,-2.5,,.3,0,39,1025.9,,,,6
192,柳林,2025-02-20 04:00,-3.6,,0,0,42,1026.2,,,,8
192,柳林,2025-02-20 05:00,-2.5,,1.5,360,35,1026.2,,,,8
192,柳林,2025-02-20 06:00,-2.4,,1.8,360,39,1026.4,,,,8
192,柳林,2025-02-20 07:00,-3.1,,.4,0,44,1026.4,,,,7
192,柳林,2025-02-20 08:00,-2.5,,1,20,45,1026.6,0,.08,,8
192,柳林,2025-02-20 09:00,-.9,,.1,0,41,1026.9,.5,.51,,1
192,柳林,2025-02-20 10:00,1.1,,.6,270,36,1026.7,1,1.48,,0
192,柳林,2025-02-20 11:00,2.7,,1.3,320,27,1026.2,1,2.12,,0
192,柳林,2025-02-20 12:00,4,,1.4,360,22,1025.3,1,2.53,,0
192,柳林,2025-02-20 13:00,4.7,,1.5,230,20,1024.3,1,2.69,,1
192,柳林,2025-02-20 14:00,6,,.7,250,19,1023,1,2.62,,0
192,柳林,2025-02-20 15:00,6.5,,1.6,270,20,1022.4,1,2.34,,0
192,柳林,2025-02-20 16:00,6.6,,2.2,360,17,1022.9,1,1.81,,0
192,柳林,2025-02-20 17:00,5.6,,2.1,360,19,1022.9,1,1.09,,0
192,柳林,2025-02-20 18:00,3.6,,2.6,340,28,1023.1,.9,.34,,0
192,柳林,2025-02-20 19:00,2.2,,2.8,340,34,1023.8,0,0,,0
192,柳林,2025-02-20 20:00,1.3,,2.1,340,37,1024.5,,,,2
192,柳林,2025-02-20 21:00,.6,,2,340,37,1025.2,,,,2
192,柳林,2025-02-20 22:00,.1,,2.9,360,34,1025.5,,,,0
192,柳林,2025-02-20 23:00,-.7,,2.7,340,35,1025.8,,,,6
192,柳林,2025-02-21 00:00,-1.2,,2.1,360,37,1025.7,,,,9
192,柳林,2025-02-21 01:00,-1.3,,1.2,360,33,1025.6,,,,9
192,柳林,2025-02-21 02:00,-1.5,,.9,360,35,1026.1,,,,10
192,柳林,2025-02-21 03:00,-1.9,,.5,20,35,1026.3,,,,10
192,柳林,2025-02-21 04:00,-1.9,,.7,50,34,1026.4,,,,10
192,柳林,2025-02-21 05:00,-2,,1.4,50,37,1026.3,,,,10
192,柳林,2025-02-21 06:00,-2.1,,1.5,20,37,1026.5,,,,10
192,柳林,2025-02-21 07:00,-2.3,,.4,0,36,1026.9,,,,10
192,柳林,2025-02-21 08:00,-2,,.5,20,33,1027.5,0,.06,,10
192,柳林,2025-02-21 09:00,-.9,,.9,20,35,1027.7,0,.38,,10
192,柳林,2025-02-21 10:00,.2,,1.6,360,35,1027.4,0,.82,,9
192,柳林,2025-02-21 11:00,.8,,1.5,20,31,1027,0,1.17,,9
192,柳林,2025-02-21 12:00,2.5,,1.9,340,28,1026.1,1,2.38,,5
192,柳林,2025-02-21 13:00,3.1,,1.8,270,25,1025,1,2.82,,0
192,柳林,2025-02-21 14:00,4.7,,1.2,290,24,1024.1,1,2.66,,0
192,柳林,2025-02-21 15:00,5.9,,3.1,360,21,1023.8,1,2.39,,0
192,柳林,2025-02-21 16:00,6.3,,2.6,360,19,1024,1,1.85,,0
192,柳林,2025-02-21 17:00,4.9,,2.8,360,21,1024.6,1,1.15,,0
192,柳林,2025-02-21 18:00,3.3,,.9,360,27,1025.2,.9,.36,,0
192,柳林,2025-02-21 19:00,2,,.7,360,32,1025.7,0,.01,,0
192,柳林,2025-02-21 20:00,1.5,,2,340,34,1026.5,,,,0
192,柳林,2025-02-21 21:00,.2,,.9,20,38,1026.7,,,,0
192,柳林,2025-02-21 22:00,.1,,1.2,360,36,1027.1,,,,0
192,柳林,2025-02-21 23:00,-.9,,.3,0,38,1027.3,,,,0
192,柳林,2025-02-22 00:00,-2.2,,.9,20,42,1027.6,,,,0
192,柳林,2025-02-22 01:00,-2.4,,.2,0,39,1028.2,,,,0
192,柳林,2025-02-22 02:00,-3.4,,.2,0,53,1028.6,,,,0
192,柳林,2025-02-22 03:00,-3.9,,.2,0,53,1028.5,,,,0
192,柳林,2025-02-22 04:00,-4.4,,.1,0,63,1027.9,,,,0
192,柳林,2025-02-22 05:00,-5.1,,0,0,66,1027.4,,,,0
192,柳林,2025-02-22 06:00,-5,,.1,0,65,1027.8,,,,6
192,柳林,2025-02-22 07:00,-4.4,,.1,0,62,1028,,,,6
192,柳林,2025-02-22 08:00,-4,,.2,0,61,1028.5,.3,.14,,3
192,柳林,2025-02-22 09:00,.1,,1.1,20,50,1029,1,.86,,0
192,柳林,2025-02-22 10:00,1,,3.1,360,36,1029.2,1,1.64,,0
192,柳林,2025-02-22 11:00,2.6,,2.5,20,27,1028.9,1,2.28,,0
192,柳林,2025-02-22 12:00,3.2,,1.6,360,27,1028.2,1,2.69,,0
192,柳林,2025-02-22 13:00,4.6,,1.7,290,26,1027.2,1,2.85,,0
192,柳林,2025-02-22 14:00,5.5,,1.1,320,21,1026.6,1,2.78,,0
192,柳林,2025-02-22 15:00,6.6,,.7,320,18,1026,1,2.44,,0
192,柳林,2025-02-22 16:00,6.2,,1.3,230,24,1025.9,1,1.87,,0
192,柳林,2025-02-22 17:00,5.8,,.7,270,21,1025.4,1,1.11,,3
192,柳林,2025-02-22 18:00,4.5,,1.2,340,23,1025.7,.9,.31,,5
192,柳林,2025-02-22 19:00,2.7,,.5,360,27,1026.2,0,.01,,6
192,柳林,2025-02-22 20:00,.4,,0,0,34,1026.5,,,,3
192,柳林,2025-02-22 21:00,-1.4,,.1,0,42,1027.2,,,,2
192,柳林,2025-02-22 22:00,-2.8,,.1,0,48,1027.5,,,,2
192,柳林,2025-02-22 23:00,-3.3,,0,0,53,1027.7,,,,2
192,柳林,2025-02-23 00:00,-4,,0,0,56,1027.7,,,,2
192,柳林,2025-02-23 01:00,-4.6,,0,0,59,1027.5,,,,8
192,柳林,2025-02-23 02:00,-4.9,,.1,0,62,1027.4,,,,8
192,柳林,2025-02-23 03:00,-5.1,,0,0,64,1027.4,,,,9
192,柳林,2025-02-23 04:00,-5.4,,0,0,67,1027.2,,,,6
192,柳林,2025-02-23 05:00,-4.1,,0,0,60,1027.3,,,,9
192,柳林,2025-02-23 06:00,-2.6,,1.7,20,41,1027.8,,,,9
192,柳林,2025-02-23 07:00,-2.5,,2.2,360,38,1028.1,,,,3
192,柳林,2025-02-23 08:00,-2.6,,.4,0,42,1028.2,.4,.13,,0
192,柳林,2025-02-23 09:00,-.4,,.7,230,40,1028.2,1,.9,,0
192,柳林,2025-02-23 10:00,1.2,,1.1,250,36,1027.9,1,1.64,,0
192,柳林,2025-02-23 11:00,2.7,,4.2,320,25,1027.2,1,2.3,,0
192,柳林,2025-02-23 12:00,3.2,,2.7,320,26,1026.5,1,2.7,,0
192,柳林,2025-02-23 13:00,3.5,,3.5,290,25,1025.6,1,2.83,,2
192,柳林,2025-02-23 14:00,3.2,,4.2,340,25,1025,1,2.74,,2
192,柳林,2025-02-23 15:00,2.5,,3,320,32,1024.9,1,2.2,,4
192,柳林,2025-02-23 16:00,1.2,,3.1,340,38,1024.8,1,1.4,,6
192,柳林,2025-02-23 17:00,.8,,5.1,290,32,1025.3,.6,.46,,6
192,柳林,2025-02-23 18:00,-.7,,2.8,270,45,1025.5,.2,.17,,5
192,柳林,2025-02-23 19:00,-.9,,1.8,320,38,1025.8,0,0,,2
192,柳林,2025-02-23 20:00,-1.3,,3,340,36,1026.2,,,,1
192,柳林,2025-02-23 21:00,-1.8,,2.9,340,36,1026.8,,,,1
192,柳林,2025-02-23 22:00,-1.8,,3,340,40,1027,,,,0
192,柳林,2025-02-23 23:00,-2.3,,1.9,320,42,1027.2,,,,0
192,柳林,2025-02-24 00:00,-3.1,,.4,0,43,1026.9,,,,0
192,柳林,2025-02-24 01:00,-4.1,,.1,0,49,1026.9,,,,0
192,柳林,2025-02-24 02:00,-3.7,,.2,0,48,1026.9,,,,0
192,柳林,2025-02-24 03:00,-2.6,,1.8,320,45,1026.4,,,,0
192,柳林,2025-02-24 04:00,-3.6,,.5,160,46,1026.3,,,,0
192,柳林,2025-02-24 05:00,-4.7,,.2,0,51,1026.6,,,,0
192,柳林,2025-02-24 06:00,-4.9,,.4,0,52,1027.2,,,,0
192,柳林,2025-02-24 07:00,-6.5,,.1,0,58,1027.6,,,,0
192,柳林,2025-02-24 08:00,-4.1,,0,0,55,1028.2,.4,.15,,0
192,柳林,2025-02-24 09:00,-1,,.2,0,44,1028.9,1,.94,,0
192,柳林,2025-02-24 10:00,.3,,1,270,39,1028.8,1,1.68,,0
192,柳林,2025-02-24 11:00,2.4,,.7,230,33,1028.5,1,2.3,,0
192,柳林,2025-02-24 12:00,4,,.8,270,29,1027.9,1,2.7,,0
192,柳林,2025-02-24 13:00,5.9,,1.7,250,25,1026.8,1,2.89,,0
192,柳林,2025-02-24 14:00,6.9,,2.3,320,21,1026,1,2.83,,0
192,柳林,2025-02-24 15:00,7.3,,2.7,340,20,1025.5,1,2.5,,0
192,柳林,2025-02-24 16:00,7.1,,3.2,20,21,1025.4,1,1.94,,0
192,柳林,2025-02-24 17:00,6.7,,2.4,360,25,1025.3,1,1.2,,0
192,柳林,2025-02-24 18:00,5,,1.4,340,29,1025.9,.9,.4,,0
192,柳林,2025-02-24 19:00,3.9,,1.5,340,33,1026.4,0,.01,,0
192,柳林,2025-02-24 20:00,2.9,,.9,340,36,1026.9,,,,0
192,柳林,2025-02-24 21:00,2.5,,2.2,340,37,1027.7,,,,0
192,柳林,2025-02-24 22:00,1,,.5,20,40,1028,,,,0
192,柳林,2025-02-24 23:00,-1.8,,.1,0,51,1027.9,,,,0
192,柳林,2025-02-25 00:00,-3,,0,0,57,1027.7,,,,0
192,柳林,2025-02-25 01:00,-4,,0,0,61,1027.8,,,,0
192,柳林,2025-02-25 02:00,-5,,0,0,67,1027.9,,,,0
192,柳林,2025-02-25 03:00,-5.5,,0,0,72,1027.7,,,,0
192,柳林,2025-02-25 04:00,-6.4,,0,0,74,1027,,,,0
192,柳林,2025-02-25 05:00,-7,,0,0,73,1026.6,,,,0
192,柳林,2025-02-25 06:00,-7.4,,0,0,76,1026.5,,,,10
192,柳林,2025-02-25 07:00,-8.2,,0,0,78,1026.4,,,,10
192,柳林,2025-02-25 08:00,-6.5,,0,0,72,1026.8,.1,.11,,4
192,柳林,2025-02-25 09:00,-1.7,,0,0,66,1027.5,1,.98,,2
192,柳林,2025-02-25 10:00,1.4,,.2,0,42,1027,1,1.7,,0
192,柳林,2025-02-25 11:00,4,,.5,360,32,1026,1,2.26,,5
192,柳林,2025-02-25 12:00,4.6,,.7,320,31,1024.8,.8,2.18,,7
192,柳林,2025-02-25 13:00,5.5,,.2,0,26,1023.6,0,1.27,,7
192,柳林,2025-02-25 14:00,9,,1.1,90,29,1022.1,.6,1.63,,6
192,柳林,2025-02-25 15:00,8.8,,.6,90,29,1021,.6,1.43,,10
192,柳林,2025-02-25 16:00,9,,.8,110,31,1020.6,.8,.93,,10
192,柳林,2025-02-25 17:00,9,,2.6,250,17,1020.6,0,.5,,10
192,柳林,2025-02-25 18:00,8.1,,1.8,250,23,1020.4,.2,.22,,7
192,柳林,2025-02-25 19:00,7.1,,2.8,250,29,1020.9,0,.01,,7
192,柳林,2025-02-25 20:00,6.6,,2.1,250,30,1021,,,,7
192,柳林,2025-02-25 21:00,6.1,,3,250,33,1021.3,,,,7
192,柳林,2025-02-25 22:00,5.5,,2.1,250,36,1021.5,,,,0
192,柳林,2025-02-25 23:00,4.5,,1.3,250,44,1021.7,,,,0
192,柳林,2025-02-26 00:00,.8,,0,0,54,1021.4,,,,0
192,柳林,2025-02-26 01:00,-1.6,,0,0,61,1021.6,,,,0
192,柳林,2025-02-26 02:00,-2.8,,0,0,66,1021.4,,,,0
192,柳林,2025-02-26 03:00,-3.3,,0,0,70,1021.1,,,,0
192,柳林,2025-02-26 04:00,-3.8,,.1,0,72,1020.6,,,,0
192,柳林,2025-02-26 05:00,-4.4,,0,0,75,1020.7,,,,0
192,柳林,2025-02-26 06:00,-4.7,,0,0,77,1020.7,,,,0
192,柳林,2025-02-26 07:00,-5,,0,0,80,1021,,,,0
192,柳林,2025-02-26 08:00,-3.7,,0,0,77,1021.8,.4,.17,,0
192,柳林,2025-02-26 09:00,.2,,0,0,72,1022.3,1,.86,,0
192,柳林,2025-02-26 10:00,4.4,,.1,0,59,1022.2,1,1.58,,0
192,柳林,2025-02-26 11:00,8.1,,.8,200,49,1021.6,1,2.17,,0
192,柳林,2025-02-26 12:00,10.3,,.9,290,37,1021.3,1,2.53,,0
192,柳林,2025-02-26 13:00,11.8,,.5,20,30,1020.4,1,2.66,,0
192,柳林,2025-02-26 14:00,12,,.7,250,30,1019.2,1,2.58,,0
192,柳林,2025-02-26 15:00,12.8,,1,270,25,1018.7,1,2.26,,0
192,柳林,2025-02-26 16:00,13,,.5,270,25,1018.3,1,1.75,,0
192,柳林,2025-02-26 17:00,12,,1.5,320,21,1018.4,1,1.03,,3
192,柳林,2025-02-26 18:00,10.3,,.8,360,22,1018.8,.8,.36,,0
192,柳林,2025-02-26 19:00,8.1,,.5,290,30,1019.5,0,.01,,0
192,柳林,2025-02-26 20:00,5.6,,.4,0,41,1020,,,,0
192,柳林,2025-02-26 21:00,1.8,,0,0,44,1020.4,,,,0
192,柳林,2025-02-26 22:00,-.6,,.1,0,50,1021.1,,,,0
192,柳林,2025-02-26 23:00,-1.8,,0,0,56,1021.4,,,,0
192,柳林,2025-02-27 00:00,-2.5,,0,0,60,1021.5,,,,0
192,柳林,2025-02-27 01:00,-3.3,,0,0,60,1021.3,,,,0
192,柳林,2025-02-27 02:00,-4.1,,0,0,63,1021.5,,,,0
192,柳林,2025-02-27 03:00,-4.9,,0,0,65,1021,,,,0
192,柳林,2025-02-27 04:00,-5.1,,0,0,64,1020.9,,,,0
192,柳林,2025-02-27 05:00,-5.8,,0,0,69,1021.4,,,,0
192,柳林,2025-02-27 06:00,-6.1,,0,0,67,1022.2,,,,3
192,柳林,2025-02-27 07:00,-6.3,,0,0,65,1022.4,,,,10
192,柳林,2025-02-27 08:00,-5.2,,0,0,64,1023.2,0,.11,,10
192,柳林,2025-02-27 09:00,-1.3,,0,0,57,1023,.6,.65,,9
192,柳林,2025-02-27 10:00,2.1,,.6,270,47,1023,.9,1.29,,8
192,柳林,2025-02-27 11:00,5.9,,.1,0,30,1022.6,.8,1.62,,7
192,柳林,2025-02-27 12:00,9.2,,.5,200,19,1021.8,1,2.28,,7
192,柳林,2025-02-27 13:00,11.8,,.3,0,17,1020.2,1,2.24,,7
192,柳林,2025-02-27 14:00,13.7,,.5,340,12,1018.8,1,2.14,,8
192,柳林,2025-02-27 15:00,13.1,,2,180,13,1018.1,1,1.72,,8
192,柳林,2025-02-27 16:00,13,,1.4,180,14,1017.7,1,1.81,,6
192,柳林,2025-02-27 17:00,11.3,,1.1,180,18,1017.6,1,.86,,3
192,柳林,2025-02-27 18:00,9.6,,.3,0,18,1017.4,.3,.23,,8
192,柳林,2025-02-27 19:00,9.4,,.4,0,21,1017.9,0,.01,,8
192,柳林,2025-02-27 20:00,9.1,,.4,0,28,1018.6,,,,10
192,柳林,2025-02-27 21:00,9,,.3,0,31,1018.6,,,,10
192,柳林,2025-02-27 22:00,6.5,,0,0,59,1018.3,,,,9
192,柳林,2025-02-27 23:00,5.2,,.1,0,78,1018.2,,,,10
192,柳林,2025-02-28 00:00,5,.3,.4,0,82,1018,,,,9
192,柳林,2025-02-28 01:00,4.9,,0,0,87,1017.6,,,,9
192,柳林,2025-02-28 02:00,4.9,,0,0,86,1017.6,,,,9
192,柳林,2025-02-28 03:00,5.1,,0,0,84,1016.9,,,,9
192,柳林,2025-02-28 04:00,5.1,,0,0,85,1016.5,,,,9
192,柳林,2025-02-28 05:00,5,,0,0,86,1016.9,,,,9
192,柳林,2025-02-28 06:00,5,,0,0,87,1016.7,,,,9
192,柳林,2025-02-28 07:00,5,,.1,0,88,1016.7,0,0,,9
192,柳林,2025-02-28 08:00,5.1,,0,0,87,1017.3,0,.12,,9
192,柳林,2025-02-28 09:00,6.6,,0,0,80,1017.7,.2,.51,,6
192,柳林,2025-02-28 10:00,9.1,,.8,290,69,1017.7,1,1.45,,7
192,柳林,2025-02-28 11:00,11.5,,.8,320,66,1017.4,1,2.3,,6
192,柳林,2025-02-28 12:00,13.4,,.6,250,59,1017.1,.9,2.14,,0
192,柳林,2025-02-28 13:00,15.8,,.9,320,53,1016.7,1,2.84,,0
192,柳林,2025-02-28 14:00,16.4,,.8,180,53,1016,1,2.65,,0
192,柳林,2025-02-28 15:00,17.2,,1,250,48,1015.6,1,2.38,,0
192,柳林,2025-02-28 16:00,17.3,,.7,270,46,1015.3,1,1.86,,0
192,柳林,2025-02-28 17:00,16.6,,1.1,180,51,1015.3,1,1.17,,0
192,柳林,2025-02-28 18:00,15,,.5,270,56,1015.6,.8,.39,,0
192,柳林,2025-02-28 19:00,12.4,,.5,140,66,1016.5,0,.01,,0
192,柳林,2025-02-28 20:00,10.9,,.6,230,72,1016.9,,,,0
192,柳林,2025-02-28 21:00,8.3,,0,0,81,1017.1,,,,0
192,柳林,2025-02-28 22:00,7.2,,.2,0,85,1017.5,,,,0
192,柳林,2025-02-28 23:00,5.3,,0,0,89,1017.4,,,,0
192,柳林,2025-03-01 00:00,5,,.5,320,92,1017.7,,,,0
