,지점,지점명,일시,기온(°C),강수량(mm),풍속(m/s),풍향(16방위),습도(%),현지기압(hPa),일조(hr),일사(MJ/m2),적설(cm),전운량(10분위)
0,159,부산,2025-01-01 01:00,2.6,,4.2,290,25,1012.7,,,,0
1,159,부산,2025-01-01 02:00,2.4,,7.0,320,26,1012.7,,,,0
2,159,부산,2025-01-01 03:00,2.1,,4.1,290,28,1013.3,,,,0
3,159,부산,2025-01-01 04:00,1.4,,2.4,290,30,1013.2,,,,0
4,159,부산,2025-01-01 05:00,1.2,,2.6,290,29,1012.9,,,,0
5,159,부산,2025-01-01 06:00,1.0,,3.0,230,30,1013.3,,,,0
6,159,부산,2025-01-01 07:00,1.1,,2.1,180,27,1013.9,,,,0
7,159,부산,2025-01-01 08:00,1.8,,3.3,320,31,1014.4,0.4,0.03,,0
8,159,부산,2025-01-01 09:00,4.1,,2.0,200,32,1014.7,1.0,0.5,,0
9,159,부산,2025-01-01 10:00,7.0,,2.5,140,36,1014.7,1.0,1.15,,0
10,159,부산,2025-01-01 11:00,8.6,,2.8,160,35,1014.4,1.0,1.68,,0
11,159,부산,2025-01-01 12:00,7.6,,2.9,290,35,1014.2,1.0,2.02,,0
12,159,부산,2025-01-01 13:00,8.4,,2.8,250,33,1013.1,1.0,2.12,,0
13,159,부산,2025-01-01 14:00,9.7,,3.0,290,32,1012.5,1.0,2.02,,0
14,159,부산,2025-01-01 15:00,9.8,,3.0,290,30,1012.2,1.0,1.63,,0
15,159,부산,2025-01-01 16:00,9.5,,4.0,230,33,1012.5,1.0,1.04,,0
16,159,부산,2025-01-01 17:00,7.7,,4.3,250,37,1012.5,0.9,0.43,,0
17,159,부산,2025-01-01 18:00,6.8,,2.3,250,40,1012.6,0.0,0.02,,0
18,159,부산,2025-01-01 19:00,6.0,,2.0,270,41,1013.0,,,,0
19,159,부산,2025-01-01 20:00,6.0,,2.3,270,41,1013.5,,,,0
20,159,부산,2025-01-01 21:00,5.8,,2.6,290,40,1013.8,,,,0
21,159,부산,2025-01-01 22:00,4.8,,1.3,320,44,1013.7,,,,0
22,159,부산,2025-01-01 23:00,5.6,,2.8,320,41,1013.8,,,,0
23,159,부산,2025-01-02 00:00,5.5,,3.5,290,42,1013.9,,,,0
24,159,부산,2025-01-02 01:00,5.1,,3.3,320,44,1013.9,,,,0
25,159,부산,2025-01-02 02:00,4.3,,1.1,360,47,1014.1,,,,0
26,159,부산,2025-01-02 03:00,4.1,,1.8,320,50,1014.3,,,,0
27,159,부산,2025-01-02 04:00,4.0,,1.7,320,48,1013.9,,,,0
28,159,부산,2025-01-02 05:00,3.5,,2.7,250,49,1013.9,,,,0
29,159,부산,2025-01-02 06:00,3.7,,1.9,320,47,1013.9,,,,0
30,159,부산,2025-01-02 07:00,3.1,,2.0,230,50,1014.4,,,,0
31,159,부산,2025-01-02 08:00,2.9,,2.1,250,51,1014.7,0.1,0.02,,0
32,159,부산,2025-01-02 09:00,6.1,,1.9,160,44,1014.9,1.0,0.43,,0
33,159,부산,2025-01-02 10:00,7.8,,1.8,230,34,1015.2,1.0,1.05,,0
34,159,부산,2025-01-02 11:00,9.5,,1.7,340,31,1014.9,1.0,1.6,,0
35,159,부산,2025-01-02 12:00,9.4,,3.6,270,26,1014.1,1.0,1.91,,0
36,159,부산,2025-01-02 13:00,10.1,,2.9,340,23,1012.9,1.0,2.02,,0
37,159,부산,2025-01-02 14:00,11.4,,1.9,320,18,1012.6,1.0,1.92,,0
38,159,부산,2025-01-02 15:00,11.4,,2.1,320,19,1012.7,1.0,1.58,,0
39,159,부산,2025-01-02 16:00,11.5,,2.9,250,24,1012.7,1.0,1.02,,0
40,159,부산,2025-01-02 17:00,9.1,,2.8,230,27,1013.0,0.9,0.39,,0
41,159,부산,2025-01-02 18:00,7.5,,1.4,230,30,1013.4,0.0,0.02,,0
42,159,부산,2025-01-02 19:00,7.0,,2.4,270,28,1013.7,,,,0
43,159,부산,2025-01-02 20:00,7.0,,2.8,320,22,1014.1,,,,0
44,159,부산,2025-01-02 21:00,6.7,,3.2,290,24,1013.7,,,,3
45,159,부산,2025-01-02 22:00,6.1,,2.1,320,24,1013.7,,,,3
46,159,부산,2025-01-02 23:00,5.7,,3.8,320,25,1014.0,,,,8
47,159,부산,2025-01-03 00:00,5.0,,5.3,320,24,1014.0,,,,3
48,159,부산,2025-01-03 01:00,4.2,,5.3,320,26,1013.6,,,,6
49,159,부산,2025-01-03 02:00,3.3,,3.0,20,27,1013.8,,,,5
50,159,부산,2025-01-03 03:00,3.0,,5.2,320,26,1013.9,,,,3
51,159,부산,2025-01-03 04:00,2.3,,2.0,70,27,1013.8,,,,4
52,159,부산,2025-01-03 05:00,1.9,,3.0,90,29,1014.0,,,,4
53,159,부산,2025-01-03 06:00,1.5,,2.4,140,33,1014.5,,,,2
54,159,부산,2025-01-03 07:00,1.0,,3.7,110,39,1014.7,,,,3
55,159,부산,2025-01-03 08:00,0.9,,3.5,340,42,1015.4,0.2,0.02,,0
56,159,부산,2025-01-03 09:00,2.0,,3.5,340,40,1016.2,1.0,0.48,,0
57,159,부산,2025-01-03 10:00,2.9,,4.0,340,34,1016.8,1.0,1.13,,0
58,159,부산,2025-01-03 11:00,3.5,,4.6,320,28,1017.0,1.0,1.71,,1
59,159,부산,2025-01-03 12:00,3.7,,4.1,270,18,1016.6,1.0,2.1,,0
60,159,부산,2025-01-03 13:00,4.3,,5.3,270,17,1016.0,1.0,2.22,,0
61,159,부산,2025-01-03 14:00,4.8,,5.3,270,15,1015.9,1.0,2.1,,0
62,159,부산,2025-01-03 15:00,5.7,,2.2,90,18,1016.1,1.0,1.72,,0
63,159,부산,2025-01-03 16:00,4.9,,3.0,250,17,1016.0,1.0,1.14,,0
64,159,부산,2025-01-03 17:00,3.7,,3.3,270,20,1016.4,1.0,0.47,,0
65,159,부산,2025-01-03 18:00,2.7,,2.0,230,22,1016.8,0.0,0.02,,0
66,159,부산,2025-01-03 19:00,2.2,,2.0,320,23,1016.9,,,,0
67,159,부산,2025-01-03 20:00,1.5,,0.9,250,26,1017.1,,,,0
68,159,부산,2025-01-03 21:00,1.1,,1.7,290,29,1017.2,,,,0
69,159,부산,2025-01-03 22:00,0.9,,2.1,250,29,1017.3,,,,1
70,159,부산,2025-01-03 23:00,1.5,,2.2,270,34,1017.2,,,,1
71,159,부산,2025-01-04 00:00,1.8,,2.0,200,41,1017.1,,,,7
72,159,부산,2025-01-04 01:00,1.8,,2.5,320,42,1017.0,,,,7
73,159,부산,2025-01-04 02:00,1.4,,2.3,320,47,1017.4,,,,5
74,159,부산,2025-01-04 03:00,0.9,,1.0,290,52,1017.3,,,,1
75,159,부산,2025-01-04 04:00,0.3,,1.8,320,52,1016.9,,,,0
76,159,부산,2025-01-04 05:00,0.2,,2.2,320,53,1016.8,,,,0
77,159,부산,2025-01-04 06:00,0.1,,2.4,320,54,1017.6,,,,0
78,159,부산,2025-01-04 07:00,-0.2,,2.8,320,53,1017.9,,,,0
79,159,부산,2025-01-04 08:00,-0.4,,2.4,320,55,1017.9,0.3,0.03,,0
80,159,부산,2025-01-04 09:00,1.9,,1.1,290,49,1018.0,1.0,0.48,,0
81,159,부산,2025-01-04 10:00,3.0,,2.1,340,44,1018.1,1.0,1.14,,0
82,159,부산,2025-01-04 11:00,3.6,,3.0,200,36,1018.0,1.0,1.7,,0
83,159,부산,2025-01-04 12:00,4.4,,4.3,270,34,1017.5,1.0,2.05,,0
84,159,부산,2025-01-04 13:00,5.5,,3.6,250,31,1017.3,1.0,2.16,,0
85,159,부산,2025-01-04 14:00,7.4,,2.7,270,29,1016.6,1.0,2.03,,0
86,159,부산,2025-01-04 15:00,7.4,,3.3,320,28,1016.6,1.0,1.69,,0
87,159,부산,2025-01-04 16:00,7.3,,2.8,270,27,1016.8,1.0,1.13,,0
88,159,부산,2025-01-04 17:00,6.0,,3.2,270,28,1017.1,1.0,0.48,,0
89,159,부산,2025-01-04 18:00,4.6,,1.8,230,32,1017.5,0.0,0.02,,0
90,159,부산,2025-01-04 19:00,4.0,,2.5,270,37,1018.1,,,,0
91,159,부산,2025-01-04 20:00,4.0,,3.0,270,40,1018.2,,,,0
92,159,부산,2025-01-04 21:00,3.2,,1.1,270,42,1017.7,,,,0
93,159,부산,2025-01-04 22:00,2.7,,0.9,270,41,1016.9,,,,0
94,159,부산,2025-01-04 23:00,3.5,,2.9,320,39,1017.0,,,,0
95,159,부산,2025-01-05 00:00,3.3,,3.5,320,35,1016.6,,,,0
96,159,부산,2025-01-05 01:00,2.9,,1.7,90,36,1015.7,,,,0
97,159,부산,2025-01-05 02:00,2.8,,1.8,290,33,1016.0,,,,5
98,159,부산,2025-01-05 03:00,3.1,,3.7,320,33,1015.9,,,,7
99,159,부산,2025-01-05 04:00,3.2,,4.0,320,33,1015.3,,,,9
100,159,부산,2025-01-05 05:00,3.3,,5.3,320,37,1015.7,,,,8
101,159,부산,2025-01-05 06:00,3.2,,2.8,320,42,1015.2,,,,9
102,159,부산,2025-01-05 07:00,3.2,,3.4,320,40,1016.0,,,,9
103,159,부산,2025-01-05 08:00,3.2,,1.2,360,42,1015.9,0.0,0.0,,10
104,159,부산,2025-01-05 09:00,3.9,,2.2,270,41,1016.2,0.0,0.14,,10
105,159,부산,2025-01-05 10:00,4.4,,3.6,250,41,1016.4,0.0,0.3,,10
106,159,부산,2025-01-05 11:00,7.5,,2.6,270,33,1015.3,0.3,0.97,,9
107,159,부산,2025-01-05 12:00,8.4,,3.9,200,34,1014.0,0.9,1.86,,9
108,159,부산,2025-01-05 13:00,8.9,,4.4,200,41,1012.9,0.3,1.27,,8
109,159,부산,2025-01-05 14:00,8.9,,5.7,200,49,1012.0,0.6,1.5,,8
110,159,부산,2025-01-05 15:00,8.7,,5.3,230,57,1011.5,0.0,0.61,,10
111,159,부산,2025-01-05 16:00,9.1,,3.2,230,59,1011.0,0.0,0.54,,5
112,159,부산,2025-01-05 17:00,8.2,,3.7,250,57,1011.0,0.0,0.14,,10
113,159,부산,2025-01-05 18:00,7.7,0.0,3.9,250,61,1011.2,0.0,0.01,,10
114,159,부산,2025-01-05 19:00,7.2,,3.6,250,68,1011.1,,,,10
115,159,부산,2025-01-05 20:00,7.3,,5.7,250,70,1010.8,,,,10
116,159,부산,2025-01-05 21:00,7.1,0.0,4.2,230,73,1010.8,,,,10
117,159,부산,2025-01-05 22:00,6.9,,4.3,250,75,1010.5,,,,10
118,159,부산,2025-01-05 23:00,6.6,,1.8,230,77,1009.6,,,,10
119,159,부산,2025-01-06 00:00,6.5,0.0,4.2,250,76,1009.0,,,,9
120,159,부산,2025-01-06 01:00,6.3,,2.9,250,75,1008.5,,,,7
121,159,부산,2025-01-06 02:00,6.1,,2.4,290,76,1008.3,,,,6
122,159,부산,2025-01-06 03:00,5.5,,2.1,230,78,1008.4,,,,3
123,159,부산,2025-01-06 04:00,5.6,,3.3,250,77,1007.8,,,,0
124,159,부산,2025-01-06 05:00,5.9,,3.9,250,76,1007.0,,,,0
125,159,부산,2025-01-06 06:00,5.7,,3.2,250,78,1006.9,,,,0
126,159,부산,2025-01-06 07:00,5.9,,4.1,250,77,1006.8,,,,0
127,159,부산,2025-01-06 08:00,6.0,,3.8,250,77,1006.6,0.0,0.01,,0
128,159,부산,2025-01-06 09:00,7.4,,2.1,230,69,1006.5,0.5,0.33,,0
129,159,부산,2025-01-06 10:00,8.7,,3.6,250,63,1006.3,1.0,0.88,,3
130,159,부산,2025-01-06 11:00,8.7,,2.8,270,64,1006.1,0.7,1.26,,0
131,159,부산,2025-01-06 12:00,9.0,,2.6,290,59,1005.2,0.9,1.59,,3
132,159,부산,2025-01-06 13:00,10.2,,3.2,360,49,1004.0,0.8,1.54,,1
133,159,부산,2025-01-06 14:00,8.7,,3.1,250,53,1003.6,0.2,0.71,,5
134,159,부산,2025-01-06 15:00,7.2,0.0,7.0,250,53,1004.0,0.0,0.24,,10
135,159,부산,2025-01-06 16:00,7.5,,3.8,270,44,1004.3,0.1,0.51,,8
136,159,부산,2025-01-06 17:00,7.0,,4.9,270,42,1004.7,0.7,0.44,,2
137,159,부산,2025-01-06 18:00,5.1,0.0,3.4,290,47,1005.8,0.0,0.03,,1
138,159,부산,2025-01-06 19:00,4.6,,4.6,270,47,1006.7,,,,0
139,159,부산,2025-01-06 20:00,3.8,,6.1,270,43,1007.1,,,,0
140,159,부산,2025-01-06 21:00,3.1,,7.5,270,44,1007.3,,,,0
141,159,부산,2025-01-06 22:00,2.5,,4.0,230,45,1007.4,,,,0
142,159,부산,2025-01-06 23:00,1.9,,5.5,250,43,1007.6,,,,0
143,159,부산,2025-01-07 00:00,1.2,,4.4,270,43,1007.9,,,,0
144,159,부산,2025-01-07 01:00,0.9,,6.8,270,41,1007.7,,,,0
145,159,부산,2025-01-07 02:00,0.4,,4.7,270,42,1007.9,,,,0
146,159,부산,2025-01-07 03:00,0.1,,5.6,250,44,1008.2,,,,0
147,159,부산,2025-01-07 04:00,-0.3,,5.1,250,46,1009.0,,,,0
148,159,부산,2025-01-07 05:00,-0.6,,5.1,250,47,1008.6,,,,0
149,159,부산,2025-01-07 06:00,-0.9,,4.5,270,49,1008.7,,,,0
150,159,부산,2025-01-07 07:00,-1.1,,5.6,270,49,1009.5,,,,0
151,159,부산,2025-01-07 08:00,-1.1,,5.1,270,48,1010.0,0.2,0.02,,0
152,159,부산,2025-01-07 09:00,-0.5,,5.6,270,44,1010.2,1.0,0.47,,0
153,159,부산,2025-01-07 10:00,1.0,,4.6,250,37,1010.3,1.0,1.15,,0
154,159,부산,2025-01-07 11:00,1.8,,5.7,270,34,1010.0,1.0,1.69,,0
155,159,부산,2025-01-07 12:00,3.9,,3.8,250,30,1008.9,1.0,2.05,,0
156,159,부산,2025-01-07 13:00,4.3,,4.9,250,29,1007.9,1.0,2.09,,2
157,159,부산,2025-01-07 14:00,4.9,,6.4,250,35,1007.2,0.7,1.66,,6
158,159,부산,2025-01-07 15:00,3.4,,7.6,230,41,1007.3,0.2,0.97,,9
159,159,부산,2025-01-07 16:00,4.1,,7.3,230,46,1007.2,0.3,0.71,,8
160,159,부산,2025-01-07 17:00,4.1,,5.3,270,39,1008.0,0.7,0.39,,2
161,159,부산,2025-01-07 18:00,3.1,0.0,4.3,250,41,1008.8,0.0,0.04,,2
162,159,부산,2025-01-07 19:00,2.0,,6.1,250,44,1009.4,,,,0
163,159,부산,2025-01-07 20:00,1.7,,6.1,250,43,1010.0,,,,0
164,159,부산,2025-01-07 21:00,1.4,,6.1,270,43,1010.1,,,,0
165,159,부산,2025-01-07 22:00,1.2,,5.6,270,45,1010.3,,,,0
166,159,부산,2025-01-07 23:00,1.1,,7.4,250,50,1010.1,,,,1
167,159,부산,2025-01-08 00:00,0.9,,3.1,270,51,1010.8,,,,3
168,159,부산,2025-01-08 01:00,0.5,,4.4,270,54,1011.0,,,,2
169,159,부산,2025-01-08 02:00,-0.4,,1.8,340,59,1011.2,,,,0
170,159,부산,2025-01-08 03:00,-0.3,,2.4,270,57,1011.3,,,,0
171,159,부산,2025-01-08 04:00,-0.2,,3.5,230,53,1011.5,,,,1
172,159,부산,2025-01-08 05:00,0.2,,2.7,270,55,1011.4,,,,5
173,159,부산,2025-01-08 06:00,0.1,,2.8,230,59,1011.5,,,,2
174,159,부산,2025-01-08 07:00,0.6,,3.1,250,59,1012.1,,,,7
175,159,부산,2025-01-08 08:00,0.7,,3.4,250,63,1012.5,0.2,0.02,,0
176,159,부산,2025-01-08 09:00,2.0,,2.7,290,57,1012.8,1.0,0.47,,0
177,159,부산,2025-01-08 10:00,3.6,,2.3,230,49,1012.6,1.0,1.12,,0
178,159,부산,2025-01-08 11:00,4.7,,3.3,230,45,1012.2,1.0,1.68,,0
179,159,부산,2025-01-08 12:00,5.7,,4.6,230,46,1011.4,1.0,1.99,,1
180,159,부산,2025-01-08 13:00,6.0,,5.7,230,41,1010.3,1.0,2.12,,1
181,159,부산,2025-01-08 14:00,6.8,,7.2,230,36,1009.1,1.0,2.06,,3
182,159,부산,2025-01-08 15:00,7.7,,8.7,230,32,1008.4,1.0,1.86,,5
183,159,부산,2025-01-08 16:00,6.7,,6.0,230,38,1008.4,0.5,0.89,,8
184,159,부산,2025-01-08 17:00,6.1,,7.7,250,41,1008.3,0.2,0.23,,6
185,159,부산,2025-01-08 18:00,5.7,,4.3,270,39,1008.5,0.0,0.01,,6
186,159,부산,2025-01-08 19:00,4.9,,2.0,270,44,1008.6,,,,3
187,159,부산,2025-01-08 20:00,3.9,,2.3,270,53,1009.2,,,,4
188,159,부산,2025-01-08 21:00,2.9,,2.3,20,61,1009.7,,,,1
189,159,부산,2025-01-08 22:00,2.4,,6.0,270,61,1010.0,,,,1
190,159,부산,2025-01-08 23:00,1.5,,4.3,250,60,1010.1,,,,0
191,159,부산,2025-01-09 00:00,0.2,,2.7,230,66,1010.3,,,,1
192,159,부산,2025-01-09 01:00,-0.2,,4.0,270,53,1010.4,,,,0
193,159,부산,2025-01-09 02:00,-0.6,,4.9,250,47,1010.6,,,,0
194,159,부산,2025-01-09 03:00,-1.0,,5.2,270,45,1011.0,,,,0
195,159,부산,2025-01-09 04:00,-1.5,,6.4,270,53,1011.3,,,,1
196,159,부산,2025-01-09 05:00,-2.0,,5.8,270,53,1012.0,,,,2
197,159,부산,2025-01-09 06:00,-2.7,,4.5,270,48,1013.5,,,,3
198,159,부산,2025-01-09 07:00,-4.1,,3.2,290,47,1014.6,,,,0
199,159,부산,2025-01-09 08:00,-4.5,,2.6,270,34,1015.2,0.3,0.03,,0
200,159,부산,2025-01-09 09:00,-3.8,,3.4,270,33,1015.4,1.0,0.49,,0
201,159,부산,2025-01-09 10:00,-2.7,,3.1,270,31,1015.5,1.0,1.16,,0
202,159,부산,2025-01-09 11:00,-0.6,,2.1,290,29,1014.7,1.0,1.71,,0
203,159,부산,2025-01-09 12:00,-0.8,,3.6,340,28,1013.8,1.0,2.07,,5
204,159,부산,2025-01-09 13:00,-1.2,,4.5,320,35,1013.0,1.0,1.95,,8
205,159,부산,2025-01-09 14:00,-1.0,,3.0,290,35,1012.3,0.6,1.39,,5
206,159,부산,2025-01-09 15:00,-1.2,,5.3,320,32,1011.8,1.0,1.77,,3
207,159,부산,2025-01-09 16:00,0.0,,3.1,320,30,1011.6,0.9,1.06,,3
208,159,부산,2025-01-09 17:00,-2.0,,4.4,250,29,1012.0,1.0,0.61,,1
209,159,부산,2025-01-09 18:00,-3.6,,3.6,250,30,1012.9,0.0,0.03,,0
210,159,부산,2025-01-09 19:00,-4.4,,2.8,290,34,1014.2,,,,6
211,159,부산,2025-01-09 20:00,-5.2,,5.7,270,32,1014.9,,,,4
212,159,부산,2025-01-09 21:00,-6.1,,3.1,320,33,1015.9,,,,1
213,159,부산,2025-01-09 22:00,-7.0,,3.8,320,31,1017.2,,,,0
214,159,부산,2025-01-09 23:00,-8.0,,2.7,340,37,1018.1,,,,0
215,159,부산,2025-01-10 00:00,-8.5,,3.1,110,43,1017.8,,,,0
216,159,부산,2025-01-10 01:00,-9.2,,3.9,340,46,1018.4,,,,0
217,159,부산,2025-01-10 02:00,-9.6,,3.9,290,43,1019.2,,,,0
218,159,부산,2025-01-10 03:00,-9.6,,4.7,270,37,1019.5,,,,0
219,159,부산,2025-01-10 04:00,-9.3,,6.8,290,35,1019.5,,,,0
220,159,부산,2025-01-10 05:00,-9.7,,3.5,50,36,1019.7,,,,0
221,159,부산,2025-01-10 06:00,-10.0,,4.2,290,38,1020.2,,,,0
222,159,부산,2025-01-10 07:00,-10.0,,5.4,270,39,1020.8,,,,0
223,159,부산,2025-01-10 08:00,-9.7,,5.0,270,39,1021.0,0.3,0.04,,0
224,159,부산,2025-01-10 09:00,-7.9,,3.3,340,35,1021.3,1.0,0.5,,0
225,159,부산,2025-01-10 10:00,-4.3,,2.0,250,32,1021.9,1.0,1.14,,0
226,159,부산,2025-01-10 11:00,-4.1,,5.3,250,33,1021.3,1.0,1.74,,0
227,159,부산,2025-01-10 12:00,-2.3,,4.3,230,32,1020.1,1.0,2.1,,0
228,159,부산,2025-01-10 13:00,0.2,,3.6,140,30,1019.4,1.0,2.23,,0
229,159,부산,2025-01-10 14:00,2.3,,3.1,110,28,1018.5,1.0,2.14,,0
230,159,부산,2025-01-10 15:00,2.9,,1.8,320,25,1018.8,1.0,1.78,,0
231,159,부산,2025-01-10 16:00,2.2,,2.4,180,26,1018.9,1.0,1.24,,0
232,159,부산,2025-01-10 17:00,0.9,,3.4,360,27,1019.8,1.0,0.58,,0
233,159,부산,2025-01-10 18:00,-0.8,,2.9,230,29,1020.6,0.1,0.04,,0
234,159,부산,2025-01-10 19:00,-1.4,,2.2,270,31,1020.9,,,,0
235,159,부산,2025-01-10 20:00,-1.8,,2.3,230,33,1021.1,,,,0
236,159,부산,2025-01-10 21:00,-2.5,,1.7,50,35,1021.5,,,,0
237,159,부산,2025-01-10 22:00,-2.4,,3.4,290,37,1021.8,,,,0
238,159,부산,2025-01-10 23:00,-2.7,,3.1,250,40,1021.9,,,,4
239,159,부산,2025-01-11 00:00,-3.1,,2.4,230,43,1021.4,,,,3
240,159,부산,2025-01-11 01:00,-3.2,,3.3,200,46,1021.0,,,,4
241,159,부산,2025-01-11 02:00,-3.1,,2.9,270,49,1020.7,,,,0
242,159,부산,2025-01-11 03:00,-3.8,,1.4,70,50,1020.9,,,,0
243,159,부산,2025-01-11 04:00,-4.0,,2.1,320,53,1020.3,,,,0
244,159,부산,2025-01-11 05:00,-4.0,,2.7,270,53,1020.2,,,,0
245,159,부산,2025-01-11 06:00,-4.8,,0.6,180,56,1020.5,,,,0
246,159,부산,2025-01-11 07:00,-4.6,,2.6,320,56,1020.7,,,,0
247,159,부산,2025-01-11 08:00,-4.4,,2.9,200,57,1020.7,0.3,0.03,,0
248,159,부산,2025-01-11 09:00,-2.8,,2.4,250,52,1021.3,1.0,0.49,,0
249,159,부산,2025-01-11 10:00,-0.6,,1.7,200,47,1021.5,1.0,1.16,,0
250,159,부산,2025-01-11 11:00,0.6,,4.0,230,43,1021.2,1.0,1.71,,0
251,159,부산,2025-01-11 12:00,1.1,,5.0,250,41,1019.5,1.0,2.09,,0
252,159,부산,2025-01-11 13:00,2.3,,5.2,270,39,1018.3,1.0,2.23,,0
253,159,부산,2025-01-11 14:00,2.7,,5.4,270,37,1017.1,1.0,2.12,,2
254,159,부산,2025-01-11 15:00,3.1,,3.6,270,36,1017.3,0.9,1.51,,8
255,159,부산,2025-01-11 16:00,2.3,,3.9,270,37,1017.5,0.6,0.78,,9
256,159,부산,2025-01-11 17:00,1.9,,3.8,270,40,1017.7,0.0,0.26,,9
257,159,부산,2025-01-11 18:00,1.5,,2.2,320,41,1017.4,0.0,0.02,,9
258,159,부산,2025-01-11 19:00,1.0,,1.9,340,43,1016.8,,,,8
259,159,부산,2025-01-11 20:00,0.8,,2.2,340,45,1016.7,,,,9
260,159,부산,2025-01-11 21:00,0.2,,2.1,360,45,1016.8,,,,8
261,159,부산,2025-01-11 22:00,-0.3,,1.4,270,47,1016.9,,,,4
262,159,부산,2025-01-11 23:00,-0.6,,3.0,290,46,1016.7,,,,0
263,159,부산,2025-01-12 00:00,-1.6,,1.4,20,50,1016.2,,,,0
264,159,부산,2025-01-12 01:00,-1.9,,2.2,250,51,1015.6,,,,0
265,159,부산,2025-01-12 02:00,-2.2,,2.1,20,53,1015.1,,,,1
266,159,부산,2025-01-12 03:00,-1.8,,3.5,230,52,1014.7,,,,0
267,159,부산,2025-01-12 04:00,-2.0,,4.0,230,53,1014.2,,,,0
268,159,부산,2025-01-12 05:00,-2.5,,3.5,230,55,1014.0,,,,0
269,159,부산,2025-01-12 06:00,-3.1,,3.1,110,56,1013.9,,,,0
270,159,부산,2025-01-12 07:00,-3.2,,2.6,140,58,1014.2,,,,0
271,159,부산,2025-01-12 08:00,-3.0,,3.0,320,56,1014.2,0.3,0.02,,1
272,159,부산,2025-01-12 09:00,-1.6,,3.7,360,48,1014.0,1.0,0.47,,0
273,159,부산,2025-01-12 10:00,-0.1,,5.1,320,42,1013.9,1.0,1.16,,0
274,159,부산,2025-01-12 11:00,2.2,,3.0,180,38,1013.9,1.0,1.74,,2
275,159,부산,2025-01-12 12:00,3.4,,3.0,160,36,1012.8,1.0,2.06,,0
276,159,부산,2025-01-12 13:00,4.3,,2.8,270,33,1011.7,1.0,2.18,,0
277,159,부산,2025-01-12 14:00,4.0,,4.5,290,34,1011.1,1.0,2.09,,0
278,159,부산,2025-01-12 15:00,4.6,,4.8,270,33,1011.4,1.0,1.73,,0
279,159,부산,2025-01-12 16:00,4.5,,5.2,270,30,1011.7,1.0,1.2,,1
280,159,부산,2025-01-12 17:00,4.0,,4.1,270,31,1012.3,1.0,0.58,,0
281,159,부산,2025-01-12 18:00,2.8,,4.7,270,30,1013.2,0.1,0.04,,0
282,159,부산,2025-01-12 19:00,2.2,,2.7,200,33,1013.7,,,,0
283,159,부산,2025-01-12 20:00,1.8,,2.9,110,36,1014.2,,,,0
284,159,부산,2025-01-12 21:00,1.7,,3.7,270,38,1014.6,,,,0
285,159,부산,2025-01-12 22:00,1.0,,1.9,320,40,1015.2,,,,0
286,159,부산,2025-01-12 23:00,1.3,,6.6,270,41,1015.3,,,,0
287,159,부산,2025-01-13 00:00,0.9,,2.7,110,44,1015.1,,,,0
288,159,부산,2025-01-13 01:00,0.7,,3.7,110,46,1015.5,,,,0
289,159,부산,2025-01-13 02:00,0.4,,3.3,160,47,1015.7,,,,0
290,159,부산,2025-01-13 03:00,0.0,,2.7,140,50,1015.2,,,,0
291,159,부산,2025-01-13 04:00,-0.1,,2.3,140,51,1015.3,,,,0
292,159,부산,2025-01-13 05:00,-0.2,,5.0,250,54,1015.5,,,,0
293,159,부산,2025-01-13 06:00,-0.8,,2.6,250,57,1015.8,,,,0
294,159,부산,2025-01-13 07:00,-1.0,,3.1,140,57,1016.3,,,,0
295,159,부산,2025-01-13 08:00,-0.9,,3.0,200,59,1016.9,0.3,0.03,,0
296,159,부산,2025-01-13 09:00,0.9,,3.0,110,55,1017.7,1.0,0.48,,0
297,159,부산,2025-01-13 10:00,3.1,,3.1,140,48,1018.1,1.0,1.09,,0
298,159,부산,2025-01-13 11:00,4.6,,4.0,110,35,1017.9,1.0,1.73,,0
299,159,부산,2025-01-13 12:00,4.7,,3.9,250,31,1017.5,1.0,2.11,,0
300,159,부산,2025-01-13 13:00,5.5,,4.9,270,27,1016.6,1.0,2.24,,0
301,159,부산,2025-01-13 14:00,7.0,,2.5,320,27,1015.9,1.0,2.13,,0
302,159,부산,2025-01-13 15:00,7.3,,3.5,290,25,1015.7,1.0,1.78,,0
303,159,부산,2025-01-13 16:00,7.7,,2.3,250,29,1015.7,1.0,1.23,,0
304,159,부산,2025-01-13 17:00,5.9,,3.1,200,37,1015.9,1.0,0.54,,0
305,159,부산,2025-01-13 18:00,4.4,,3.2,230,43,1016.5,0.1,0.05,,0
306,159,부산,2025-01-13 19:00,3.5,,0.2,0,46,1016.8,,,,0
307,159,부산,2025-01-13 20:00,3.1,,2.0,290,47,1016.8,,,,0
308,159,부산,2025-01-13 21:00,2.7,,1.0,270,49,1017.2,,,,0
309,159,부산,2025-01-13 22:00,3.5,,3.1,270,50,1017.6,,,,0
310,159,부산,2025-01-13 23:00,2.9,,2.8,270,52,1017.7,,,,0
311,159,부산,2025-01-14 00:00,2.7,,2.5,270,50,1017.4,,,,0
312,159,부산,2025-01-14 01:00,2.6,,2.2,290,49,1017.4,,,,0
313,159,부산,2025-01-14 02:00,2.5,,2.4,290,47,1017.7,,,,0
314,159,부산,2025-01-14 03:00,2.4,,3.2,290,46,1017.7,,,,0
315,159,부산,2025-01-14 04:00,2.5,,2.4,290,47,1017.4,,,,0
316,159,부산,2025-01-14 05:00,1.6,,0.8,90,51,1016.8,,,,2
317,159,부산,2025-01-14 06:00,2.4,,2.9,270,52,1016.6,,,,9
318,159,부산,2025-01-14 07:00,2.8,,3.6,270,53,1016.6,,,,4
319,159,부산,2025-01-14 08:00,3.3,,4.8,270,60,1016.5,0.0,0.02,,0
320,159,부산,2025-01-14 09:00,5.6,,4.5,250,56,1016.6,0.8,0.36,,1
321,159,부산,2025-01-14 10:00,6.9,,5.5,250,55,1016.7,1.0,0.96,,0
322,159,부산,2025-01-14 11:00,8.2,,6.0,230,55,1016.3,1.0,1.53,,2
323,159,부산,2025-01-14 12:00,9.2,,5.5,230,54,1015.4,1.0,1.91,,3
324,159,부산,2025-01-14 13:00,9.5,,6.1,230,51,1014.4,1.0,1.49,,9
325,159,부산,2025-01-14 14:00,10.3,,6.7,250,47,1013.6,0.9,1.56,,7
326,159,부산,2025-01-14 15:00,10.9,,4.8,230,47,1013.3,1.0,1.51,,1
327,159,부산,2025-01-14 16:00,10.7,,5.8,230,45,1013.1,1.0,1.07,,2
328,159,부산,2025-01-14 17:00,10.1,,4.0,230,44,1013.3,0.9,0.51,,1
329,159,부산,2025-01-14 18:00,8.8,,3.5,250,47,1013.5,0.0,0.05,,0
330,159,부산,2025-01-14 19:00,8.7,,4.7,250,51,1014.1,,,,5
331,159,부산,2025-01-14 20:00,8.1,,3.0,250,52,1014.0,,,,7
332,159,부산,2025-01-14 21:00,8.1,,2.6,270,36,1014.0,,,,5
333,159,부산,2025-01-14 22:00,6.9,,2.1,270,35,1014.4,,,,3
334,159,부산,2025-01-14 23:00,5.9,,2.1,340,34,1014.8,,,,2
335,159,부산,2025-01-15 00:00,5.1,,4.8,320,40,1014.8,,,,0
336,159,부산,2025-01-15 01:00,4.5,,4.3,320,47,1014.7,,,,5
337,159,부산,2025-01-15 02:00,4.0,,5.5,320,44,1014.8,,,,4
338,159,부산,2025-01-15 03:00,3.3,,4.3,320,43,1014.8,,,,5
339,159,부산,2025-01-15 04:00,2.8,,3.1,360,43,1014.6,,,,7
340,159,부산,2025-01-15 05:00,2.3,,3.2,250,46,1014.9,,,,6
341,159,부산,2025-01-15 06:00,1.8,,3.2,270,47,1015.6,,,,3
342,159,부산,2025-01-15 07:00,1.1,,3.8,290,48,1016.6,,,,1
343,159,부산,2025-01-15 08:00,0.4,,2.4,320,40,1017.5,0.0,0.01,,0
344,159,부산,2025-01-15 09:00,1.4,,3.5,290,26,1018.2,0.9,0.49,,0
345,159,부산,2025-01-15 10:00,0.9,,4.7,290,25,1018.7,1.0,1.18,,0
346,159,부산,2025-01-15 11:00,2.3,,3.4,140,19,1018.7,1.0,1.77,,0
347,159,부산,2025-01-15 12:00,2.4,,3.6,270,18,1017.7,1.0,2.17,,0
348,159,부산,2025-01-15 13:00,3.6,,3.4,320,17,1016.7,1.0,2.32,,0
349,159,부산,2025-01-15 14:00,4.1,,2.9,290,19,1016.2,1.0,2.21,,0
350,159,부산,2025-01-15 15:00,4.1,,4.1,270,18,1015.9,1.0,1.88,,0
351,159,부산,2025-01-15 16:00,4.6,,3.2,340,20,1016.4,1.0,1.32,,0
352,159,부산,2025-01-15 17:00,3.7,,2.1,200,21,1016.7,1.0,0.62,,0
353,159,부산,2025-01-15 18:00,2.0,,2.5,290,24,1017.2,0.2,0.06,,0
354,159,부산,2025-01-15 19:00,1.3,,2.6,320,25,1017.8,,,,0
355,159,부산,2025-01-15 20:00,0.6,,1.9,290,27,1018.1,,,,0
356,159,부산,2025-01-15 21:00,0.3,,3.1,320,28,1018.1,,,,0
357,159,부산,2025-01-15 22:00,-0.5,,1.9,320,33,1018.3,,,,0
358,159,부산,2025-01-15 23:00,-0.8,,3.0,140,33,1018.1,,,,0
359,159,부산,2025-01-16 00:00,-1.1,,4.8,250,34,1018.1,,,,0
360,159,부산,2025-01-16 01:00,-1.9,,3.1,50,38,1017.6,,,,0
361,159,부산,2025-01-16 02:00,-2.2,,3.5,250,37,1017.7,,,,0
362,159,부산,2025-01-16 03:00,-2.6,,3.1,180,40,1017.5,,,,0
363,159,부산,2025-01-16 04:00,-2.7,,3.0,110,44,1016.7,,,,0
364,159,부산,2025-01-16 05:00,-2.8,,3.1,110,46,1016.5,,,,0
365,159,부산,2025-01-16 06:00,-3.0,,2.5,270,48,1016.8,,,,0
366,159,부산,2025-01-16 07:00,-2.9,,2.6,200,49,1016.7,,,,0
367,159,부산,2025-01-16 08:00,-2.4,,2.2,140,49,1016.8,0.3,0.03,,0
368,159,부산,2025-01-16 09:00,-0.2,,2.6,160,46,1016.8,1.0,0.51,,0
369,159,부산,2025-01-16 10:00,2.6,,2.7,180,44,1017.0,1.0,1.22,,2
370,159,부산,2025-01-16 11:00,2.6,,4.4,250,44,1016.3,1.0,1.88,,2
371,159,부산,2025-01-16 12:00,3.4,,5.4,250,44,1014.9,1.0,2.15,,0
372,159,부산,2025-01-16 13:00,5.4,,3.3,250,43,1013.8,1.0,2.25,,0
373,159,부산,2025-01-16 14:00,6.2,,2.9,290,39,1013.1,1.0,2.15,,0
374,159,부산,2025-01-16 15:00,7.3,,3.1,270,37,1012.5,1.0,1.82,,0
375,159,부산,2025-01-16 16:00,7.0,,4.0,250,38,1012.7,1.0,1.26,,0
376,159,부산,2025-01-16 17:00,6.4,,2.4,250,39,1013.2,1.0,0.6,,0
377,159,부산,2025-01-16 18:00,4.6,,2.1,250,41,1013.7,0.2,0.06,,0
378,159,부산,2025-01-16 19:00,4.2,,3.2,250,43,1014.2,,,,0
379,159,부산,2025-01-16 20:00,3.8,,2.0,250,44,1014.6,,,,0
380,159,부산,2025-01-16 21:00,3.6,,4.4,320,46,1015.1,,,,0
381,159,부산,2025-01-16 22:00,3.0,,3.0,320,48,1015.5,,,,0
382,159,부산,2025-01-16 23:00,2.8,,4.1,320,49,1016.0,,,,0
383,159,부산,2025-01-17 00:00,2.2,,3.3,320,49,1016.1,,,,0
384,159,부산,2025-01-17 01:00,1.6,,2.0,20,50,1016.4,,,,0
385,159,부산,2025-01-17 02:00,1.2,,1.3,290,53,1016.6,,,,0
386,159,부산,2025-01-17 03:00,1.3,,2.1,290,51,1016.3,,,,0
387,159,부산,2025-01-17 04:00,1.0,,1.5,250,50,1016.2,,,,0
388,159,부산,2025-01-17 05:00,0.6,,0.8,320,52,1016.4,,,,0
389,159,부산,2025-01-17 06:00,0.7,,1.1,180,53,1016.7,,,,0
390,159,부산,2025-01-17 07:00,0.5,,1.4,140,56,1017.3,,,,0
391,159,부산,2025-01-17 08:00,0.6,,1.1,50,56,1017.8,0.1,0.02,,0
392,159,부산,2025-01-17 09:00,3.3,,1.4,180,49,1017.9,1.0,0.44,,0
393,159,부산,2025-01-17 10:00,5.5,,1.3,20,44,1018.1,1.0,1.07,,0
394,159,부산,2025-01-17 11:00,7.6,,2.2,90,38,1017.8,1.0,1.64,,0
395,159,부산,2025-01-17 12:00,9.1,,3.4,180,35,1017.2,1.0,2.0,,0
396,159,부산,2025-01-17 13:00,9.0,,2.6,200,36,1016.3,1.0,2.15,,0
397,159,부산,2025-01-17 14:00,8.5,,3.0,180,39,1015.7,1.0,2.05,,0
398,159,부산,2025-01-17 15:00,8.5,,2.9,160,39,1015.7,1.0,1.73,,0
399,159,부산,2025-01-17 16:00,8.5,,2.1,160,39,1015.8,1.0,1.16,,0
400,159,부산,2025-01-17 17:00,7.0,,2.2,180,43,1016.1,1.0,0.54,,0
401,159,부산,2025-01-17 18:00,5.0,,1.7,180,47,1016.8,0.2,0.05,,0
402,159,부산,2025-01-17 19:00,4.1,,0.7,250,50,1017.2,,,,0
403,159,부산,2025-01-17 20:00,3.7,,1.0,360,51,1017.4,,,,0
404,159,부산,2025-01-17 21:00,3.1,,0.4,0,54,1017.2,,,,0
405,159,부산,2025-01-17 22:00,3.3,,1.2,290,51,1017.3,,,,0
406,159,부산,2025-01-17 23:00,3.5,,2.3,290,48,1017.4,,,,0
407,159,부산,2025-01-18 00:00,2.6,,1.4,290,50,1017.2,,,,0
408,159,부산,2025-01-18 01:00,3.7,,3.1,290,43,1016.7,,,,0
409,159,부산,2025-01-18 02:00,3.6,,2.1,320,43,1016.5,,,,0
410,159,부산,2025-01-18 03:00,3.9,,4.1,320,41,1016.5,,,,0
411,159,부산,2025-01-18 04:00,3.6,,6.0,320,42,1016.0,,,,0
412,159,부산,2025-01-18 05:00,3.2,,4.7,320,41,1015.7,,,,0
413,159,부산,2025-01-18 06:00,3.9,,3.9,320,39,1015.7,,,,0
414,159,부산,2025-01-18 07:00,2.8,,2.9,290,43,1016.5,,,,0
415,159,부산,2025-01-18 08:00,3.4,,2.6,270,40,1016.7,0.3,0.03,,0
416,159,부산,2025-01-18 09:00,5.2,,2.5,250,38,1016.6,1.0,0.51,,0
417,159,부산,2025-01-18 10:00,6.8,,2.5,290,34,1016.7,1.0,1.19,,1
418,159,부산,2025-01-18 11:00,8.9,,2.3,250,26,1016.5,1.0,1.74,,1
419,159,부산,2025-01-18 12:00,10.3,,2.2,230,22,1015.5,1.0,2.14,,2
420,159,부산,2025-01-18 13:00,11.4,,3.1,270,17,1014.4,1.0,2.19,,5
421,159,부산,2025-01-18 14:00,10.8,,4.3,230,21,1013.5,1.0,2.0,,8
422,159,부산,2025-01-18 15:00,11.1,,4.8,230,33,1013.1,1.0,1.71,,8
423,159,부산,2025-01-18 16:00,9.4,,4.5,180,44,1012.9,1.0,1.03,,8
424,159,부산,2025-01-18 17:00,8.4,,2.6,200,47,1012.5,0.0,0.32,,9
425,159,부산,2025-01-18 18:00,8.0,,3.3,230,47,1013.0,0.0,0.05,,8
426,159,부산,2025-01-18 19:00,7.5,,3.1,230,45,1013.4,,,,8
427,159,부산,2025-01-18 20:00,7.1,,3.0,250,47,1013.3,,,,6
428,159,부산,2025-01-18 21:00,6.5,,3.5,250,42,1012.8,,,,8
429,159,부산,2025-01-18 22:00,6.5,,3.7,250,46,1012.3,,,,9
430,159,부산,2025-01-18 23:00,6.2,,2.1,250,51,1012.0,,,,8
431,159,부산,2025-01-19 00:00,5.6,,1.8,270,52,1011.5,,,,7
432,159,부산,2025-01-19 01:00,5.7,,3.5,250,54,1011.5,,,,4
433,159,부산,2025-01-19 02:00,5.0,,1.9,290,51,1010.7,,,,0
434,159,부산,2025-01-19 03:00,5.3,,3.1,290,44,1010.4,,,,0
435,159,부산,2025-01-19 04:00,4.1,,2.4,270,48,1010.3,,,,0
436,159,부산,2025-01-19 05:00,4.1,,3.2,250,55,1010.0,,,,0
437,159,부산,2025-01-19 06:00,3.9,,2.8,230,57,1010.0,,,,0
438,159,부산,2025-01-19 07:00,4.7,,3.1,230,44,1010.1,,,,0
439,159,부산,2025-01-19 08:00,4.9,,1.7,250,38,1010.1,0.3,0.03,,0
440,159,부산,2025-01-19 09:00,7.9,,2.5,230,31,1009.6,1.0,0.51,,1
441,159,부산,2025-01-19 10:00,9.5,,2.8,230,34,1009.5,1.0,1.16,,4
442,159,부산,2025-01-19 11:00,10.0,,4.1,250,34,1009.1,1.0,1.61,,7
443,159,부산,2025-01-19 12:00,9.7,,5.5,270,32,1008.2,1.0,1.74,,7
444,159,부산,2025-01-19 13:00,11.3,,5.3,250,41,1007.0,1.0,2.05,,8
445,159,부산,2025-01-19 14:00,11.1,,4.7,270,40,1006.1,1.0,2.01,,8
446,159,부산,2025-01-19 15:00,11.3,,3.7,250,45,1006.1,1.0,1.49,,8
447,159,부산,2025-01-19 16:00,11.5,,3.3,200,49,1006.0,0.9,1.04,,6
448,159,부산,2025-01-19 17:00,10.4,,3.3,180,58,1006.0,1.0,0.62,,6
449,159,부산,2025-01-19 18:00,8.6,,2.0,200,60,1006.2,0.2,0.1,,7
450,159,부산,2025-01-19 19:00,8.0,,3.2,250,49,1006.6,,,,6
451,159,부산,2025-01-19 20:00,7.4,,4.4,250,41,1006.9,,,,4
452,159,부산,2025-01-19 21:00,6.6,,3.5,270,41,1007.1,,,,0
453,159,부산,2025-01-19 22:00,6.1,,3.3,270,43,1007.2,,,,0
454,159,부산,2025-01-19 23:00,6.3,,2.8,290,33,1007.2,,,,0
455,159,부산,2025-01-20 00:00,6.3,,4.2,320,27,1006.9,,,,0
456,159,부산,2025-01-20 01:00,5.5,,3.0,290,31,1006.7,,,,0
457,159,부산,2025-01-20 02:00,5.1,,3.4,290,37,1006.7,,,,0
458,159,부산,2025-01-20 03:00,4.8,,3.0,290,45,1006.8,,,,0
459,159,부산,2025-01-20 04:00,4.5,,2.6,290,49,1006.5,,,,0
460,159,부산,2025-01-20 05:00,3.8,,1.0,110,52,1006.3,,,,0
461,159,부산,2025-01-20 06:00,3.5,,1.9,290,55,1006.6,,,,0
462,159,부산,2025-01-20 07:00,3.6,,3.0,290,57,1007.0,,,,0
463,159,부산,2025-01-20 08:00,4.3,,3.1,320,57,1007.2,0.1,0.03,,0
464,159,부산,2025-01-20 09:00,5.6,,2.1,320,54,1007.4,1.0,0.4,,0
465,159,부산,2025-01-20 10:00,7.8,,1.2,320,47,1007.8,1.0,1.0,,0
466,159,부산,2025-01-20 11:00,10.1,,1.6,20,39,1007.3,1.0,1.53,,0
467,159,부산,2025-01-20 12:00,9.5,,3.7,270,43,1006.6,1.0,1.92,,0
468,159,부산,2025-01-20 13:00,11.0,,2.4,290,37,1006.0,1.0,2.03,,0
469,159,부산,2025-01-20 14:00,11.3,,2.1,340,33,1005.4,1.0,1.93,,0
470,159,부산,2025-01-20 15:00,11.0,,3.3,230,39,1005.3,1.0,1.62,,0
471,159,부산,2025-01-20 16:00,10.2,,3.4,200,42,1005.5,1.0,1.11,,0
472,159,부산,2025-01-20 17:00,9.2,,3.4,250,42,1005.9,1.0,0.49,,0
473,159,부산,2025-01-20 18:00,7.9,,3.3,230,45,1006.8,0.1,0.07,,0
474,159,부산,2025-01-20 19:00,7.0,,1.7,270,54,1007.5,,,,0
475,159,부산,2025-01-20 20:00,6.6,,2.0,270,57,1007.9,,,,0
476,159,부산,2025-01-20 21:00,6.1,,1.9,250,57,1008.2,,,,0
477,159,부산,2025-01-20 22:00,5.5,,1.5,20,53,1008.6,,,,0
478,159,부산,2025-01-20 23:00,4.9,,0.8,110,56,1008.8,,,,0
479,159,부산,2025-01-21 00:00,4.8,,2.0,320,56,1009.1,,,,0
480,159,부산,2025-01-21 01:00,4.9,,2.3,320,52,1009.2,,,,0
481,159,부산,2025-01-21 02:00,4.8,,4.6,320,51,1009.5,,,,0
482,159,부산,2025-01-21 03:00,4.7,,4.9,320,51,1009.8,,,,0
483,159,부산,2025-01-21 04:00,4.5,,3.3,320,52,1009.8,,,,0
484,159,부산,2025-01-21 05:00,4.2,,2.8,290,52,1010.0,,,,0
485,159,부산,2025-01-21 06:00,3.5,,6.7,320,56,1010.5,,,,0
486,159,부산,2025-01-21 07:00,3.4,,4.4,290,56,1011.3,,,,0
487,159,부산,2025-01-21 08:00,3.7,,1.9,320,54,1011.9,0.0,0.02,,0
488,159,부산,2025-01-21 09:00,5.1,,2.5,320,51,1012.1,0.9,0.36,,0
489,159,부산,2025-01-21 10:00,6.9,,2.7,320,46,1012.4,1.0,0.94,,0
490,159,부산,2025-01-21 11:00,6.8,,4.6,320,47,1012.6,1.0,1.49,,0
491,159,부산,2025-01-21 12:00,9.0,,3.6,320,41,1012.4,1.0,1.87,,0
492,159,부산,2025-01-21 13:00,10.9,,2.6,290,36,1011.6,1.0,2.06,,0
493,159,부산,2025-01-21 14:00,11.5,,3.2,250,34,1011.2,1.0,2.01,,0
494,159,부산,2025-01-21 15:00,11.5,,3.4,250,34,1011.0,1.0,1.77,,0
495,159,부산,2025-01-21 16:00,10.8,,3.6,230,31,1011.5,1.0,1.23,,0
496,159,부산,2025-01-21 17:00,10.1,,2.3,230,36,1012.0,1.0,0.54,,0
497,159,부산,2025-01-21 18:00,8.5,,1.4,200,40,1012.6,0.3,0.07,,0
498,159,부산,2025-01-21 19:00,7.6,,0.2,0,38,1013.1,,,,0
499,159,부산,2025-01-21 20:00,7.3,,0.6,290,35,1013.6,,,,0
500,159,부산,2025-01-21 21:00,7.9,,4.4,320,31,1013.9,,,,0
501,159,부산,2025-01-21 22:00,7.2,,2.2,320,33,1014.1,,,,0
502,159,부산,2025-01-21 23:00,6.7,,0.2,0,34,1014.3,,,,0
503,159,부산,2025-01-22 00:00,6.8,,3.3,320,33,1014.3,,,,0
504,159,부산,2025-01-22 01:00,6.7,,4.3,320,35,1014.1,,,,0
505,159,부산,2025-01-22 02:00,6.2,,3.5,320,35,1014.2,,,,0
506,159,부산,2025-01-22 03:00,6.0,,3.9,290,35,1014.5,,,,0
507,159,부산,2025-01-22 04:00,6.2,,3.3,290,32,1014.6,,,,0
508,159,부산,2025-01-22 05:00,5.9,,5.4,320,33,1014.8,,,,0
509,159,부산,2025-01-22 06:00,5.5,,2.9,320,31,1015.1,,,,0
510,159,부산,2025-01-22 07:00,4.9,,1.2,20,34,1015.4,,,,1
511,159,부산,2025-01-22 08:00,5.3,,3.5,290,31,1015.8,0.0,0.03,,1
512,159,부산,2025-01-22 09:00,6.9,,5.0,320,29,1016.1,1.0,0.43,,3
513,159,부산,2025-01-22 10:00,8.9,,3.3,320,24,1016.5,1.0,1.05,,1
514,159,부산,2025-01-22 11:00,10.4,,2.5,290,24,1016.2,1.0,1.62,,2
515,159,부산,2025-01-22 12:00,12.2,,2.0,230,22,1015.3,1.0,1.85,,1
516,159,부산,2025-01-22 13:00,12.0,,3.6,230,22,1014.4,1.0,2.05,,4
517,159,부산,2025-01-22 14:00,12.5,,3.8,230,23,1013.9,1.0,1.93,,5
518,159,부산,2025-01-22 15:00,11.7,,4.8,230,24,1013.4,1.0,1.55,,9
519,159,부산,2025-01-22 16:00,11.6,,4.3,180,37,1013.8,0.9,1.05,,8
520,159,부산,2025-01-22 17:00,9.7,,3.8,200,45,1014.0,0.4,0.46,,7
521,159,부산,2025-01-22 18:00,9.2,,1.8,230,45,1014.1,0.0,0.04,,8
522,159,부산,2025-01-22 19:00,9.0,,3.0,250,40,1014.4,,,,9
523,159,부산,2025-01-22 20:00,8.6,,2.6,250,39,1014.3,,,,6
524,159,부산,2025-01-22 21:00,8.6,,2.3,250,36,1014.3,,,,10
525,159,부산,2025-01-22 22:00,8.2,,3.2,270,42,1014.5,,,,8
526,159,부산,2025-01-22 23:00,8.0,,2.7,270,42,1014.7,,,,7
527,159,부산,2025-01-23 00:00,7.6,,2.2,290,44,1014.4,,,,5
528,159,부산,2025-01-23 01:00,7.7,,2.6,320,40,1014.5,,,,8
529,159,부산,2025-01-23 02:00,8.0,,4.1,320,39,1014.5,,,,4
530,159,부산,2025-01-23 03:00,7.5,,3.0,290,42,1014.5,,,,7
531,159,부산,2025-01-23 04:00,7.1,,3.1,270,42,1014.4,,,,3
532,159,부산,2025-01-23 05:00,6.6,,3.2,290,43,1014.2,,,,0
533,159,부산,2025-01-23 06:00,6.1,,1.3,140,43,1014.2,,,,0
534,159,부산,2025-01-23 07:00,5.3,,1.5,50,44,1014.9,,,,2
535,159,부산,2025-01-23 08:00,5.2,,0.8,50,47,1015.5,0.0,0.02,,1
536,159,부산,2025-01-23 09:00,7.2,,1.2,110,46,1015.8,0.9,0.4,,7
537,159,부산,2025-01-23 10:00,9.6,,1.4,110,42,1016.0,1.0,0.88,,3
538,159,부산,2025-01-23 11:00,11.8,,1.4,140,37,1015.7,1.0,1.46,,1
539,159,부산,2025-01-23 12:00,12.9,,2.4,110,30,1014.9,1.0,1.82,,1
540,159,부산,2025-01-23 13:00,13.6,,3.0,270,17,1013.8,1.0,2.05,,0
541,159,부산,2025-01-23 14:00,13.1,,4.0,180,41,1013.3,1.0,1.97,,0
542,159,부산,2025-01-23 15:00,12.6,,3.8,180,45,1013.1,1.0,1.59,,0
543,159,부산,2025-01-23 16:00,12.1,,2.3,200,47,1013.1,1.0,1.07,,0
544,159,부산,2025-01-23 17:00,11.1,,1.4,110,48,1013.4,1.0,0.5,,0
545,159,부산,2025-01-23 18:00,9.5,,1.7,70,47,1013.9,0.0,0.06,,0
546,159,부산,2025-01-23 19:00,8.7,,0.3,0,48,1014.2,,,,0
547,159,부산,2025-01-23 20:00,7.7,,0.7,20,48,1014.6,,,,0
548,159,부산,2025-01-23 21:00,7.3,,2.3,50,46,1014.8,,,,0
549,159,부산,2025-01-23 22:00,7.3,,0.8,270,49,1015.0,,,,4
550,159,부산,2025-01-23 23:00,6.9,,1.1,360,44,1015.6,,,,5
551,159,부산,2025-01-24 00:00,6.5,,1.0,50,47,1015.8,,,,5
552,159,부산,2025-01-24 01:00,6.1,,1.0,20,50,1015.7,,,,5
553,159,부산,2025-01-24 02:00,5.9,,0.6,90,51,1015.8,,,,6
554,159,부산,2025-01-24 03:00,5.8,,2.3,20,40,1015.7,,,,6
555,159,부산,2025-01-24 04:00,5.7,,2.6,20,37,1015.5,,,,6
556,159,부산,2025-01-24 05:00,5.6,,3.3,20,46,1015.0,,,,0
557,159,부산,2025-01-24 06:00,5.5,,3.1,50,53,1014.9,,,,0
558,159,부산,2025-01-24 07:00,5.5,,3.1,20,58,1015.4,,,,0
559,159,부산,2025-01-24 08:00,5.6,,2.2,20,61,1015.9,0.0,0.02,,0
560,159,부산,2025-01-24 09:00,8.3,,3.1,50,56,1016.3,1.0,0.45,,0
561,159,부산,2025-01-24 10:00,10.6,,2.8,20,51,1016.7,1.0,1.1,,0
562,159,부산,2025-01-24 11:00,12.6,,1.7,20,47,1016.8,1.0,1.66,,0
563,159,부산,2025-01-24 12:00,13.6,,2.7,70,43,1016.1,1.0,2.09,,3
564,159,부산,2025-01-24 13:00,13.2,,4.0,90,46,1015.3,1.0,2.48,,4
565,159,부산,2025-01-24 14:00,12.9,,2.9,70,44,1014.8,0.6,1.79,,4
566,159,부산,2025-01-24 15:00,13.0,,3.3,70,44,1014.3,0.8,1.75,,4
567,159,부산,2025-01-24 16:00,12.0,,4.0,70,47,1014.5,1.0,1.43,,5
568,159,부산,2025-01-24 17:00,10.8,,3.5,50,49,1014.8,0.9,0.78,,6
569,159,부산,2025-01-24 18:00,9.1,,3.2,50,56,1015.4,0.0,0.07,,6
570,159,부산,2025-01-24 19:00,8.4,,3.7,50,55,1016.3,,,,4
571,159,부산,2025-01-24 20:00,7.9,,3.1,50,57,1016.7,,,,7
572,159,부산,2025-01-24 21:00,7.4,,2.4,20,58,1017.2,,,,0
573,159,부산,2025-01-24 22:00,6.6,,2.6,50,57,1017.2,,,,0
574,159,부산,2025-01-24 23:00,6.2,,2.9,50,60,1017.1,,,,0
575,159,부산,2025-01-25 00:00,5.9,,2.5,20,63,1017.1,,,,0
576,159,부산,2025-01-25 01:00,5.5,,3.2,50,66,1017.2,,,,0
577,159,부산,2025-01-25 02:00,5.2,,3.6,50,69,1017.4,,,,0
578,159,부산,2025-01-25 03:00,5.6,,3.6,50,70,1017.5,,,,0
579,159,부산,2025-01-25 04:00,5.7,,4.3,50,69,1017.2,,,,0
580,159,부산,2025-01-25 05:00,5.5,,3.8,20,69,1017.2,,,,0
581,159,부산,2025-01-25 06:00,5.2,,4.1,70,68,1017.4,,,,2
582,159,부산,2025-01-25 07:00,5.2,,3.7,50,74,1018.2,,,,7
583,159,부산,2025-01-25 08:00,4.9,,3.6,50,83,1018.7,0.0,0.01,,6
584,159,부산,2025-01-25 09:00,5.4,0.0,2.9,50,81,1019.0,0.0,0.14,,8
585,159,부산,2025-01-25 10:00,6.5,,4.5,50,70,1019.0,0.0,0.45,,4
586,159,부산,2025-01-25 11:00,9.0,,4.3,50,59,1019.3,0.6,1.2,,6
587,159,부산,2025-01-25 12:00,9.6,0.0,4.2,70,55,1019.0,0.3,1.31,,4
588,159,부산,2025-01-25 13:00,9.6,,5.1,70,51,1018.3,0.6,1.85,,5
589,159,부산,2025-01-25 14:00,11.2,,3.2,50,46,1017.9,0.8,2.03,,4
590,159,부산,2025-01-25 15:00,10.1,,3.6,50,47,1017.5,0.5,1.24,,4
591,159,부산,2025-01-25 16:00,10.0,,4.1,50,48,1017.8,0.7,1.15,,4
592,159,부산,2025-01-25 17:00,7.7,,4.1,70,56,1018.2,0.5,0.58,,4
593,159,부산,2025-01-25 18:00,6.6,,4.3,50,59,1018.8,0.2,0.11,,9
594,159,부산,2025-01-25 19:00,6.3,,3.7,50,61,1019.1,,,,9
595,159,부산,2025-01-25 20:00,5.8,,4.3,50,65,1019.6,,,,9
596,159,부산,2025-01-25 21:00,5.4,0.0,4.0,50,66,1019.5,,,,8
597,159,부산,2025-01-25 22:00,5.1,,4.1,50,64,1019.6,,,,9
598,159,부산,2025-01-25 23:00,5.0,,3.3,50,66,1019.5,,,,9
599,159,부산,2025-01-26 00:00,5.1,0.0,5.3,50,63,1019.6,,,,9
600,159,부산,2025-01-26 01:00,5.1,,4.1,50,63,1019.2,,,,10
601,159,부산,2025-01-26 02:00,5.2,,4.2,50,57,1019.4,,,,9
602,159,부산,2025-01-26 03:00,5.3,,2.8,20,54,1019.2,,,,9
603,159,부산,2025-01-26 04:00,5.4,,4.4,50,52,1018.9,,,,10
604,159,부산,2025-01-26 05:00,5.4,,4.6,20,51,1018.7,,,,10
605,159,부산,2025-01-26 06:00,4.7,0.0,3.4,320,56,1018.9,,,,10
606,159,부산,2025-01-26 07:00,5.2,,3.1,20,52,1019.3,,,,10
607,159,부산,2025-01-26 08:00,4.7,,3.7,50,55,1018.4,0.0,0.02,,7
608,159,부산,2025-01-26 09:00,6.4,0.0,4.7,50,51,1017.9,0.7,0.45,,5
609,159,부산,2025-01-26 10:00,7.7,,4.2,50,50,1018.3,0.8,1.02,,8
610,159,부산,2025-01-26 11:00,6.4,,4.8,50,62,1018.1,0.0,0.39,,10
611,159,부산,2025-01-26 12:00,5.5,0.5,3.1,50,84,1017.1,0.0,0.43,,8
612,159,부산,2025-01-26 13:00,8.0,,3.7,50,60,1015.4,0.1,1.09,,9
613,159,부산,2025-01-26 14:00,6.8,,3.9,50,69,1014.7,0.1,0.72,,10
614,159,부산,2025-01-26 15:00,6.7,0.0,2.9,20,65,1014.2,0.0,0.47,,10
615,159,부산,2025-01-26 16:00,6.8,,4.5,70,63,1014.2,0.0,0.43,,10
616,159,부산,2025-01-26 17:00,6.1,,2.7,20,64,1014.2,0.0,0.08,,10
617,159,부산,2025-01-26 18:00,5.7,0.0,4.1,50,67,1014.0,0.0,0.03,,10
618,159,부산,2025-01-26 19:00,5.8,,3.9,50,61,1014.1,,,,9
619,159,부산,2025-01-26 20:00,5.7,,3.5,50,62,1013.6,,,,8
620,159,부산,2025-01-26 21:00,5.3,,3.3,50,62,1013.0,,,,5
621,159,부산,2025-01-26 22:00,5.2,,3.1,50,64,1012.0,,,,10
622,159,부산,2025-01-26 23:00,5.2,,3.5,50,64,1011.2,,,,8
623,159,부산,2025-01-27 00:00,5.6,,3.3,50,64,1010.5,,,,10
624,159,부산,2025-01-27 01:00,5.9,,2.9,50,62,1009.7,,,,10
625,159,부산,2025-01-27 02:00,6.0,,1.8,20,63,1009.4,,,,10
626,159,부산,2025-01-27 03:00,5.1,0.0,2.3,320,68,1008.6,,,,10
627,159,부산,2025-01-27 04:00,5.4,,2.6,20,67,1007.6,,,,10
628,159,부산,2025-01-27 05:00,5.0,,2.8,50,78,1006.7,,,,10
629,159,부산,2025-01-27 06:00,4.9,0.0,1.9,360,77,1006.6,,,,10
630,159,부산,2025-01-27 07:00,3.0,,5.4,320,89,1006.7,,,,10
631,159,부산,2025-01-27 08:00,3.0,,4.8,320,90,1006.5,0.0,0.0,,10
632,159,부산,2025-01-27 09:00,3.4,5.8,3.3,320,91,1006.6,0.0,0.05,,10
633,159,부산,2025-01-27 10:00,3.1,,2.5,290,90,1006.5,0.0,0.2,,10
634,159,부산,2025-01-27 11:00,4.2,,1.9,250,88,1005.8,0.0,0.59,,10
635,159,부산,2025-01-27 12:00,4.4,1.3,5.0,270,80,1005.1,0.0,0.83,,9
636,159,부산,2025-01-27 13:00,4.6,,3.4,250,75,1004.4,0.1,0.94,,8
637,159,부산,2025-01-27 14:00,4.9,,4.1,250,63,1004.0,0.2,0.96,,4
638,159,부산,2025-01-27 15:00,7.3,0.0,5.0,270,49,1003.3,0.9,2.03,,3
639,159,부산,2025-01-27 16:00,6.8,,5.7,250,46,1003.5,0.7,1.34,,5
640,159,부산,2025-01-27 17:00,4.1,,4.3,270,47,1004.2,0.2,0.45,,6
641,159,부산,2025-01-27 18:00,2.7,,4.9,320,41,1005.7,0.2,0.1,,7
642,159,부산,2025-01-27 19:00,1.4,,4.3,320,49,1006.8,,,,4
643,159,부산,2025-01-27 20:00,0.8,,3.5,270,43,1007.5,,,,0
644,159,부산,2025-01-27 21:00,0.4,,4.0,270,48,1008.1,,,,0
645,159,부산,2025-01-27 22:00,0.2,,4.8,270,49,1007.9,,,,1
646,159,부산,2025-01-27 23:00,0.1,,3.8,270,52,1008.0,,,,4
647,159,부산,2025-01-28 00:00,0.2,,5.5,270,53,1007.8,,,,0
648,159,부산,2025-01-28 01:00,0.0,,6.0,250,54,1007.8,,,,5
649,159,부산,2025-01-28 02:00,0.0,,4.5,270,56,1007.5,,,,5
650,159,부산,2025-01-28 03:00,-0.3,,4.3,270,58,1007.3,,,,0
651,159,부산,2025-01-28 04:00,-0.5,,4.7,270,58,1007.2,,,,0
652,159,부산,2025-01-28 05:00,-0.8,,4.2,250,60,1007.1,,,,0
653,159,부산,2025-01-28 06:00,-0.9,,5.1,250,56,1007.2,,,,0
654,159,부산,2025-01-28 07:00,-1.0,,4.2,270,57,1007.6,,,,0
655,159,부산,2025-01-28 08:00,-0.7,,5.8,270,55,1008.0,0.0,0.03,,2
656,159,부산,2025-01-28 09:00,0.3,,5.2,270,51,1008.0,0.7,0.45,,0
657,159,부산,2025-01-28 10:00,1.7,,6.8,230,50,1008.2,0.9,1.22,,2
658,159,부산,2025-01-28 11:00,2.3,,7.9,230,46,1007.9,1.0,1.84,,3
659,159,부산,2025-01-28 12:00,2.6,,11.0,230,44,1007.2,0.8,1.96,,4
660,159,부산,2025-01-28 13:00,3.2,,11.0,230,41,1006.3,0.9,2.3,,4
661,159,부산,2025-01-28 14:00,3.9,,11.9,230,39,1005.7,1.0,2.4,,4
662,159,부산,2025-01-28 15:00,4.2,,9.3,230,40,1005.8,1.0,2.11,,5
663,159,부산,2025-01-28 16:00,3.9,,9.2,230,42,1006.3,0.9,1.46,,6
664,159,부산,2025-01-28 17:00,2.9,,6.6,270,43,1006.8,0.5,0.48,,6
665,159,부산,2025-01-28 18:00,2.2,,5.6,270,45,1007.4,0.0,0.06,,3
666,159,부산,2025-01-28 19:00,1.6,,6.7,250,53,1008.0,,,,4
667,159,부산,2025-01-28 20:00,1.2,,5.7,250,54,1008.9,,,,2
668,159,부산,2025-01-28 21:00,0.9,,6.2,250,53,1009.1,,,,2
669,159,부산,2025-01-28 22:00,0.8,,7.1,250,47,1009.5,,,,4
670,159,부산,2025-01-28 23:00,0.5,,7.6,250,47,1009.9,,,,2
671,159,부산,2025-01-29 00:00,0.3,,7.2,250,47,1010.6,,,,1
672,159,부산,2025-01-29 01:00,0.2,,7.3,250,47,1010.9,,,,2
673,159,부산,2025-01-29 02:00,0.2,,6.1,270,47,1011.0,,,,0
674,159,부산,2025-01-29 03:00,0.1,,7.2,270,47,1011.0,,,,0
675,159,부산,2025-01-29 04:00,-0.1,,7.6,270,49,1011.0,,,,0
676,159,부산,2025-01-29 05:00,-0.4,,6.6,270,49,1011.1,,,,0
677,159,부산,2025-01-29 06:00,-0.5,,6.2,270,49,1011.6,,,,0
678,159,부산,2025-01-29 07:00,-0.7,,6.3,250,51,1011.8,,,,0
679,159,부산,2025-01-29 08:00,-0.4,,7.8,250,50,1012.9,0.4,0.06,,0
680,159,부산,2025-01-29 09:00,0.5,,6.3,270,47,1013.6,1.0,0.62,,0
681,159,부산,2025-01-29 10:00,1.4,,5.9,270,44,1014.2,1.0,1.3,,1
682,159,부산,2025-01-29 11:00,2.7,,7.0,250,39,1014.3,1.0,1.89,,1
683,159,부산,2025-01-29 12:00,3.9,,6.4,270,37,1013.8,1.0,2.3,,1
684,159,부산,2025-01-29 13:00,4.4,,6.9,250,32,1013.1,1.0,2.47,,1
685,159,부산,2025-01-29 14:00,5.0,,7.1,250,30,1012.4,1.0,2.44,,2
686,159,부산,2025-01-29 15:00,5.1,,6.1,250,30,1012.6,1.0,2.14,,1
687,159,부산,2025-01-29 16:00,4.6,,5.4,250,30,1013.2,1.0,1.57,,1
688,159,부산,2025-01-29 17:00,2.8,,9.5,270,34,1013.7,1.0,0.81,,1
689,159,부산,2025-01-29 18:00,1.5,,5.4,270,36,1014.3,0.5,0.16,,0
690,159,부산,2025-01-29 19:00,0.7,,4.1,270,38,1015.3,,,,0
691,159,부산,2025-01-29 20:00,0.0,,3.8,270,41,1015.7,,,,0
692,159,부산,2025-01-29 21:00,-0.4,,4.3,250,40,1016.4,,,,0
693,159,부산,2025-01-29 22:00,-0.7,,4.1,270,41,1017.1,,,,0
694,159,부산,2025-01-29 23:00,-1.1,,4.1,250,40,1017.3,,,,0
695,159,부산,2025-01-30 00:00,-1.7,,2.1,270,44,1017.5,,,,0
696,159,부산,2025-01-30 01:00,-1.7,,3.5,250,41,1017.5,,,,0
697,159,부산,2025-01-30 02:00,-2.1,,2.4,270,43,1018.0,,,,0
698,159,부산,2025-01-30 03:00,-2.1,,3.9,270,43,1018.3,,,,0
699,159,부산,2025-01-30 04:00,-2.7,,1.9,270,45,1018.2,,,,0
700,159,부산,2025-01-30 05:00,-3.2,,1.2,290,45,1018.4,,,,0
701,159,부산,2025-01-30 06:00,-2.8,,2.6,250,48,1018.7,,,,0
702,159,부산,2025-01-30 07:00,-2.1,,3.1,250,49,1019.2,,,,0
703,159,부산,2025-01-30 08:00,-0.9,,2.7,250,49,1019.7,0.3,0.05,,0
704,159,부산,2025-01-30 09:00,0.9,,4.5,270,47,1019.6,1.0,0.57,,3
705,159,부산,2025-01-30 10:00,2.8,,6.0,250,44,1019.8,1.0,1.25,,4
706,159,부산,2025-01-30 11:00,4.1,,5.0,250,42,1019.9,1.0,1.77,,3
707,159,부산,2025-01-30 12:00,4.4,,5.6,230,41,1019.2,1.0,2.16,,4
708,159,부산,2025-01-30 13:00,5.3,,6.9,230,40,1018.3,1.0,2.37,,3
709,159,부산,2025-01-30 14:00,6.4,,4.2,250,38,1017.7,1.0,2.28,,5
710,159,부산,2025-01-30 15:00,6.1,,5.0,230,39,1017.5,1.0,1.97,,5
711,159,부산,2025-01-30 16:00,6.8,,3.5,230,37,1017.6,0.9,1.18,,2
712,159,부산,2025-01-30 17:00,6.0,,5.0,230,43,1017.4,1.0,0.76,,1
713,159,부산,2025-01-30 18:00,4.7,,3.1,230,48,1017.6,0.5,0.15,,0
714,159,부산,2025-01-30 19:00,3.8,,2.7,250,50,1018.4,,,,0
715,159,부산,2025-01-30 20:00,3.3,,2.0,250,54,1018.8,,,,0
716,159,부산,2025-01-30 21:00,3.4,,1.9,270,54,1018.8,,,,0
717,159,부산,2025-01-30 22:00,3.2,,2.1,320,49,1019.1,,,,0
718,159,부산,2025-01-30 23:00,3.0,,3.0,320,49,1019.0,,,,0
719,159,부산,2025-01-31 00:00,2.7,,2.7,320,50,1018.7,,,,0
720,159,부산,2025-01-31 01:00,2.7,,1.8,340,50,1018.9,,,,0
721,159,부산,2025-01-31 02:00,2.4,,2.2,290,51,1018.5,,,,0
722,159,부산,2025-01-31 03:00,2.3,,1.9,290,53,1018.9,,,,0
723,159,부산,2025-01-31 04:00,1.7,,0.7,140,55,1018.4,,,,0
724,159,부산,2025-01-31 05:00,1.3,,1.6,290,58,1018.5,,,,3
725,159,부산,2025-01-31 06:00,1.6,,1.6,340,57,1018.5,,,,3
726,159,부산,2025-01-31 07:00,1.4,,1.2,20,59,1018.9,,,,0
727,159,부산,2025-01-31 08:00,1.5,,1.4,70,59,1019.5,0.1,0.04,,2
728,159,부산,2025-01-31 09:00,3.9,,0.7,110,55,1019.9,1.0,0.51,,1
729,159,부산,2025-01-31 10:00,6.6,,0.8,160,48,1019.7,1.0,1.08,,4
730,159,부산,2025-01-31 11:00,8.4,,2.6,250,36,1020.1,0.9,1.52,,8
731,159,부산,2025-01-31 12:00,8.8,,2.9,230,36,1019.4,0.9,1.76,,7
732,159,부산,2025-01-31 13:00,9.9,,2.9,140,38,1018.0,0.8,1.91,,9
733,159,부산,2025-01-31 14:00,11.5,,2.8,140,38,1016.8,0.3,1.65,,9
734,159,부산,2025-01-31 15:00,9.7,,4.4,180,43,1016.7,0.9,1.72,,9
735,159,부산,2025-01-31 16:00,9.1,,3.9,160,45,1016.5,0.2,0.95,,9
736,159,부산,2025-01-31 17:00,8.0,,3.2,200,48,1016.4,0.0,0.27,,9
737,159,부산,2025-01-31 18:00,7.6,,2.2,250,49,1016.7,0.0,0.06,,10
738,159,부산,2025-01-31 19:00,7.4,,1.8,250,51,1016.7,,,,10
739,159,부산,2025-01-31 20:00,7.7,,2.4,290,49,1017.3,,,,10
740,159,부산,2025-01-31 21:00,7.2,0.0,1.0,360,61,1016.7,,,,10
741,159,부산,2025-01-31 22:00,6.9,,0.5,250,65,1016.7,,,,9
742,159,부산,2025-01-31 23:00,6.8,,0.3,0,67,1016.5,,,,10
743,159,부산,2025-02-01 00:00,6.4,0.0,1.4,20,68,1015.7,,,,10
744,159,부산,2025-02-01 01:00,6.5,,1.1,70,67,1014.9,,,,10
745,159,부산,2025-02-01 02:00,6.2,,0.8,160,70,1014.4,,,,8
746,159,부산,2025-02-01 03:00,5.9,,0.3,0,71,1014.3,,,,10
747,159,부산,2025-02-01 04:00,6.1,,0.3,0,72,1013.8,,,,10
748,159,부산,2025-02-01 05:00,6.4,,0.8,160,75,1013.7,,,,10
749,159,부산,2025-02-01 06:00,6.2,0.1,0.9,90,86,1013.6,,,,10
750,159,부산,2025-02-01 07:00,5.8,,0.3,0,92,1013.4,,,,10
751,159,부산,2025-02-01 08:00,5.7,,1.2,20,94,1013.4,0.0,0.0,,10
752,159,부산,2025-02-01 09:00,5.8,3.8,2.1,50,94,1013.1,0.0,0.04,,10
753,159,부산,2025-02-01 10:00,6.0,,2.9,50,94,1012.6,0.0,0.14,,10
754,159,부산,2025-02-01 11:00,6.1,,3.4,50,94,1012.0,0.0,0.15,,10
755,159,부산,2025-02-01 12:00,5.8,5.3,4.0,50,94,1010.7,0.0,0.11,,10
756,159,부산,2025-02-01 13:00,5.5,,3.5,50,94,1009.8,0.0,0.14,,10
757,159,부산,2025-02-01 14:00,5.1,,3.4,50,93,1009.1,0.0,0.14,,10
758,159,부산,2025-02-01 15:00,5.3,7.9,3.8,50,95,1008.7,0.0,0.12,,10
759,159,부산,2025-02-01 16:00,5.7,,3.3,50,95,1008.5,0.0,0.16,,10
760,159,부산,2025-02-01 17:00,5.7,,3.1,50,93,1008.5,0.0,0.06,,10
761,159,부산,2025-02-01 18:00,5.3,3.5,4.3,70,93,1009.4,0.0,0.03,,10
762,159,부산,2025-02-01 19:00,5.4,,4.3,50,88,1009.8,,,,10
763,159,부산,2025-02-01 20:00,5.4,,4.7,50,86,1009.0,,,,8
764,159,부산,2025-02-01 21:00,5.5,0.0,3.4,50,83,1009.4,,,,10
765,159,부산,2025-02-01 22:00,5.6,,4.2,50,81,1008.8,,,,10
766,159,부산,2025-02-01 23:00,5.6,,4.5,50,81,1008.6,,,,10
767,159,부산,2025-02-02 00:00,5.5,,4.7,50,82,1008.8,,,,8
768,159,부산,2025-02-02 01:00,5.9,,3.9,50,79,1009.3,,,,10
769,159,부산,2025-02-02 02:00,6.0,,4.1,20,77,1009.6,,,,10
770,159,부산,2025-02-02 03:00,5.5,,3.8,320,77,1009.9,,,,7
771,159,부산,2025-02-02 04:00,4.8,,1.8,320,77,1009.7,,,,5
772,159,부산,2025-02-02 05:00,4.5,,2.9,20,74,1009.2,,,,5
773,159,부산,2025-02-02 06:00,3.9,,3.4,50,80,1009.2,,,,3
774,159,부산,2025-02-02 07:00,3.3,,2.3,320,83,1009.2,,,,6
775,159,부산,2025-02-02 08:00,3.2,,1.4,90,78,1008.8,0.0,0.04,,8
776,159,부산,2025-02-02 09:00,4.4,,2.1,20,76,1008.7,0.0,0.35,,9
777,159,부산,2025-02-02 10:00,6.0,,1.8,50,69,1007.9,0.1,0.75,,8
778,159,부산,2025-02-02 11:00,6.8,,1.7,20,65,1009.3,0.3,0.95,,9
779,159,부산,2025-02-02 12:00,7.5,,2.7,270,64,1008.9,0.1,1.08,,8
780,159,부산,2025-02-02 13:00,8.6,,3.3,230,55,1008.1,1.0,1.75,,5
781,159,부산,2025-02-02 14:00,10.6,,2.5,200,48,1007.5,1.0,2.27,,5
782,159,부산,2025-02-02 15:00,9.7,,3.6,180,53,1006.8,0.9,1.61,,8
783,159,부산,2025-02-02 16:00,9.5,,3.7,180,58,1006.9,0.4,0.98,,7
784,159,부산,2025-02-02 17:00,8.9,,2.9,230,55,1006.8,1.0,0.75,,4
785,159,부산,2025-02-02 18:00,7.2,,2.1,250,59,1006.8,0.2,0.12,,4
786,159,부산,2025-02-02 19:00,6.6,,2.7,270,58,1007.1,,,,6
787,159,부산,2025-02-02 20:00,6.2,,2.2,270,60,1006.7,,,,7
788,159,부산,2025-02-02 21:00,5.7,,2.5,290,67,1006.3,,,,7
789,159,부산,2025-02-02 22:00,5.9,,3.1,270,64,1006.2,,,,9
790,159,부산,2025-02-02 23:00,5.8,,1.9,270,62,1007.1,,,,7
791,159,부산,2025-02-03 00:00,5.4,,1.6,290,67,1007.3,,,,7
792,159,부산,2025-02-03 01:00,4.9,,1.5,360,47,1006.4,,,,7
793,159,부산,2025-02-03 02:00,5.0,,3.4,270,44,1006.4,,,,8
794,159,부산,2025-02-03 03:00,4.7,,3.1,160,49,1006.5,,,,4
795,159,부산,2025-02-03 04:00,3.9,,3.8,160,54,1005.6,,,,4
796,159,부산,2025-02-03 05:00,3.1,,3.1,90,57,1005.5,,,,6
797,159,부산,2025-02-03 06:00,2.8,,2.9,140,60,1005.6,,,,6
798,159,부산,2025-02-03 07:00,2.8,,3.4,200,60,1005.0,,,,0
799,159,부산,2025-02-03 08:00,2.8,,3.5,250,62,1006.1,0.0,0.04,,5
800,159,부산,2025-02-03 09:00,3.5,,5.3,270,56,1007.4,0.4,0.42,,7
801,159,부산,2025-02-03 10:00,4.0,,3.2,290,35,1007.5,0.9,1.07,,4
802,159,부산,2025-02-03 11:00,4.3,,4.8,290,28,1007.2,1.0,1.99,,7
803,159,부산,2025-02-03 12:00,4.1,,4.3,270,23,1006.5,1.0,2.03,,3
804,159,부산,2025-02-03 13:00,6.1,,2.9,290,21,1005.8,1.0,2.51,,5
805,159,부산,2025-02-03 14:00,6.1,,5.2,250,20,1005.1,1.0,2.44,,0
806,159,부산,2025-02-03 15:00,5.7,,3.3,270,20,1005.1,1.0,2.21,,0
807,159,부산,2025-02-03 16:00,4.7,,4.3,290,21,1006.0,1.0,1.65,,0
808,159,부산,2025-02-03 17:00,3.4,,4.8,270,23,1006.6,1.0,0.93,,0
809,159,부산,2025-02-03 18:00,1.6,,5.8,270,24,1007.9,0.6,0.22,,0
810,159,부산,2025-02-03 19:00,0.1,,4.7,270,24,1009.2,,,,0
811,159,부산,2025-02-03 20:00,-0.7,,4.8,270,28,1009.4,,,,0
812,159,부산,2025-02-03 21:00,-1.1,,5.2,270,31,1009.1,,,,0
813,159,부산,2025-02-03 22:00,-1.6,,6.2,270,34,1009.2,,,,0
814,159,부산,2025-02-03 23:00,-2.0,,5.5,270,36,1008.8,,,,0
815,159,부산,2025-02-04 00:00,-2.6,,4.1,250,37,1008.6,,,,0
816,159,부산,2025-02-04 01:00,-3.1,,5.6,250,39,1008.6,,,,0
817,159,부산,2025-02-04 02:00,-3.7,,3.3,270,41,1009.0,,,,0
818,159,부산,2025-02-04 03:00,-4.0,,4.9,270,42,1008.5,,,,0
819,159,부산,2025-02-04 04:00,-4.2,,5.9,270,43,1007.9,,,,0
820,159,부산,2025-02-04 05:00,-4.4,,6.9,270,45,1007.7,,,,0
821,159,부산,2025-02-04 06:00,-4.6,,4.7,270,47,1007.3,,,,0
822,159,부산,2025-02-04 07:00,-4.9,,4.5,270,46,1007.6,,,,0
823,159,부산,2025-02-04 08:00,-4.9,,3.4,270,45,1008.2,0.3,0.07,,0
824,159,부산,2025-02-04 09:00,-4.0,,3.5,230,43,1008.3,1.0,0.67,,1
825,159,부산,2025-02-04 10:00,-2.9,,3.6,320,39,1008.4,1.0,1.31,,1
826,159,부산,2025-02-04 11:00,-2.6,,4.7,270,33,1008.2,1.0,1.97,,0
827,159,부산,2025-02-04 12:00,-1.4,,4.5,230,29,1007.2,1.0,2.43,,0
828,159,부산,2025-02-04 13:00,-0.2,,5.4,270,26,1006.2,1.0,2.64,,0
829,159,부산,2025-02-04 14:00,1.4,,2.8,230,25,1005.0,1.0,2.56,,0
830,159,부산,2025-02-04 15:00,1.9,,3.1,250,21,1004.6,1.0,2.24,,0
831,159,부산,2025-02-04 16:00,1.6,,4.3,270,22,1004.6,1.0,1.7,,0
832,159,부산,2025-02-04 17:00,1.2,,3.2,270,24,1005.2,1.0,0.97,,0
833,159,부산,2025-02-04 18:00,-0.9,,6.0,250,27,1005.8,0.6,0.24,,0
834,159,부산,2025-02-04 19:00,-1.8,,6.1,270,29,1006.5,,,,0
835,159,부산,2025-02-04 20:00,-2.5,,3.8,270,31,1007.2,,,,0
836,159,부산,2025-02-04 21:00,-3.0,,4.7,250,33,1007.9,,,,0
837,159,부산,2025-02-04 22:00,-3.7,,5.6,270,34,1008.1,,,,0
838,159,부산,2025-02-04 23:00,-4.1,,4.8,270,36,1008.3,,,,0
839,159,부산,2025-02-05 00:00,-4.4,,7.1,270,37,1007.9,,,,0
840,159,부산,2025-02-05 01:00,-4.9,,3.8,270,38,1007.8,,,,0
841,159,부산,2025-02-05 02:00,-5.2,,3.1,140,41,1008.0,,,,0
842,159,부산,2025-02-05 03:00,-5.3,,3.3,230,43,1008.0,,,,0
843,159,부산,2025-02-05 04:00,-5.5,,6.8,270,46,1007.6,,,,0
844,159,부산,2025-02-05 05:00,-5.4,,4.8,250,49,1007.5,,,,0
845,159,부산,2025-02-05 06:00,-5.5,,2.4,270,51,1007.7,,,,0
846,159,부산,2025-02-05 07:00,-5.6,,3.0,270,51,1008.0,,,,0
847,159,부산,2025-02-05 08:00,-5.5,,3.1,360,52,1008.4,0.4,0.08,,0
848,159,부산,2025-02-05 09:00,-4.3,,3.6,270,50,1008.9,1.0,0.67,,0
849,159,부산,2025-02-05 10:00,-2.7,,3.9,270,43,1009.1,1.0,1.4,,0
850,159,부산,2025-02-05 11:00,-0.7,,2.8,320,36,1008.9,1.0,2.0,,0
851,159,부산,2025-02-05 12:00,-0.3,,3.9,320,30,1007.6,1.0,2.41,,0
852,159,부산,2025-02-05 13:00,1.1,,3.3,290,29,1006.4,1.0,2.59,,1
853,159,부산,2025-02-05 14:00,2.2,,2.8,270,32,1005.6,0.8,1.96,,6
854,159,부산,2025-02-05 15:00,1.1,,6.2,230,34,1005.2,0.7,1.78,,8
855,159,부산,2025-02-05 16:00,1.9,,5.8,270,34,1005.2,0.2,0.84,,8
856,159,부산,2025-02-05 17:00,1.6,,5.3,320,32,1005.6,0.4,0.63,,6
857,159,부산,2025-02-05 18:00,0.4,,4.2,250,30,1006.0,0.5,0.23,,0
858,159,부산,2025-02-05 19:00,-0.3,,4.4,270,32,1007.2,,,,0
859,159,부산,2025-02-05 20:00,-1.2,,5.7,270,35,1007.5,,,,0
860,159,부산,2025-02-05 21:00,-2.2,,4.0,320,34,1008.9,,,,0
861,159,부산,2025-02-05 22:00,-3.0,,3.6,250,37,1009.5,,,,0
862,159,부산,2025-02-05 23:00,-3.7,,3.3,270,38,1010.5,,,,0
863,159,부산,2025-02-06 00:00,-4.2,,3.4,250,40,1010.9,,,,0
864,159,부산,2025-02-06 01:00,-4.4,,4.3,270,41,1011.2,,,,0
865,159,부산,2025-02-06 02:00,-4.7,,4.8,270,43,1011.3,,,,0
866,159,부산,2025-02-06 03:00,-5.0,,4.7,270,43,1011.7,,,,0
867,159,부산,2025-02-06 04:00,-5.5,,2.0,270,44,1011.8,,,,0
868,159,부산,2025-02-06 05:00,-5.6,,2.9,270,43,1012.0,,,,0
869,159,부산,2025-02-06 06:00,-5.4,,3.6,250,42,1012.3,,,,0
870,159,부산,2025-02-06 07:00,-5.8,,2.0,180,45,1013.3,,,,0
871,159,부산,2025-02-06 08:00,-4.9,,3.7,250,42,1014.3,0.5,0.09,,0
872,159,부산,2025-02-06 09:00,-3.5,,4.2,250,40,1014.3,1.0,0.72,,1
873,159,부산,2025-02-06 10:00,-1.7,,3.5,250,40,1014.1,1.0,1.42,,2
874,159,부산,2025-02-06 11:00,-0.9,,3.8,270,37,1014.4,1.0,1.94,,5
875,159,부산,2025-02-06 12:00,-0.6,,4.1,290,37,1013.6,0.6,1.7,,9
876,159,부산,2025-02-06 13:00,0.6,,4.3,250,32,1012.4,0.6,1.97,,8
877,159,부산,2025-02-06 14:00,2.2,,3.2,270,31,1011.5,0.7,1.9,,9
878,159,부산,2025-02-06 15:00,2.5,,3.5,270,25,1011.6,0.9,1.97,,7
879,159,부산,2025-02-06 16:00,2.8,,2.0,250,26,1011.2,1.0,1.58,,5
880,159,부산,2025-02-06 17:00,2.1,,2.8,270,26,1011.3,1.0,0.8,,8
881,159,부산,2025-02-06 18:00,0.7,,1.7,230,29,1011.5,0.2,0.17,,7
882,159,부산,2025-02-06 19:00,0.6,,2.9,270,27,1011.5,,,,8
883,159,부산,2025-02-06 20:00,0.6,,2.4,250,30,1011.9,,,,9
884,159,부산,2025-02-06 21:00,0.6,,2.9,270,32,1011.9,,,,9
885,159,부산,2025-02-06 22:00,0.2,,2.4,270,27,1012.1,,,,7
886,159,부산,2025-02-06 23:00,0.0,,2.8,270,29,1012.2,,,,8
887,159,부산,2025-02-07 00:00,-0.4,,2.3,250,31,1012.1,,,,9
888,159,부산,2025-02-07 01:00,-0.5,,3.4,250,33,1011.9,,,,3
889,159,부산,2025-02-07 02:00,-0.5,,3.5,230,38,1011.5,,,,0
890,159,부산,2025-02-07 03:00,-0.8,,2.8,250,41,1011.0,,,,8
891,159,부산,2025-02-07 04:00,-0.6,,2.9,250,42,1009.8,,,,9
892,159,부산,2025-02-07 05:00,0.0,,4.1,250,50,1009.0,,,,4
893,159,부산,2025-02-07 06:00,-0.5,0.0,4.0,250,58,1008.1,,,,0
894,159,부산,2025-02-07 07:00,-0.7,,2.7,250,62,1007.7,,,,0
895,159,부산,2025-02-07 08:00,-0.3,,2.8,250,66,1007.3,0.0,0.07,,3
896,159,부산,2025-02-07 09:00,1.5,,6.8,250,67,1006.5,0.9,0.55,,3
897,159,부산,2025-02-07 10:00,2.6,,8.3,230,62,1005.6,0.8,1.07,,5
898,159,부산,2025-02-07 11:00,4.0,,8.9,230,48,1004.6,0.7,1.57,,2
899,159,부산,2025-02-07 12:00,0.8,0.0,3.9,320,65,1005.6,0.5,1.7,,8
900,159,부산,2025-02-07 13:00,2.2,,6.4,270,28,1005.1,0.4,1.35,,2
901,159,부산,2025-02-07 14:00,-0.8,,5.4,290,29,1006.4,0.8,2.29,,6
902,159,부산,2025-02-07 15:00,-1.7,0.0,4.7,290,35,1007.3,0.5,1.42,,8
903,159,부산,2025-02-07 16:00,-2.8,,5.8,290,50,1008.4,0.3,0.79,,2
904,159,부산,2025-02-07 17:00,-3.0,,4.3,250,29,1009.2,0.3,0.47,,1
905,159,부산,2025-02-07 18:00,-4.1,,4.7,270,32,1010.6,0.7,0.23,,1
906,159,부산,2025-02-07 19:00,-4.9,,4.9,270,33,1011.8,,,,0
907,159,부산,2025-02-07 20:00,-5.4,,8.7,270,34,1012.1,,,,0
908,159,부산,2025-02-07 21:00,-6.0,,7.5,270,33,1012.9,,,,0
909,159,부산,2025-02-07 22:00,-6.6,,6.0,250,35,1013.4,,,,0
910,159,부산,2025-02-07 23:00,-7.0,,3.7,70,37,1013.8,,,,0
911,159,부산,2025-02-08 00:00,-7.3,,3.3,160,38,1013.8,,,,0
912,159,부산,2025-02-08 01:00,-7.5,,3.7,90,40,1013.3,,,,0
913,159,부산,2025-02-08 02:00,-7.6,,4.7,50,41,1013.7,,,,0
914,159,부산,2025-02-08 03:00,-7.8,,3.7,360,44,1013.9,,,,0
915,159,부산,2025-02-08 04:00,-8.1,,3.5,70,45,1013.8,,,,0
916,159,부산,2025-02-08 05:00,-8.1,,3.6,110,46,1014.0,,,,0
917,159,부산,2025-02-08 06:00,-7.9,,8.2,290,47,1013.7,,,,0
918,159,부산,2025-02-08 07:00,-8.1,,6.0,320,48,1014.1,,,,0
919,159,부산,2025-02-08 08:00,-7.3,,6.2,320,44,1014.6,0.6,0.11,,0
920,159,부산,2025-02-08 09:00,-4.9,,3.0,90,40,1016.2,1.0,0.75,,0
921,159,부산,2025-02-08 10:00,-3.7,,3.7,230,37,1016.2,1.0,1.5,,0
922,159,부산,2025-02-08 11:00,-2.5,,4.4,290,35,1016.6,1.0,2.13,,0
923,159,부산,2025-02-08 12:00,-0.5,,2.6,180,32,1016.2,1.0,2.54,,0
924,159,부산,2025-02-08 13:00,0.5,,3.7,250,28,1015.6,1.0,2.72,,0
925,159,부산,2025-02-08 14:00,1.1,,4.0,290,26,1015.1,1.0,2.64,,0
926,159,부산,2025-02-08 15:00,2.5,,3.0,290,27,1014.6,1.0,2.33,,0
927,159,부산,2025-02-08 16:00,2.4,,4.1,270,25,1015.2,1.0,1.75,,0
928,159,부산,2025-02-08 17:00,2.1,,2.7,290,27,1015.6,1.0,1.04,,0
929,159,부산,2025-02-08 18:00,0.1,,4.0,340,29,1016.0,0.7,0.27,,0
930,159,부산,2025-02-08 19:00,-0.8,,2.9,340,32,1016.2,,,,0
931,159,부산,2025-02-08 20:00,-1.5,,2.4,360,33,1016.8,,,,0
932,159,부산,2025-02-08 21:00,-2.0,,2.5,70,35,1017.2,,,,0
933,159,부산,2025-02-08 22:00,-2.7,,3.0,20,39,1017.6,,,,0
934,159,부산,2025-02-08 23:00,-3.2,,3.1,320,41,1017.4,,,,0
935,159,부산,2025-02-09 00:00,-3.3,,4.2,320,41,1016.9,,,,0
936,159,부산,2025-02-09 01:00,-3.9,,3.3,250,44,1017.1,,,,0
937,159,부산,2025-02-09 02:00,-4.0,,5.3,320,46,1017.0,,,,0
938,159,부산,2025-02-09 03:00,-4.6,,3.4,110,48,1017.4,,,,0
939,159,부산,2025-02-09 04:00,-5.2,,2.4,50,50,1017.2,,,,0
940,159,부산,2025-02-09 05:00,-4.8,,7.2,290,48,1017.1,,,,0
941,159,부산,2025-02-09 06:00,-5.2,,7.3,290,51,1017.4,,,,0
942,159,부산,2025-02-09 07:00,-5.4,,3.7,160,53,1017.1,,,,1
943,159,부산,2025-02-09 08:00,-4.7,,3.2,140,50,1017.6,0.6,0.11,,0
944,159,부산,2025-02-09 09:00,-2.9,,3.4,140,47,1017.4,1.0,0.78,,0
945,159,부산,2025-02-09 10:00,-0.8,,3.9,140,43,1016.9,1.0,1.51,,0
946,159,부산,2025-02-09 11:00,1.3,,3.0,140,38,1017.0,1.0,2.1,,0
947,159,부산,2025-02-09 12:00,2.0,,3.7,250,36,1016.3,1.0,2.52,,0
948,159,부산,2025-02-09 13:00,2.1,,4.5,250,33,1015.4,1.0,2.72,,0
949,159,부산,2025-02-09 14:00,2.9,,4.9,270,31,1014.8,1.0,2.64,,0
950,159,부산,2025-02-09 15:00,4.3,,4.9,270,28,1014.4,1.0,2.32,,0
951,159,부산,2025-02-09 16:00,3.9,,5.8,270,28,1013.8,1.0,1.78,,0
952,159,부산,2025-02-09 17:00,3.9,,3.3,320,27,1014.2,1.0,1.05,,0
953,159,부산,2025-02-09 18:00,2.5,,1.9,290,29,1014.9,0.7,0.27,,0
954,159,부산,2025-02-09 19:00,1.6,,2.1,290,33,1015.3,,,,0
955,159,부산,2025-02-09 20:00,0.9,,1.6,230,36,1015.3,,,,0
956,159,부산,2025-02-09 21:00,0.5,,3.4,320,36,1015.7,,,,0
957,159,부산,2025-02-09 22:00,-0.4,,3.7,290,38,1015.7,,,,0
958,159,부산,2025-02-09 23:00,-0.8,,3.2,320,39,1015.6,,,,0
959,159,부산,2025-02-10 00:00,-1.3,,3.8,320,42,1015.7,,,,0
960,159,부산,2025-02-10 01:00,-1.7,,3.6,320,46,1016.1,,,,0
961,159,부산,2025-02-10 02:00,-2.1,,4.5,290,49,1016.3,,,,0
962,159,부산,2025-02-10 03:00,-2.8,,3.6,290,53,1016.5,,,,0
963,159,부산,2025-02-10 04:00,-2.8,,5.5,320,53,1015.8,,,,0
964,159,부산,2025-02-10 05:00,-2.9,,3.1,250,53,1015.9,,,,0
965,159,부산,2025-02-10 06:00,-3.1,,3.0,250,54,1016.1,,,,0
966,159,부산,2025-02-10 07:00,-3.2,,1.9,160,53,1016.4,,,,0
967,159,부산,2025-02-10 08:00,-2.0,,2.6,140,46,1017.1,0.6,0.11,,0
968,159,부산,2025-02-10 09:00,-0.9,,2.4,200,40,1017.3,1.0,0.77,,0
969,159,부산,2025-02-10 10:00,1.1,,2.1,110,34,1017.6,1.0,1.48,,0
970,159,부산,2025-02-10 11:00,1.7,,3.6,230,30,1017.6,1.0,2.09,,0
971,159,부산,2025-02-10 12:00,3.1,,3.3,230,30,1017.1,1.0,2.45,,1
972,159,부산,2025-02-10 13:00,4.3,,3.8,320,29,1016.0,1.0,2.65,,0
973,159,부산,2025-02-10 14:00,5.0,,3.9,270,30,1015.6,1.0,2.57,,0
974,159,부산,2025-02-10 15:00,6.4,,2.6,250,29,1015.1,1.0,2.23,,0
975,159,부산,2025-02-10 16:00,6.6,,3.0,250,29,1015.0,1.0,1.69,,0
976,159,부산,2025-02-10 17:00,5.8,,2.8,200,34,1015.3,1.0,0.98,,0
977,159,부산,2025-02-10 18:00,4.0,,1.2,50,32,1015.8,0.7,0.26,,0
978,159,부산,2025-02-10 19:00,2.8,,1.8,320,34,1016.6,0.0,0.0,,0
979,159,부산,2025-02-10 20:00,2.3,,3.0,290,37,1017.3,,,,0
980,159,부산,2025-02-10 21:00,2.1,,4.3,320,37,1018.2,,,,0
981,159,부산,2025-02-10 22:00,1.0,,3.5,320,43,1018.5,,,,0
982,159,부산,2025-02-10 23:00,0.5,,3.6,270,44,1018.3,,,,0
983,159,부산,2025-02-11 00:00,0.5,,2.7,110,43,1018.6,,,,0
984,159,부산,2025-02-11 01:00,0.1,,4.3,290,47,1018.6,,,,0
985,159,부산,2025-02-11 02:00,-0.2,,3.2,70,49,1018.8,,,,0
986,159,부산,2025-02-11 03:00,-0.5,,3.0,140,49,1019.1,,,,0
987,159,부산,2025-02-11 04:00,-0.7,,2.8,250,50,1019.6,,,,0
988,159,부산,2025-02-11 05:00,-1.2,,3.0,140,51,1019.8,,,,0
989,159,부산,2025-02-11 06:00,-0.4,,3.3,360,39,1020.0,,,,0
990,159,부산,2025-02-11 07:00,-0.4,,4.7,320,39,1020.8,,,,0
991,159,부산,2025-02-11 08:00,0.5,,1.6,50,35,1021.9,0.5,0.1,,0
992,159,부산,2025-02-11 09:00,3.5,,2.9,180,35,1022.1,1.0,0.71,,0
993,159,부산,2025-02-11 10:00,4.0,,2.6,320,26,1022.3,1.0,1.42,,0
994,159,부산,2025-02-11 11:00,6.5,,1.8,140,24,1022.1,1.0,2.03,,0
995,159,부산,2025-02-11 12:00,8.6,,2.4,110,23,1021.7,1.0,2.47,,0
996,159,부산,2025-02-11 13:00,9.0,,3.5,180,25,1021.0,1.0,2.61,,0
997,159,부산,2025-02-11 14:00,9.6,,2.4,160,26,1019.5,1.0,2.51,,0
998,159,부산,2025-02-11 15:00,9.1,,3.1,160,22,1018.7,1.0,2.18,,0
999,159,부산,2025-02-11 16:00,8.8,,3.6,180,29,1018.3,1.0,1.65,,0
1000,159,부산,2025-02-11 17:00,7.4,,3.5,110,35,1018.3,1.0,0.96,,0
1001,159,부산,2025-02-11 18:00,5.7,,2.2,90,36,1018.3,0.7,0.26,,0
1002,159,부산,2025-02-11 19:00,4.5,,1.3,250,39,1018.8,0.0,0.0,,0
1003,159,부산,2025-02-11 20:00,3.6,,1.2,250,43,1018.7,,,,0
1004,159,부산,2025-02-11 21:00,3.5,,0.9,160,43,1018.5,,,,0
1005,159,부산,2025-02-11 22:00,2.7,,0.3,0,47,1017.5,,,,0
1006,159,부산,2025-02-11 23:00,2.5,,1.6,50,47,1016.4,,,,6
1007,159,부산,2025-02-12 00:00,4.2,,3.4,270,51,1016.3,,,,4
1008,159,부산,2025-02-12 01:00,3.8,,2.0,250,53,1015.2,,,,8
1009,159,부산,2025-02-12 02:00,5.3,,3.3,270,53,1015.1,,,,10
1010,159,부산,2025-02-12 03:00,5.1,,1.5,290,52,1014.0,,,,10
1011,159,부산,2025-02-12 04:00,5.2,,3.5,250,62,1013.2,,,,10
1012,159,부산,2025-02-12 05:00,2.4,,4.2,320,86,1013.0,,,,10
1013,159,부산,2025-02-12 06:00,2.8,3.4,1.4,50,92,1011.6,,,,10
1014,159,부산,2025-02-12 07:00,3.0,,0.7,140,93,1011.1,,,,10
1015,159,부산,2025-02-12 08:00,3.0,,1.5,20,94,1009.3,0.0,0.01,,10
1016,159,부산,2025-02-12 09:00,3.4,4.6,2.0,20,95,1008.8,0.0,0.06,,10
1017,159,부산,2025-02-12 10:00,4.0,,1.2,50,96,1007.6,0.0,0.09,,10
1018,159,부산,2025-02-12 11:00,4.3,,2.5,20,95,1005.9,0.0,0.12,,10
1019,159,부산,2025-02-12 12:00,4.9,3.3,0.5,50,95,1004.2,0.0,0.17,,10
1020,159,부산,2025-02-12 13:00,5.0,,1.5,290,94,1003.0,0.0,0.29,,10
1021,159,부산,2025-02-12 14:00,4.6,,2.8,290,91,1002.0,0.0,0.38,,10
1022,159,부산,2025-02-12 15:00,5.6,0.0,4.2,270,88,1001.2,0.0,0.42,,10
1023,159,부산,2025-02-12 16:00,5.9,,5.6,230,86,1001.0,0.0,0.5,,9
1024,159,부산,2025-02-12 17:00,5.6,,6.8,250,89,1001.4,0.1,0.46,,9
1025,159,부산,2025-02-12 18:00,5.7,,5.8,270,89,1002.6,0.0,0.08,,9
1026,159,부산,2025-02-12 19:00,4.4,,1.8,320,87,1003.2,0.0,0.0,,6
1027,159,부산,2025-02-12 20:00,5.3,,4.6,250,78,1003.8,,,,0
1028,159,부산,2025-02-12 21:00,6.5,,8.0,250,59,1003.9,,,,0
1029,159,부산,2025-02-12 22:00,5.8,,6.0,270,62,1005.0,,,,0
1030,159,부산,2025-02-12 23:00,4.9,,5.6,270,56,1006.2,,,,8
1031,159,부산,2025-02-13 00:00,4.0,,3.5,270,58,1008.1,,,,4
1032,159,부산,2025-02-13 01:00,2.7,,3.2,270,42,1008.8,,,,0
1033,159,부산,2025-02-13 02:00,1.9,,4.4,270,36,1010.0,,,,0
1034,159,부산,2025-02-13 03:00,1.1,,2.9,320,38,1011.6,,,,0
1035,159,부산,2025-02-13 04:00,0.0,,2.4,340,44,1012.6,,,,0
1036,159,부산,2025-02-13 05:00,-0.8,,4.5,270,40,1012.4,,,,0
1037,159,부산,2025-02-13 06:00,-1.5,,2.6,320,37,1013.9,,,,0
1038,159,부산,2025-02-13 07:00,-1.6,,6.0,360,36,1013.3,,,,0
1039,159,부산,2025-02-13 08:00,-1.0,,5.9,340,32,1014.6,0.7,0.14,,0
1040,159,부산,2025-02-13 09:00,0.6,,4.1,50,29,1014.9,1.0,0.83,,0
1041,159,부산,2025-02-13 10:00,1.8,,3.4,230,25,1015.2,1.0,1.6,,0
1042,159,부산,2025-02-13 11:00,2.4,,5.0,250,25,1015.6,1.0,2.23,,0
1043,159,부산,2025-02-13 12:00,3.4,,4.1,250,23,1014.8,1.0,2.61,,0
1044,159,부산,2025-02-13 13:00,4.3,,4.3,270,24,1014.0,1.0,2.8,,0
1045,159,부산,2025-02-13 14:00,5.7,,3.7,270,21,1012.9,1.0,2.71,,0
1046,159,부산,2025-02-13 15:00,7.0,,3.0,270,23,1012.3,1.0,2.34,,0
1047,159,부산,2025-02-13 16:00,7.2,,3.1,270,21,1012.0,1.0,1.8,,0
1048,159,부산,2025-02-13 17:00,7.3,,2.9,250,21,1012.2,1.0,1.08,,0
1049,159,부산,2025-02-13 18:00,5.6,,3.3,230,28,1012.6,0.8,0.32,,0
1050,159,부산,2025-02-13 19:00,4.1,,2.7,270,34,1013.0,0.0,0.0,,0
1051,159,부산,2025-02-13 20:00,3.6,,3.0,250,39,1013.3,,,,0
1052,159,부산,2025-02-13 21:00,3.5,,3.0,250,41,1013.8,,,,0
1053,159,부산,2025-02-13 22:00,3.1,,2.2,270,45,1013.9,,,,0
1054,159,부산,2025-02-13 23:00,2.8,,2.5,340,41,1014.2,,,,0
1055,159,부산,2025-02-14 00:00,2.2,,2.4,340,46,1014.7,,,,0
1056,159,부산,2025-02-14 01:00,1.6,,2.5,340,49,1014.6,,,,0
1057,159,부산,2025-02-14 02:00,0.8,,2.7,320,52,1014.7,,,,0
1058,159,부산,2025-02-14 03:00,0.3,,1.3,320,52,1014.9,,,,0
1059,159,부산,2025-02-14 04:00,0.7,,2.5,320,52,1014.4,,,,0
1060,159,부산,2025-02-14 05:00,1.1,,3.0,290,48,1013.9,,,,0
1061,159,부산,2025-02-14 06:00,0.6,,1.3,160,48,1014.6,,,,0
1062,159,부산,2025-02-14 07:00,0.3,,2.6,320,51,1014.5,,,,0
1063,159,부산,2025-02-14 08:00,1.5,,2.9,320,44,1014.8,0.6,0.13,,0
1064,159,부산,2025-02-14 09:00,3.4,,3.0,290,40,1015.1,1.0,0.78,,0
1065,159,부산,2025-02-14 10:00,5.4,,2.6,320,37,1014.9,1.0,1.52,,0
1066,159,부산,2025-02-14 11:00,6.4,,4.3,250,35,1014.4,1.0,2.13,,0
1067,159,부산,2025-02-14 12:00,8.2,,4.5,270,31,1013.1,1.0,2.57,,0
1068,159,부산,2025-02-14 13:00,9.7,,3.0,290,27,1012.7,1.0,2.75,,0
1069,159,부산,2025-02-14 14:00,10.9,,2.8,320,25,1011.8,1.0,2.65,,0
1070,159,부산,2025-02-14 15:00,11.8,,2.7,290,23,1011.2,1.0,2.3,,0
1071,159,부산,2025-02-14 16:00,12.1,,2.3,270,20,1011.0,1.0,1.73,,2
1072,159,부산,2025-02-14 17:00,11.6,,3.3,250,23,1010.8,0.9,0.89,,2
1073,159,부산,2025-02-14 18:00,8.8,,3.9,230,32,1011.3,0.8,0.29,,0
1074,159,부산,2025-02-14 19:00,7.5,,3.4,270,43,1011.1,0.0,0.01,,0
1075,159,부산,2025-02-14 20:00,6.4,,3.2,250,41,1011.6,,,,0
1076,159,부산,2025-02-14 21:00,6.0,,3.8,270,39,1011.9,,,,1
1077,159,부산,2025-02-14 22:00,5.5,,3.2,270,40,1011.9,,,,0
1078,159,부산,2025-02-14 23:00,5.5,,3.8,270,41,1011.8,,,,0
1079,159,부산,2025-02-15 00:00,5.0,,2.8,270,39,1011.6,,,,0
1080,159,부산,2025-02-15 01:00,4.4,,0.8,270,40,1011.6,,,,0
1081,159,부산,2025-02-15 02:00,6.1,,2.9,320,33,1011.5,,,,0
1082,159,부산,2025-02-15 03:00,6.0,,4.0,320,36,1010.7,,,,0
1083,159,부산,2025-02-15 04:00,5.4,,3.1,290,38,1010.3,,,,0
1084,159,부산,2025-02-15 05:00,4.4,,1.9,270,45,1010.2,,,,0
1085,159,부산,2025-02-15 06:00,3.8,,1.9,70,46,1010.2,,,,2
1086,159,부산,2025-02-15 07:00,3.2,,1.2,110,47,1010.5,,,,2
1087,159,부산,2025-02-15 08:00,3.4,,0.9,360,47,1011.0,0.1,0.07,,3
1088,159,부산,2025-02-15 09:00,6.6,,0.6,20,46,1010.7,0.3,0.58,,7
1089,159,부산,2025-02-15 10:00,8.4,,1.1,180,43,1010.3,0.7,1.08,,8
1090,159,부산,2025-02-15 11:00,8.8,,3.4,250,38,1010.3,0.0,0.87,,9
1091,159,부산,2025-02-15 12:00,8.8,,4.7,230,47,1009.2,0.1,1.01,,9
1092,159,부산,2025-02-15 13:00,8.0,,4.0,230,45,1008.6,0.0,0.48,,10
1093,159,부산,2025-02-15 14:00,9.9,,3.2,250,38,1007.4,0.2,1.29,,6
1094,159,부산,2025-02-15 15:00,8.5,0.0,4.5,250,40,1007.6,0.0,0.89,,10
1095,159,부산,2025-02-15 16:00,7.6,,3.5,230,38,1007.7,0.0,0.25,,10
1096,159,부산,2025-02-15 17:00,7.8,,3.9,230,37,1007.4,0.0,0.19,,10
1097,159,부산,2025-02-15 18:00,7.4,,4.3,250,42,1007.4,0.0,0.05,,10
1098,159,부산,2025-02-15 19:00,7.2,,3.1,250,42,1007.6,0.0,0.0,,10
1099,159,부산,2025-02-15 20:00,6.8,,3.0,250,40,1007.3,,,,10
1100,159,부산,2025-02-15 21:00,6.5,,5.7,250,49,1008.1,,,,9
1101,159,부산,2025-02-15 22:00,6.3,,4.6,270,51,1008.2,,,,10
1102,159,부산,2025-02-15 23:00,6.2,,3.7,250,50,1008.3,,,,10
1103,159,부산,2025-02-16 00:00,5.9,,1.8,200,50,1008.0,,,,9
1104,159,부산,2025-02-16 01:00,6.1,,4.4,270,45,1008.1,,,,3
1105,159,부산,2025-02-16 02:00,5.7,,4.0,270,47,1007.7,,,,4
1106,159,부산,2025-02-16 03:00,5.6,,3.7,270,49,1007.5,,,,7
1107,159,부산,2025-02-16 04:00,5.3,,4.3,290,50,1006.8,,,,6
1108,159,부산,2025-02-16 05:00,4.8,,2.9,290,49,1006.8,,,,0
1109,159,부산,2025-02-16 06:00,4.2,,3.0,290,51,1007.1,,,,0
1110,159,부산,2025-02-16 07:00,3.8,,3.0,270,55,1007.4,,,,2
1111,159,부산,2025-02-16 08:00,4.5,,5.7,320,55,1007.3,0.2,0.1,,3
1112,159,부산,2025-02-16 09:00,6.0,,2.0,290,50,1007.4,1.0,0.74,,2
1113,159,부산,2025-02-16 10:00,7.1,,4.8,290,48,1006.9,1.0,1.59,,6
1114,159,부산,2025-02-16 11:00,8.4,,4.5,290,43,1006.9,1.0,2.1,,5
1115,159,부산,2025-02-16 12:00,10.9,,4.5,270,36,1006.9,1.0,2.57,,1
1116,159,부산,2025-02-16 13:00,12.9,,2.7,250,33,1005.8,1.0,2.76,,2
1117,159,부산,2025-02-16 14:00,13.6,,3.3,230,31,1004.9,1.0,2.61,,1
1118,159,부산,2025-02-16 15:00,13.6,,3.3,180,38,1004.7,1.0,2.3,,0
1119,159,부산,2025-02-16 16:00,12.7,,4.2,230,40,1004.6,1.0,1.73,,0
1120,159,부산,2025-02-16 17:00,12.2,,3.4,250,45,1004.5,1.0,0.97,,1
1121,159,부산,2025-02-16 18:00,10.4,,5.1,250,50,1004.8,0.6,0.25,,1
1122,159,부산,2025-02-16 19:00,9.7,,5.8,250,48,1005.1,0.0,0.01,,0
1123,159,부산,2025-02-16 20:00,9.4,,5.7,250,48,1005.5,,,,0
1124,159,부산,2025-02-16 21:00,9.0,,5.4,250,50,1006.1,,,,0
1125,159,부산,2025-02-16 22:00,8.8,,4.7,250,47,1006.5,,,,0
1126,159,부산,2025-02-16 23:00,8.4,,5.4,250,41,1006.5,,,,0
1127,159,부산,2025-02-17 00:00,8.6,,6.0,250,33,1006.6,,,,0
1128,159,부산,2025-02-17 01:00,8.0,,2.9,270,30,1006.8,,,,0
1129,159,부산,2025-02-17 02:00,6.2,,4.6,270,43,1007.6,,,,0
1130,159,부산,2025-02-17 03:00,5.0,,2.6,160,47,1007.9,,,,0
1131,159,부산,2025-02-17 04:00,4.5,,5.5,270,48,1008.3,,,,0
1132,159,부산,2025-02-17 05:00,3.9,,6.2,250,40,1008.9,,,,0
1133,159,부산,2025-02-17 06:00,3.3,,6.1,270,34,1009.9,,,,0
1134,159,부산,2025-02-17 07:00,2.3,,4.3,200,23,1010.8,,,,0
1135,159,부산,2025-02-17 08:00,2.1,,4.2,320,23,1012.6,0.7,0.17,,0
1136,159,부산,2025-02-17 09:00,2.3,,6.1,340,20,1013.8,1.0,0.9,,0
1137,159,부산,2025-02-17 10:00,3.4,,5.0,340,17,1013.7,1.0,1.67,,0
1138,159,부산,2025-02-17 11:00,4.9,,4.4,340,19,1013.4,1.0,2.28,,0
1139,159,부산,2025-02-17 12:00,6.3,,3.6,340,20,1012.5,1.0,2.71,,3
1140,159,부산,2025-02-17 13:00,6.6,,4.8,290,16,1012.4,1.0,2.86,,2
1141,159,부산,2025-02-17 14:00,7.8,,4.4,250,18,1012.3,1.0,2.75,,1
1142,159,부산,2025-02-17 15:00,8.7,,2.8,360,18,1012.1,1.0,2.43,,4
1143,159,부산,2025-02-17 16:00,8.4,,4.2,320,17,1011.4,1.0,1.85,,0
1144,159,부산,2025-02-17 17:00,7.9,,3.2,320,20,1011.0,1.0,1.13,,0
1145,159,부산,2025-02-17 18:00,6.2,,2.9,270,22,1011.4,0.8,0.34,,1
1146,159,부산,2025-02-17 19:00,5.1,,2.2,290,21,1012.2,0.0,0.0,,5
1147,159,부산,2025-02-17 20:00,4.8,,3.2,290,20,1012.8,,,,6
1148,159,부산,2025-02-17 21:00,3.9,,2.3,340,24,1012.9,,,,7
1149,159,부산,2025-02-17 22:00,3.1,,6.6,320,21,1013.4,,,,7
1150,159,부산,2025-02-17 23:00,2.4,,5.8,320,22,1013.9,,,,7
1151,159,부산,2025-02-18 00:00,1.5,,5.6,320,17,1013.9,,,,7
1152,159,부산,2025-02-18 01:00,0.7,,4.6,290,21,1013.6,,,,4
1153,159,부산,2025-02-18 02:00,0.1,,4.9,20,26,1013.1,,,,7
1154,159,부산,2025-02-18 03:00,-0.2,,5.5,320,28,1013.2,,,,9
1155,159,부산,2025-02-18 04:00,-0.7,,6.7,290,33,1012.9,,,,8
1156,159,부산,2025-02-18 05:00,-1.2,,7.3,270,37,1013.1,,,,6
1157,159,부산,2025-02-18 06:00,-1.5,,5.5,320,38,1013.4,,,,7
1158,159,부산,2025-02-18 07:00,-1.8,,4.8,290,37,1015.2,,,,0
1159,159,부산,2025-02-18 08:00,-1.6,,3.9,320,34,1016.3,0.7,0.18,,0
1160,159,부산,2025-02-18 09:00,-0.4,,3.6,320,32,1016.1,1.0,0.91,,0
1161,159,부산,2025-02-18 10:00,0.6,,4.8,290,29,1015.6,1.0,1.68,,3
1162,159,부산,2025-02-18 11:00,2.1,,3.5,230,25,1015.7,1.0,2.29,,1
1163,159,부산,2025-02-18 12:00,2.5,,4.8,270,24,1015.2,1.0,2.68,,0
1164,159,부산,2025-02-18 13:00,4.5,,3.5,340,19,1014.1,1.0,2.87,,0
1165,159,부산,2025-02-18 14:00,4.8,,4.3,290,16,1013.5,1.0,2.8,,0
1166,159,부산,2025-02-18 15:00,5.8,,3.7,290,16,1013.1,1.0,2.48,,0
1167,159,부산,2025-02-18 16:00,6.3,,3.7,290,15,1013.1,1.0,1.93,,0
1168,159,부산,2025-02-18 17:00,5.5,,2.8,270,16,1013.0,1.0,1.18,,0
1169,159,부산,2025-02-18 18:00,3.8,,3.7,270,19,1013.4,0.8,0.37,,0
1170,159,부산,2025-02-18 19:00,3.1,,3.6,270,21,1014.3,0.0,0.01,,0
1171,159,부산,2025-02-18 20:00,2.6,,3.1,250,23,1014.7,,,,0
1172,159,부산,2025-02-18 21:00,2.2,,4.9,270,26,1015.0,,,,0
1173,159,부산,2025-02-18 22:00,1.7,,4.3,270,28,1014.9,,,,0
1174,159,부산,2025-02-18 23:00,1.0,,3.4,250,29,1015.4,,,,0
1175,159,부산,2025-02-19 00:00,0.4,,3.9,270,27,1016.0,,,,0
1176,159,부산,2025-02-19 01:00,-0.1,,3.2,270,27,1016.2,,,,0
1177,159,부산,2025-02-19 02:00,-0.7,,3.6,250,28,1016.3,,,,0
1178,159,부산,2025-02-19 03:00,-1.4,,2.5,250,29,1016.3,,,,0
1179,159,부산,2025-02-19 04:00,-2.2,,1.5,340,32,1016.2,,,,0
1180,159,부산,2025-02-19 05:00,-2.4,,2.6,340,36,1016.1,,,,0
1181,159,부산,2025-02-19 06:00,-2.9,,1.4,200,39,1016.8,,,,0
1182,159,부산,2025-02-19 07:00,-3.2,,1.9,160,41,1017.3,,,,0
1183,159,부산,2025-02-19 08:00,-2.0,,2.2,320,42,1017.9,0.8,0.18,,0
1184,159,부산,2025-02-19 09:00,0.1,,2.4,90,37,1018.1,1.0,0.89,,0
1185,159,부산,2025-02-19 10:00,1.2,,3.2,70,29,1018.1,1.0,1.65,,0
1186,159,부산,2025-02-19 11:00,1.7,,3.7,290,26,1018.3,1.0,2.29,,0
1187,159,부산,2025-02-19 12:00,3.2,,4.0,250,23,1017.4,1.0,2.71,,0
1188,159,부산,2025-02-19 13:00,4.1,,3.9,290,21,1016.5,1.0,2.9,,0
1189,159,부산,2025-02-19 14:00,5.4,,4.1,320,19,1016.0,1.0,2.81,,0
1190,159,부산,2025-02-19 15:00,5.8,,4.6,320,19,1015.9,1.0,2.47,,0
1191,159,부산,2025-02-19 16:00,6.5,,3.7,320,19,1015.7,1.0,1.91,,0
1192,159,부산,2025-02-19 17:00,6.2,,3.4,270,18,1015.9,1.0,1.17,,0
1193,159,부산,2025-02-19 18:00,4.6,,2.3,270,21,1016.1,0.8,0.38,,0
1194,159,부산,2025-02-19 19:00,3.4,,2.5,320,24,1016.7,0.0,0.0,,0
1195,159,부산,2025-02-19 20:00,2.7,,2.6,340,26,1017.4,,,,0
1196,159,부산,2025-02-19 21:00,2.2,,3.7,320,24,1017.7,,,,0
1197,159,부산,2025-02-19 22:00,1.6,,4.2,320,24,1018.4,,,,0
1198,159,부산,2025-02-19 23:00,0.7,,2.9,290,25,1018.5,,,,3
1199,159,부산,2025-02-20 00:00,0.1,,5.1,320,26,1018.7,,,,3
1200,159,부산,2025-02-20 01:00,-0.6,,4.0,340,27,1019.0,,,,6
1201,159,부산,2025-02-20 02:00,-0.9,,3.0,200,29,1019.1,,,,7
1202,159,부산,2025-02-20 03:00,-1.6,,2.9,340,31,1019.0,,,,6
1203,159,부산,2025-02-20 04:00,-2.2,,2.8,250,32,1019.2,,,,5
1204,159,부산,2025-02-20 05:00,-2.4,,3.0,50,35,1019.3,,,,6
1205,159,부산,2025-02-20 06:00,-2.6,,2.2,70,36,1019.4,,,,8
1206,159,부산,2025-02-20 07:00,-2.7,,2.9,320,36,1019.9,,,,7
1207,159,부산,2025-02-20 08:00,-2.1,,2.6,160,34,1020.1,0.6,0.2,,9
1208,159,부산,2025-02-20 09:00,-1.7,,3.7,360,31,1020.2,0.1,0.52,,8
1209,159,부산,2025-02-20 10:00,1.1,,2.4,270,25,1020.1,1.0,1.57,,1
1210,159,부산,2025-02-20 11:00,1.7,,4.5,250,22,1019.9,1.0,2.26,,0
1211,159,부산,2025-02-20 12:00,3.0,,4.9,250,21,1019.1,1.0,2.62,,0
1212,159,부산,2025-02-20 13:00,4.5,,3.0,270,18,1018.0,1.0,2.8,,0
1213,159,부산,2025-02-20 14:00,5.3,,3.1,250,17,1017.3,1.0,2.75,,0
1214,159,부산,2025-02-20 15:00,7.6,,2.6,320,17,1016.7,1.0,2.45,,0
1215,159,부산,2025-02-20 16:00,6.8,,2.7,270,17,1016.8,1.0,1.91,,0
1216,159,부산,2025-02-20 17:00,6.0,,3.3,270,17,1017.0,1.0,1.17,,0
1217,159,부산,2025-02-20 18:00,4.7,,2.7,290,18,1016.9,0.8,0.37,,1
1218,159,부산,2025-02-20 19:00,3.8,,3.1,250,22,1017.2,0.0,0.01,,0
1219,159,부산,2025-02-20 20:00,2.7,,1.8,270,31,1017.9,,,,0
1220,159,부산,2025-02-20 21:00,2.4,,2.4,320,27,1018.5,,,,3
1221,159,부산,2025-02-20 22:00,1.8,,3.6,340,27,1018.6,,,,0
1222,159,부산,2025-02-20 23:00,1.1,,4.4,340,30,1019.0,,,,3
1223,159,부산,2025-02-21 00:00,0.5,,3.1,20,36,1019.0,,,,5
1224,159,부산,2025-02-21 01:00,0.0,,3.3,320,37,1019.0,,,,6
1225,159,부산,2025-02-21 02:00,-0.4,,3.9,290,33,1018.5,,,,7
1226,159,부산,2025-02-21 03:00,-1.1,,6.5,290,31,1018.2,,,,7
1227,159,부산,2025-02-21 04:00,-1.4,,3.2,140,31,1018.6,,,,8
1228,159,부산,2025-02-21 05:00,-1.6,,3.5,160,35,1018.9,,,,8
1229,159,부산,2025-02-21 06:00,-1.9,,4.0,20,37,1019.2,,,,8
1230,159,부산,2025-02-21 07:00,-2.2,,2.6,270,40,1019.8,,,,8
1231,159,부산,2025-02-21 08:00,-1.7,,3.1,180,40,1020.5,0.2,0.16,,9
1232,159,부산,2025-02-21 09:00,-0.5,,3.9,340,34,1020.8,0.6,0.75,,7
1233,159,부산,2025-02-21 10:00,0.7,,2.8,230,32,1020.4,1.0,1.34,,5
1234,159,부산,2025-02-21 11:00,1.5,,3.9,230,29,1020.1,1.0,2.19,,6
1235,159,부산,2025-02-21 12:00,2.1,,4.3,270,26,1019.6,1.0,2.42,,8
1236,159,부산,2025-02-21 13:00,2.7,,4.6,250,24,1018.7,1.0,2.87,,5
1237,159,부산,2025-02-21 14:00,3.6,,4.3,270,23,1018.0,1.0,2.68,,6
1238,159,부산,2025-02-21 15:00,5.0,,3.8,270,20,1017.9,1.0,2.32,,2
1239,159,부산,2025-02-21 16:00,5.4,,3.6,270,21,1018.3,1.0,1.94,,3
1240,159,부산,2025-02-21 17:00,5.3,,3.6,270,20,1018.2,1.0,1.14,,1
1241,159,부산,2025-02-21 18:00,4.2,,2.8,270,21,1018.5,0.9,0.41,,0
1242,159,부산,2025-02-21 19:00,3.1,,2.4,320,23,1019.2,0.0,0.0,,0
1243,159,부산,2025-02-21 20:00,2.4,,2.2,320,23,1019.8,,,,0
1244,159,부산,2025-02-21 21:00,1.6,,2.2,360,27,1020.1,,,,0
1245,159,부산,2025-02-21 22:00,1.3,,1.9,270,28,1020.3,,,,0
1246,159,부산,2025-02-21 23:00,1.1,,2.6,270,33,1020.5,,,,0
1247,159,부산,2025-02-22 00:00,0.3,,2.8,290,39,1020.7,,,,0
1248,159,부산,2025-02-22 01:00,-0.1,,2.7,290,39,1021.3,,,,0
1249,159,부산,2025-02-22 02:00,-1.0,,2.3,340,40,1021.8,,,,0
1250,159,부산,2025-02-22 03:00,-1.1,,2.5,250,34,1021.9,,,,0
1251,159,부산,2025-02-22 04:00,-1.3,,3.6,270,37,1021.8,,,,0
1252,159,부산,2025-02-22 05:00,-1.5,,3.7,270,37,1021.4,,,,0
1253,159,부산,2025-02-22 06:00,-1.9,,3.1,270,41,1021.4,,,,0
1254,159,부산,2025-02-22 07:00,-2.5,,2.1,340,44,1022.3,,,,0
1255,159,부산,2025-02-22 08:00,-1.7,,2.7,270,43,1022.5,0.7,0.19,,0
1256,159,부산,2025-02-22 09:00,-0.7,,3.2,250,48,1023.0,1.0,0.88,,1
1257,159,부산,2025-02-22 10:00,0.4,,4.5,270,43,1022.9,1.0,1.6,,2
1258,159,부산,2025-02-22 11:00,1.4,,3.9,270,32,1022.8,1.0,2.32,,1
1259,159,부산,2025-02-22 12:00,2.4,,5.5,250,30,1022.0,1.0,2.77,,0
1260,159,부산,2025-02-22 13:00,3.5,,5.1,250,25,1021.2,1.0,2.93,,0
1261,159,부산,2025-02-22 14:00,5.4,,3.7,250,23,1020.4,1.0,2.83,,0
1262,159,부산,2025-02-22 15:00,6.4,,3.2,320,21,1020.2,1.0,2.49,,0
1263,159,부산,2025-02-22 16:00,6.9,,2.1,290,20,1020.3,1.0,1.94,,0
1264,159,부산,2025-02-22 17:00,6.4,,2.5,270,18,1020.0,1.0,1.21,,1
1265,159,부산,2025-02-22 18:00,4.4,,1.9,320,20,1019.8,0.7,0.39,,3
1266,159,부산,2025-02-22 19:00,3.2,,1.5,270,22,1020.2,0.0,0.01,,2
1267,159,부산,2025-02-22 20:00,2.5,,2.4,270,24,1020.4,,,,7
1268,159,부산,2025-02-22 21:00,2.6,,4.3,250,30,1020.9,,,,2
1269,159,부산,2025-02-22 22:00,2.1,,3.5,320,29,1021.0,,,,0
1270,159,부산,2025-02-22 23:00,1.5,,4.1,320,28,1020.9,,,,1
1271,159,부산,2025-02-23 00:00,1.1,,5.0,320,31,1020.8,,,,1
1272,159,부산,2025-02-23 01:00,0.7,,5.6,320,33,1020.5,,,,1
1273,159,부산,2025-02-23 02:00,0.0,,4.8,320,38,1020.4,,,,4
1274,159,부산,2025-02-23 03:00,-0.6,,2.1,320,40,1020.4,,,,7
1275,159,부산,2025-02-23 04:00,-0.9,,4.0,290,42,1019.9,,,,5
1276,159,부산,2025-02-23 05:00,-1.5,,3.1,110,46,1019.9,,,,4
1277,159,부산,2025-02-23 06:00,-2.0,,3.8,340,46,1020.1,,,,1
1278,159,부산,2025-02-23 07:00,-2.4,,2.9,70,43,1020.4,,,,0
1279,159,부산,2025-02-23 08:00,-1.5,,3.0,110,40,1020.4,0.7,0.22,,1
1280,159,부산,2025-02-23 09:00,0.2,,3.2,140,34,1020.6,1.0,0.97,,2
1281,159,부산,2025-02-23 10:00,1.9,,2.9,140,34,1020.3,1.0,1.75,,0
1282,159,부산,2025-02-23 11:00,3.5,,2.9,140,30,1019.8,1.0,2.4,,1
1283,159,부산,2025-02-23 12:00,3.3,,4.6,290,26,1019.2,1.0,2.82,,0
1284,159,부산,2025-02-23 13:00,3.7,,4.1,250,24,1018.2,1.0,2.99,,0
1285,159,부산,2025-02-23 14:00,5.7,,3.2,230,20,1017.2,1.0,2.87,,0
1286,159,부산,2025-02-23 15:00,5.2,,4.5,270,20,1016.8,1.0,2.53,,2
1287,159,부산,2025-02-23 16:00,3.7,,4.2,290,22,1017.1,0.9,1.84,,1
1288,159,부산,2025-02-23 17:00,3.4,,6.8,270,24,1017.2,1.0,1.23,,2
1289,159,부산,2025-02-23 18:00,1.7,,4.2,270,28,1017.8,0.7,0.34,,3
1290,159,부산,2025-02-23 19:00,0.6,,4.4,290,33,1018.5,0.0,0.01,,0
1291,159,부산,2025-02-23 20:00,-0.3,,4.1,250,34,1019.0,,,,0
1292,159,부산,2025-02-23 21:00,-0.8,,3.6,250,36,1019.1,,,,0
1293,159,부산,2025-02-23 22:00,-1.3,,4.9,270,38,1019.7,,,,0
1294,159,부산,2025-02-23 23:00,-1.9,,3.0,270,40,1019.6,,,,0
1295,159,부산,2025-02-24 00:00,-2.4,,2.9,270,39,1019.5,,,,0
1296,159,부산,2025-02-24 01:00,-2.8,,4.2,270,40,1019.6,,,,0
1297,159,부산,2025-02-24 02:00,-3.1,,4.9,270,40,1019.6,,,,0
1298,159,부산,2025-02-24 03:00,-3.6,,2.9,160,43,1019.3,,,,0
1299,159,부산,2025-02-24 04:00,-3.8,,3.0,110,44,1018.9,,,,0
1300,159,부산,2025-02-24 05:00,-3.8,,5.0,320,42,1019.3,,,,0
1301,159,부산,2025-02-24 06:00,-4.0,,6.0,340,44,1019.8,,,,0
1302,159,부산,2025-02-24 07:00,-3.9,,7.6,320,42,1020.0,,,,0
1303,159,부산,2025-02-24 08:00,-3.1,,5.5,320,39,1020.7,0.7,0.24,,0
1304,159,부산,2025-02-24 09:00,-1.5,,6.2,290,34,1021.2,1.0,1.02,,0
1305,159,부산,2025-02-24 10:00,0.8,,4.0,160,30,1021.5,1.0,1.78,,0
1306,159,부산,2025-02-24 11:00,2.1,,4.2,160,27,1021.6,1.0,2.38,,0
1307,159,부산,2025-02-24 12:00,3.2,,3.7,270,24,1021.2,1.0,2.82,,0
1308,159,부산,2025-02-24 13:00,4.1,,6.5,270,22,1020.5,1.0,2.99,,0
1309,159,부산,2025-02-24 14:00,6.1,,3.5,270,21,1019.7,1.0,2.9,,0
1310,159,부산,2025-02-24 15:00,6.5,,4.1,290,21,1019.3,1.0,2.58,,0
1311,159,부산,2025-02-24 16:00,7.2,,3.2,270,19,1019.0,1.0,2.01,,0
1312,159,부산,2025-02-24 17:00,7.7,,3.4,270,18,1018.9,1.0,1.29,,0
1313,159,부산,2025-02-24 18:00,6.2,,2.8,290,19,1019.3,0.9,0.47,,0
1314,159,부산,2025-02-24 19:00,4.9,,3.1,320,21,1020.0,0.0,0.01,,0
1315,159,부산,2025-02-24 20:00,4.2,,1.2,290,21,1020.4,,,,0
1316,159,부산,2025-02-24 21:00,3.2,,1.6,20,22,1020.8,,,,0
1317,159,부산,2025-02-24 22:00,2.5,,1.7,270,26,1021.6,,,,0
1318,159,부산,2025-02-24 23:00,1.9,,1.2,290,28,1021.3,,,,0
1319,159,부산,2025-02-25 00:00,1.4,,1.6,230,34,1021.2,,,,0
1320,159,부산,2025-02-25 01:00,1.3,,2.7,290,36,1020.8,,,,0
1321,159,부산,2025-02-25 02:00,0.6,,1.7,250,35,1021.0,,,,0
1322,159,부산,2025-02-25 03:00,0.7,,2.8,250,32,1021.0,,,,0
1323,159,부산,2025-02-25 04:00,-0.3,,3.0,290,37,1020.3,,,,0
1324,159,부산,2025-02-25 05:00,-0.8,,3.3,340,36,1019.8,,,,0
1325,159,부산,2025-02-25 06:00,-0.5,,4.2,320,34,1019.9,,,,0
1326,159,부산,2025-02-25 07:00,-0.1,,6.4,320,32,1019.8,0.0,0.0,,2
1327,159,부산,2025-02-25 08:00,0.2,,4.5,320,32,1019.8,0.5,0.2,,5
1328,159,부산,2025-02-25 09:00,1.2,,6.2,320,30,1020.2,0.8,0.81,,5
1329,159,부산,2025-02-25 10:00,3.3,,4.3,290,26,1019.8,1.0,1.76,,0
1330,159,부산,2025-02-25 11:00,6.1,,2.8,250,24,1019.4,1.0,2.4,,3
1331,159,부산,2025-02-25 12:00,8.3,,2.9,200,23,1018.2,1.0,2.8,,5
1332,159,부산,2025-02-25 13:00,7.4,,6.7,230,24,1017.1,1.0,3.11,,9
1333,159,부산,2025-02-25 14:00,9.4,,5.3,250,24,1016.2,1.0,2.56,,8
1334,159,부산,2025-02-25 15:00,7.9,,6.7,230,30,1015.3,0.6,2.05,,9
1335,159,부산,2025-02-25 16:00,8.1,,4.5,230,26,1014.9,0.2,1.08,,8
1336,159,부산,2025-02-25 17:00,7.9,,5.7,230,29,1014.7,0.1,0.55,,8
1337,159,부산,2025-02-25 18:00,7.4,,6.2,230,33,1014.5,0.0,0.17,,8
1338,159,부산,2025-02-25 19:00,7.0,,6.5,250,39,1014.8,0.0,0.01,,9
1339,159,부산,2025-02-25 20:00,6.5,,5.9,250,45,1014.9,,,,8
1340,159,부산,2025-02-25 21:00,6.2,,6.2,230,49,1015.1,,,,3
1341,159,부산,2025-02-25 22:00,6.0,,4.0,230,54,1014.9,,,,8
1342,159,부산,2025-02-25 23:00,5.6,,7.3,270,54,1014.7,,,,4
1343,159,부산,2025-02-26 00:00,5.3,,4.4,250,42,1014.6,,,,0
1344,159,부산,2025-02-26 01:00,4.5,,2.4,200,40,1014.9,,,,0
1345,159,부산,2025-02-26 02:00,4.2,,3.7,250,43,1014.9,,,,0
1346,159,부산,2025-02-26 03:00,3.9,,2.5,230,47,1014.6,,,,0
1347,159,부산,2025-02-26 04:00,3.5,,5.4,250,52,1014.2,,,,0
1348,159,부산,2025-02-26 05:00,3.4,,5.2,250,55,1014.3,,,,0
1349,159,부산,2025-02-26 06:00,3.5,,4.6,250,62,1014.5,,,,0
1350,159,부산,2025-02-26 07:00,3.5,,4.6,250,66,1015.2,0.0,0.0,,0
1351,159,부산,2025-02-26 08:00,4.1,,3.4,250,65,1015.9,0.6,0.2,,0
1352,159,부산,2025-02-26 09:00,5.7,,4.4,230,60,1016.4,1.0,0.89,,0
1353,159,부산,2025-02-26 10:00,7.4,,4.1,200,50,1016.4,1.0,1.6,,0
1354,159,부산,2025-02-26 11:00,9.3,,2.6,200,43,1016.2,1.0,2.22,,0
1355,159,부산,2025-02-26 12:00,10.1,,5.4,180,42,1015.5,1.0,2.63,,0
1356,159,부산,2025-02-26 13:00,11.2,,4.5,200,39,1014.8,1.0,2.8,,0
1357,159,부산,2025-02-26 14:00,10.4,,6.7,180,48,1013.8,1.0,2.74,,0
1358,159,부산,2025-02-26 15:00,10.1,,6.2,200,43,1013.4,1.0,2.42,,0
1359,159,부산,2025-02-26 16:00,10.7,,6.2,200,45,1013.2,1.0,1.83,,0
1360,159,부산,2025-02-26 17:00,10.2,,6.0,180,54,1012.7,1.0,1.03,,1
1361,159,부산,2025-02-26 18:00,9.2,,6.3,230,55,1012.8,0.8,0.36,,2
1362,159,부산,2025-02-26 19:00,8.7,,4.2,230,54,1013.2,0.0,0.01,,0
1363,159,부산,2025-02-26 20:00,8.3,,3.3,250,50,1013.6,,,,0
1364,159,부산,2025-02-26 21:00,7.5,,2.5,320,40,1014.1,,,,3
1365,159,부산,2025-02-26 22:00,7.3,,2.7,320,24,1014.6,,,,0
1366,159,부산,2025-02-26 23:00,6.5,,2.9,340,22,1015.2,,,,0
1367,159,부산,2025-02-27 00:00,5.3,,2.6,360,25,1015.3,,,,0
1368,159,부산,2025-02-27 01:00,5.4,,2.4,340,26,1015.4,,,,0
1369,159,부산,2025-02-27 02:00,5.0,,2.5,320,26,1015.6,,,,0
1370,159,부산,2025-02-27 03:00,4.7,,3.1,320,26,1015.4,,,,0
1371,159,부산,2025-02-27 04:00,4.0,,4.1,290,29,1014.9,,,,0
1372,159,부산,2025-02-27 05:00,4.8,,3.4,270,25,1014.7,,,,0
1373,159,부산,2025-02-27 06:00,4.4,,5.2,320,27,1015.5,,,,0
1374,159,부산,2025-02-27 07:00,3.9,,2.1,340,31,1015.8,0.0,0.0,,4
1375,159,부산,2025-02-27 08:00,4.4,,0.8,200,28,1016.6,0.0,0.17,,9
1376,159,부산,2025-02-27 09:00,7.8,,1.1,20,24,1016.6,0.3,0.7,,8
1377,159,부산,2025-02-27 10:00,10.1,,1.3,160,24,1016.1,1.0,1.35,,8
1378,159,부산,2025-02-27 11:00,12.5,,2.0,160,15,1016.4,1.0,1.96,,9
1379,159,부산,2025-02-27 12:00,11.6,,3.1,180,28,1015.9,0.3,1.62,,9
1380,159,부산,2025-02-27 13:00,12.9,,3.0,180,24,1014.8,0.8,2.07,,9
1381,159,부산,2025-02-27 14:00,11.3,,3.7,180,26,1013.7,0.3,1.63,,9
1382,159,부산,2025-02-27 15:00,10.7,,4.5,180,31,1013.2,0.1,1.3,,9
1383,159,부산,2025-02-27 16:00,11.6,,4.1,180,22,1012.9,0.4,1.29,,7
1384,159,부산,2025-02-27 17:00,11.0,,3.3,180,27,1012.5,0.7,0.91,,8
1385,159,부산,2025-02-27 18:00,10.0,,3.2,180,37,1012.8,0.5,0.44,,4
1386,159,부산,2025-02-27 19:00,8.7,,2.2,200,49,1012.7,0.0,0.02,,8
1387,159,부산,2025-02-27 20:00,8.8,,2.5,230,46,1012.9,,,,8
1388,159,부산,2025-02-27 21:00,9.4,,3.6,250,41,1013.0,,,,10
1389,159,부산,2025-02-27 22:00,9.4,,3.9,270,39,1012.6,,,,9
1390,159,부산,2025-02-27 23:00,9.4,,1.4,160,31,1011.7,,,,9
1391,159,부산,2025-02-28 00:00,9.8,0.0,3.7,270,37,1011.8,,,,10
1392,159,부산,2025-02-28 01:00,8.7,,4.6,250,48,1011.6,,,,10
1393,159,부산,2025-02-28 02:00,9.1,,3.7,250,49,1011.6,,,,9
1394,159,부산,2025-02-28 03:00,9.1,0.1,3.9,290,50,1010.7,,,,9
1395,159,부산,2025-02-28 04:00,8.9,,3.5,270,54,1010.6,,,,9
1396,159,부산,2025-02-28 05:00,8.7,,2.9,250,55,1010.7,,,,9
1397,159,부산,2025-02-28 06:00,8.4,,1.8,290,54,1010.7,,,,9
1398,159,부산,2025-02-28 07:00,8.0,,2.0,290,56,1010.8,0.0,0.0,,8
1399,159,부산,2025-02-28 08:00,8.2,,1.3,320,58,1011.4,0.0,0.11,,9
1400,159,부산,2025-02-28 09:00,9.1,,1.9,270,58,1012.2,0.0,0.3,,9
1401,159,부산,2025-02-28 10:00,10.7,,2.1,250,60,1012.0,0.0,0.78,,8
1402,159,부산,2025-02-28 11:00,12.3,,5.1,230,61,1011.7,0.9,2.06,,2
1403,159,부산,2025-02-28 12:00,13.8,,4.1,230,58,1011.4,1.0,2.68,,0
1404,159,부산,2025-02-28 13:00,14.0,,5.4,180,60,1010.9,1.0,2.84,,0
1405,159,부산,2025-02-28 14:00,14.6,,6.3,160,62,1010.4,1.0,2.79,,0
1406,159,부산,2025-02-28 15:00,14.2,,5.7,180,63,1010.7,1.0,2.42,,0
1407,159,부산,2025-02-28 16:00,13.8,,4.7,180,68,1010.3,1.0,1.89,,0
1408,159,부산,2025-02-28 17:00,12.9,,5.0,200,72,1010.6,1.0,1.16,,0
1409,159,부산,2025-02-28 18:00,11.5,,4.5,180,79,1010.8,1.0,0.41,,0
1410,159,부산,2025-02-28 19:00,11.1,,4.5,230,78,1011.4,0.0,0.02,,0
1411,159,부산,2025-02-28 20:00,10.7,,2.8,200,82,1011.6,,,,0
1412,159,부산,2025-02-28 21:00,10.4,,2.8,230,82,1011.6,,,,0
1413,159,부산,2025-02-28 22:00,10.5,,2.7,230,75,1011.7,,,,0
1414,159,부산,2025-02-28 23:00,10.8,,3.6,250,73,1011.5,,,,0
1415,159,부산,2025-03-01 00:00,10.0,,2.1,250,75,1011.4,,,,0
